basket_id,schuljahr_label,product_id,product_name,quantity,unit_price,total_price,is_mixed_order
B00001,Klasse 8,1027,Collegeblock A4 kariert (80 Blatt),3,1.79,5.37,0
B00001,Klasse 8,1044,Fineliner 10er Set Stabilo Point 88,1,7.99,7.99,0
B00001,Klasse 8,1034,Schulkompass Zirkel Staedtler,1,8.5,8.5,0
B00001,Klasse 8,1024,Schulheft A4 liniert Lineatur 21 (16 Blatt),5,0.99,4.95,0
B00001,Klasse 8,1046,Ordner A4 breit 80mm schwarz,2,3.49,6.98,0
B00002,Klasse 12,1037,Lineal 30cm Kunststoff transparent,1,1.1,1.1,0
B00002,Klasse 12,1049,Oxford Collegeblock A4 kariert (90g Papier),10,2.79,27.9,0
B00002,Klasse 12,1028,Collegeblock A4 liniert (80 Blatt),10,1.79,17.9,0
B00003,Klasse 10,1018,Tuschkasten K12 (12 Farben),1,9.95,9.95,0
B00003,Klasse 10,1046,Ordner A4 breit 80mm schwarz,2,3.49,6.98,0
B00003,Klasse 10,1059,Karteikarten A7 liniert 100 Stück,1,1.49,1.49,0
B00003,Klasse 10,1030,Geodreieck 22 cm Griff transparent,1,2.1,2.1,0
B00004,Klasse 12,1030,Geodreieck 22 cm Griff transparent,1,2.1,2.1,0
B00004,Klasse 12,1055,Kugelschreiber Grip 2011 M blau (dokumentenecht),1,4.5,4.5,0
B00005,Klasse 11,1057,Textmarker-Set Pastell 6 Farben Stabilo Boss,1,6.99,6.99,0
B00005,Klasse 11,1029,Geodreieck 16 cm transparent Aristo,1,1.2,1.2,0
B00006,Klasse 6,1031,Füllfederhalter Lamy Safari M,1,19.9,19.9,0
B00006,Klasse 6,1015,Radiergummi soft (für Bleistifte),1,0.8,0.8,0
B00006,Klasse 6,1028,Collegeblock A4 liniert (80 Blatt),5,1.79,8.95,0
B00006,Klasse 6,1027,Collegeblock A4 kariert (80 Blatt),5,1.79,8.95,0
B00006,Klasse 6,1041,Schnellhefter A4 Kunststoff gelb,3,0.5,1.5,0
B00007,Klasse 3,1017,Zeichenblock A3 (20 Blatt),1,2.49,2.49,0
B00007,Klasse 3,1038,Schnellhefter A4 Kunststoff blau,2,0.5,1.0,0
B00007,Klasse 3,1019,Borstenpinsel-Set (Größen 4/8/12),1,3.5,3.5,0
B00007,Klasse 3,1040,Schnellhefter A4 Kunststoff grün,3,0.5,1.5,0
B00007,Klasse 3,1023,Hausaufgabenheft Grundschule A5,1,1.99,1.99,0
B00007,Klasse 3,1039,Schnellhefter A4 Kunststoff rot,1,0.5,0.5,0
B00007,Klasse 3,1013,Klebestift Uhu Renature 21g,1,1.89,1.89,0
B00007,Klasse 3,1041,Schnellhefter A4 Kunststoff gelb,1,0.5,0.5,0
B00007,Klasse 3,1005,Rechenheft A4 Lineatur 7 (7x7mm Kästchen),3,0.99,2.97,0
B00008,Klasse 8,1056,Kugelschreiber Grip 2011 M schwarz,3,4.5,13.5,0
B00008,Klasse 8,1044,Fineliner 10er Set Stabilo Point 88,1,7.99,7.99,0
B00008,Klasse 8,1041,Schnellhefter A4 Kunststoff gelb,5,0.5,2.5,0
B00008,Klasse 8,1058,Haftnotizen Post-it 76x76mm gelb,1,1.99,1.99,0
B00008,Klasse 8,1043,Textmarker-Set 4 Farben Stabilo Boss,1,4.99,4.99,0
B00008,Klasse 8,1061,Tintenroller Pilot Frixion Ball 0.7 schwarz,2,3.29,6.58,0
B00008,Klasse 8,1047,Wissenschaftlicher Taschenrechner Casio fx-87DE X,1,24.99,24.99,0
B00009,Klasse 3 & 9,1013,Klebestift Uhu Renature 21g,1,1.89,1.89,1
B00009,Klasse 3 & 9,1014,Doppelanspitzer Dose Trio Grip,1,2.99,2.99,1
B00009,Klasse 3 & 9,1008,Buntstifte 12er Set dreikant (dick),1,5.49,5.49,1
B00009,Klasse 3 & 9,1016,Sammelbox A4 Karton blau,1,2.49,2.49,1
B00009,Klasse 3 & 9,1058,Haftnotizen Post-it 76x76mm gelb,1,1.99,1.99,1
B00009,Klasse 3 & 9,1028,Collegeblock A4 liniert (80 Blatt),5,1.79,8.95,1
B00009,Klasse 3 & 9,1035,Buntstifte 24er Set dreikant,1,8.99,8.99,1
B00010,Klasse 1,1014,Doppelanspitzer Dose Trio Grip,1,2.99,2.99,0
B00010,Klasse 1,1001,Schreiblernheft A4 Lineatur 1 (16 Blatt),5,0.99,4.95,0
B00010,Klasse 1,1016,Sammelbox A4 Karton blau,3,2.49,7.47,0
B00010,Klasse 1,1038,Schnellhefter A4 Kunststoff blau,5,0.5,2.5,0
B00010,Klasse 1,1019,Borstenpinsel-Set (Größen 4/8/12),1,3.5,3.5,0
B00010,Klasse 1,1012,Bastelschere rund 13cm Linkshänder,1,2.2,2.2,0
B00011,Klasse 5,1020,Haarpinsel-Set (Größen 2/6/10),1,3.99,3.99,0
B00011,Klasse 5,1029,Geodreieck 16 cm transparent Aristo,1,1.2,1.2,0
B00011,Klasse 5,1037,Lineal 30cm Kunststoff transparent,1,1.1,1.1,0
B00011,Klasse 5,1028,Collegeblock A4 liniert (80 Blatt),2,1.79,3.58,0
B00011,Klasse 5,1017,Zeichenblock A3 (20 Blatt),1,2.49,2.49,0
B00011,Klasse 5,1041,Schnellhefter A4 Kunststoff gelb,3,0.5,1.5,0
B00011,Klasse 5,1019,Borstenpinsel-Set (Größen 4/8/12),1,3.5,3.5,0
B00012,Klasse 5 & 12,1019,Borstenpinsel-Set (Größen 4/8/12),1,3.5,3.5,1
B00012,Klasse 5 & 12,1017,Zeichenblock A3 (20 Blatt),1,2.49,2.49,1
B00012,Klasse 5 & 12,1045,Ringbuch A4 schmal 25mm,3,2.99,8.97,1
B00012,Klasse 5 & 12,1039,Schnellhefter A4 Kunststoff rot,1,0.5,0.5,1
B00012,Klasse 5 & 12,1034,Schulkompass Zirkel Staedtler,1,8.5,8.5,1
B00012,Klasse 5 & 12,1024,Schulheft A4 liniert Lineatur 21 (16 Blatt),5,0.99,4.95,1
B00012,Klasse 5 & 12,1015,Radiergummi soft (für Bleistifte),1,0.8,0.8,1
B00012,Klasse 5 & 12,1046,Ordner A4 breit 80mm schwarz,1,3.49,3.49,1
B00012,Klasse 5 & 12,1054,Ringbucheinlagen A4 kariert 100 Blatt,5,2.29,11.45,1
B00012,Klasse 5 & 12,1053,Ringbucheinlagen A4 liniert 100 Blatt,10,2.29,22.9,1
B00012,Klasse 5 & 12,1049,Oxford Collegeblock A4 kariert (90g Papier),1,2.79,2.79,1
B00013,Klasse 12,1043,Textmarker-Set 4 Farben Stabilo Boss,1,4.99,4.99,0
B00013,Klasse 12,1044,Fineliner 10er Set Stabilo Point 88,1,7.99,7.99,0
B00013,Klasse 12,1058,Haftnotizen Post-it 76x76mm gelb,1,1.99,1.99,0
B00013,Klasse 12,1036,Bleistift HB Grip 2001 Faber-Castell,2,1.5,3.0,0
B00014,Klasse 7,1047,Wissenschaftlicher Taschenrechner Casio fx-87DE X,1,24.99,24.99,0
B00014,Klasse 7,1040,Schnellhefter A4 Kunststoff grün,3,0.5,1.5,0
B00014,Klasse 7,1032,Tintenpatronen blau T10 (5er Pack),1,1.8,1.8,0
B00014,Klasse 7,1045,Ringbuch A4 schmal 25mm,3,2.99,8.97,0
B00015,Klasse 6,1040,Schnellhefter A4 Kunststoff grün,1,0.5,0.5,0
B00015,Klasse 6,1025,Schulheft A4 kariert Lineatur 22 (16 Blatt),10,0.99,9.9,0
B00015,Klasse 6,1027,Collegeblock A4 kariert (80 Blatt),5,1.79,8.95,0
B00016,Klasse 7,1026,Vokabelheft A5 Lineatur 53 (32 Blatt),1,1.29,1.29,0
B00016,Klasse 7,1040,Schnellhefter A4 Kunststoff grün,5,0.5,2.5,0
B00016,Klasse 7,1038,Schnellhefter A4 Kunststoff blau,5,0.5,2.5,0
B00016,Klasse 7,1024,Schulheft A4 liniert Lineatur 21 (16 Blatt),5,0.99,4.95,0
B00016,Klasse 7,1015,Radiergummi soft (für Bleistifte),1,0.8,0.8,0
B00017,Klasse 2,1021,Knete-Unterlage Kunststoff A3,1,1.99,1.99,0
B00017,Klasse 2,1040,Schnellhefter A4 Kunststoff grün,2,0.5,1.0,0
B00017,Klasse 2,1018,Tuschkasten K12 (12 Farben),1,9.95,9.95,0
B00017,Klasse 2,1013,Klebestift Uhu Renature 21g,1,1.89,1.89,0
B00017,Klasse 2,1014,Doppelanspitzer Dose Trio Grip,1,2.99,2.99,0
B00018,Klasse 11,1059,Karteikarten A7 liniert 100 Stück,1,1.49,1.49,0
B00018,Klasse 11,1055,Kugelschreiber Grip 2011 M blau (dokumentenecht),1,4.5,4.5,0
B00018,Klasse 11,1046,Ordner A4 breit 80mm schwarz,5,3.49,17.45,0
B00018,Klasse 11,1030,Geodreieck 22 cm Griff transparent,1,2.1,2.1,0
B00018,Klasse 11,1054,Ringbucheinlagen A4 kariert 100 Blatt,1,2.29,2.29,0
B00019,Klasse 8,1028,Collegeblock A4 liniert (80 Blatt),2,1.79,3.58,0
B00019,Klasse 8,1048,Hausaufgabenheft A5 Classic,1,1.99,1.99,0
B00019,Klasse 8,1024,Schulheft A4 liniert Lineatur 21 (16 Blatt),5,0.99,4.95,0
B00019,Klasse 8,1041,Schnellhefter A4 Kunststoff gelb,3,0.5,1.5,0
B00019,Klasse 8,1061,Tintenroller Pilot Frixion Ball 0.7 schwarz,3,3.29,9.87,0
B00019,Klasse 8,1031,Füllfederhalter Lamy Safari M,1,19.9,19.9,0
B00020,Klasse 6,1031,Füllfederhalter Lamy Safari M,1,19.9,19.9,0
B00020,Klasse 6,1036,Bleistift HB Grip 2001 Faber-Castell,5,1.5,7.5,0
B00020,Klasse 6,1037,Lineal 30cm Kunststoff transparent,1,1.1,1.1,0
B00020,Klasse 6,1045,Ringbuch A4 schmal 25mm,2,2.99,5.98,0
B00020,Klasse 6,1061,Tintenroller Pilot Frixion Ball 0.7 schwarz,2,3.29,6.58,0
B00021,Klasse 2 & 8,1018,Tuschkasten K12 (12 Farben),1,9.95,9.95,1
B00021,Klasse 2 & 8,1007,Schreiblernbleistift Trio Grip (dick),2,1.99,3.98,1
B00021,Klasse 2 & 8,1011,Bastelschere rund 13cm Rechtshänder,1,2.2,2.2,1
B00021,Klasse 2 & 8,1023,Hausaufgabenheft Grundschule A5,1,1.99,1.99,1
B00021,Klasse 2 & 8,1014,Doppelanspitzer Dose Trio Grip,1,2.99,2.99,1
B00021,Klasse 2 & 8,1020,Haarpinsel-Set (Größen 2/6/10),1,3.99,3.99,1
B00021,Klasse 2 & 8,1035,Buntstifte 24er Set dreikant,1,8.99,8.99,1
B00021,Klasse 2 & 8,1028,Collegeblock A4 liniert (80 Blatt),3,1.79,5.37,1
B00021,Klasse 2 & 8,1026,Vokabelheft A5 Lineatur 53 (32 Blatt),1,1.29,1.29,1
B00021,Klasse 2 & 8,1030,Geodreieck 22 cm Griff transparent,1,2.1,2.1,1
B00022,Klasse 3,1003,Schreiblernheft A4 Lineatur 3 (16 Blatt),5,0.99,4.95,0
B00022,Klasse 3,1042,Schnellhefter A4 Kunststoff orange,5,0.5,2.5,0
B00022,Klasse 3,1016,Sammelbox A4 Karton blau,2,2.49,4.98,0
B00022,Klasse 3,1017,Zeichenblock A3 (20 Blatt),1,2.49,2.49,0
B00022,Klasse 3,1013,Klebestift Uhu Renature 21g,1,1.89,1.89,0
B00022,Klasse 3,1038,Schnellhefter A4 Kunststoff blau,2,0.5,1.0,0
B00022,Klasse 3,1002,Schreiblernheft A4 Lineatur 2 (16 Blatt),10,0.99,9.9,0
B00022,Klasse 3,1012,Bastelschere rund 13cm Linkshänder,1,2.2,2.2,0
B00023,Klasse 6,1018,Tuschkasten K12 (12 Farben),1,9.95,9.95,0
B00023,Klasse 6,1033,Tintenkiller Super Pirat (2er Pack),5,2.49,12.45,0
B00023,Klasse 6,1019,Borstenpinsel-Set (Größen 4/8/12),1,3.5,3.5,0
B00023,Klasse 6,1048,Hausaufgabenheft A5 Classic,1,1.99,1.99,0
B00023,Klasse 6,1038,Schnellhefter A4 Kunststoff blau,1,0.5,0.5,0
B00024,Klasse 5,1038,Schnellhefter A4 Kunststoff blau,3,0.5,1.5,0
B00024,Klasse 5,1025,Schulheft A4 kariert Lineatur 22 (16 Blatt),3,0.99,2.97,0
B00024,Klasse 5,1032,Tintenpatronen blau T10 (5er Pack),3,1.8,5.4,0
B00024,Klasse 5,1042,Schnellhefter A4 Kunststoff orange,2,0.5,1.0,0
B00024,Klasse 5,1027,Collegeblock A4 kariert (80 Blatt),2,1.79,3.58,0
B00024,Klasse 5,1015,Radiergummi soft (für Bleistifte),1,0.8,0.8,0
B00024,Klasse 5,1033,Tintenkiller Super Pirat (2er Pack),2,2.49,4.98,0
B00025,Klasse 6,1017,Zeichenblock A3 (20 Blatt),1,2.49,2.49,0
B00025,Klasse 6,1032,Tintenpatronen blau T10 (5er Pack),2,1.8,3.6,0
B00025,Klasse 6,1028,Collegeblock A4 liniert (80 Blatt),10,1.79,17.9,0
B00026,Klasse 12,1050,Oxford Collegeblock A4 liniert (90g Papier),1,2.79,2.79,0
B00026,Klasse 12,1058,Haftnotizen Post-it 76x76mm gelb,1,1.99,1.99,0
B00026,Klasse 12,1027,Collegeblock A4 kariert (80 Blatt),1,1.79,1.79,0
B00026,Klasse 12,1046,Ordner A4 breit 80mm schwarz,1,3.49,3.49,0
B00027,Klasse 4,1011,Bastelschere rund 13cm Rechtshänder,1,2.2,2.2,0
B00027,Klasse 4,1012,Bastelschere rund 13cm Linkshänder,1,2.2,2.2,0
B00027,Klasse 4,1036,Bleistift HB Grip 2001 Faber-Castell,2,1.5,3.0,0
B00027,Klasse 4,1018,Tuschkasten K12 (12 Farben),1,9.95,9.95,0
B00027,Klasse 4,1044,Fineliner 10er Set Stabilo Point 88,1,7.99,7.99,0
B00027,Klasse 4,1042,Schnellhefter A4 Kunststoff orange,2,0.5,1.0,0
B00027,Klasse 4,1041,Schnellhefter A4 Kunststoff gelb,2,0.5,1.0,0
B00027,Klasse 4,1023,Hausaufgabenheft Grundschule A5,1,1.99,1.99,0
B00027,Klasse 4,1022,Schreiblern-Füller Lamy ABC,1,14.5,14.5,0
B00028,Klasse 11,1036,Bleistift HB Grip 2001 Faber-Castell,2,1.5,3.0,0
B00028,Klasse 11,1029,Geodreieck 16 cm transparent Aristo,1,1.2,1.2,0
B00028,Klasse 11,1015,Radiergummi soft (für Bleistifte),1,0.8,0.8,0
B00029,Klasse 12,1028,Collegeblock A4 liniert (80 Blatt),5,1.79,8.95,0
B00029,Klasse 12,1060,Prospekthüllen A4 transparent 100er Pack,1,3.99,3.99,0
B00029,Klasse 12,1051,Grafikrechner Casio FX-CG50,1,119.0,119.0,0
B00030,Klasse 11,1049,Oxford Collegeblock A4 kariert (90g Papier),5,2.79,13.95,0
B00030,Klasse 11,1057,Textmarker-Set Pastell 6 Farben Stabilo Boss,1,6.99,6.99,0
B00030,Klasse 11,1046,Ordner A4 breit 80mm schwarz,1,3.49,3.49,0
B00030,Klasse 11,1044,Fineliner 10er Set Stabilo Point 88,1,7.99,7.99,0
B00031,Klasse 1,1009,Wachsmalkreiden 12er Set (wasservermalbar),1,6.99,6.99,0
B00031,Klasse 1,1012,Bastelschere rund 13cm Linkshänder,1,2.2,2.2,0
B00031,Klasse 1,1042,Schnellhefter A4 Kunststoff orange,2,0.5,1.0,0
B00031,Klasse 1,1015,Radiergummi soft (für Bleistifte),1,0.8,0.8,0
B00031,Klasse 1,1040,Schnellhefter A4 Kunststoff grün,2,0.5,1.0,0
B00031,Klasse 1,1023,Hausaufgabenheft Grundschule A5,1,1.99,1.99,0
B00031,Klasse 1,1010,Knetmasse 10 Farben,1,3.49,3.49,0
B00031,Klasse 1,1011,Bastelschere rund 13cm Rechtshänder,1,2.2,2.2,0
B00032,Klasse 4,1038,Schnellhefter A4 Kunststoff blau,2,0.5,1.0,0
B00032,Klasse 4,1028,Collegeblock A4 liniert (80 Blatt),2,1.79,3.58,0
B00032,Klasse 4,1012,Bastelschere rund 13cm Linkshänder,1,2.2,2.2,0
B00032,Klasse 4,1045,Ringbuch A4 schmal 25mm,2,2.99,5.98,0
B00033,Klasse 4,1019,Borstenpinsel-Set (Größen 4/8/12),1,3.5,3.5,0
B00033,Klasse 4,1031,Füllfederhalter Lamy Safari M,1,19.9,19.9,0
B00033,Klasse 4,1042,Schnellhefter A4 Kunststoff orange,1,0.5,0.5,0
B00033,Klasse 4,1016,Sammelbox A4 Karton blau,2,2.49,4.98,0
B00034,Klasse 9,1057,Textmarker-Set Pastell 6 Farben Stabilo Boss,1,6.99,6.99,0
B00034,Klasse 9,1046,Ordner A4 breit 80mm schwarz,1,3.49,3.49,0
B00034,Klasse 9,1059,Karteikarten A7 liniert 100 Stück,1,1.49,1.49,0
B00035,Klasse 12,1043,Textmarker-Set 4 Farben Stabilo Boss,1,4.99,4.99,0
B00035,Klasse 12,1050,Oxford Collegeblock A4 liniert (90g Papier),5,2.79,13.95,0
B00035,Klasse 12,1015,Radiergummi soft (für Bleistifte),1,0.8,0.8,0
B00035,Klasse 12,1056,Kugelschreiber Grip 2011 M schwarz,2,4.5,9.0,0
B00036,Klasse 4,1042,Schnellhefter A4 Kunststoff orange,1,0.5,0.5,0
B00036,Klasse 4,1013,Klebestift Uhu Renature 21g,1,1.89,1.89,0
B00036,Klasse 4,1004,Schulheft A4 Lineatur 4 (16 Blatt),5,0.99,4.95,0
B00036,Klasse 4,1003,Schreiblernheft A4 Lineatur 3 (16 Blatt),3,0.99,2.97,0
B00036,Klasse 4,1036,Bleistift HB Grip 2001 Faber-Castell,2,1.5,3.0,0
B00036,Klasse 4,1015,Radiergummi soft (für Bleistifte),1,0.8,0.8,0
B00037,Klasse 4,1023,Hausaufgabenheft Grundschule A5,1,1.99,1.99,0
B00037,Klasse 4,1037,Lineal 30cm Kunststoff transparent,1,1.1,1.1,0
B00037,Klasse 4,1048,Hausaufgabenheft A5 Classic,1,1.99,1.99,0
B00037,Klasse 4,1038,Schnellhefter A4 Kunststoff blau,5,0.5,2.5,0
B00037,Klasse 4,1019,Borstenpinsel-Set (Größen 4/8/12),1,3.5,3.5,0
B00037,Klasse 4,1042,Schnellhefter A4 Kunststoff orange,2,0.5,1.0,0
B00037,Klasse 4,1015,Radiergummi soft (für Bleistifte),1,0.8,0.8,0
B00038,Klasse 2,1023,Hausaufgabenheft Grundschule A5,1,1.99,1.99,0
B00038,Klasse 2,1002,Schreiblernheft A4 Lineatur 2 (16 Blatt),3,0.99,2.97,0
B00038,Klasse 2,1013,Klebestift Uhu Renature 21g,1,1.89,1.89,0
B00038,Klasse 2,1014,Doppelanspitzer Dose Trio Grip,1,2.99,2.99,0
B00038,Klasse 2,1016,Sammelbox A4 Karton blau,2,2.49,4.98,0
B00039,Klasse 4,1032,Tintenpatronen blau T10 (5er Pack),1,1.8,1.8,0
B00039,Klasse 4,1014,Doppelanspitzer Dose Trio Grip,1,2.99,2.99,0
B00039,Klasse 4,1033,Tintenkiller Super Pirat (2er Pack),3,2.49,7.47,0
B00039,Klasse 4,1038,Schnellhefter A4 Kunststoff blau,5,0.5,2.5,0
B00039,Klasse 4,1023,Hausaufgabenheft Grundschule A5,1,1.99,1.99,0
B00039,Klasse 4,1006,Rechenheft A4 Lineatur 8 (5x5mm Kästchen),2,0.99,1.98,0
B00039,Klasse 4,1041,Schnellhefter A4 Kunststoff gelb,2,0.5,1.0,0
B00040,Klasse 8,1017,Zeichenblock A3 (20 Blatt),1,2.49,2.49,0
B00040,Klasse 8,1026,Vokabelheft A5 Lineatur 53 (32 Blatt),5,1.29,6.45,0
B00040,Klasse 8,1020,Haarpinsel-Set (Größen 2/6/10),1,3.99,3.99,0
B00041,Klasse 1,1040,Schnellhefter A4 Kunststoff grün,3,0.5,1.5,0
B00041,Klasse 1,1019,Borstenpinsel-Set (Größen 4/8/12),1,3.5,3.5,0
B00041,Klasse 1,1020,Haarpinsel-Set (Größen 2/6/10),1,3.99,3.99,0
B00041,Klasse 1,1023,Hausaufgabenheft Grundschule A5,1,1.99,1.99,0
B00041,Klasse 1,1016,Sammelbox A4 Karton blau,2,2.49,4.98,0
B00041,Klasse 1,1017,Zeichenblock A3 (20 Blatt),1,2.49,2.49,0
B00041,Klasse 1,1005,Rechenheft A4 Lineatur 7 (7x7mm Kästchen),3,0.99,2.97,0
B00041,Klasse 1,1041,Schnellhefter A4 Kunststoff gelb,2,0.5,1.0,0
B00042,Klasse 2,1014,Doppelanspitzer Dose Trio Grip,1,2.99,2.99,0
B00042,Klasse 2,1017,Zeichenblock A3 (20 Blatt),1,2.49,2.49,0
B00042,Klasse 2,1023,Hausaufgabenheft Grundschule A5,1,1.99,1.99,0
B00042,Klasse 2,1015,Radiergummi soft (für Bleistifte),1,0.8,0.8,0
B00042,Klasse 2,1021,Knete-Unterlage Kunststoff A3,1,1.99,1.99,0
B00043,Klasse 2,1008,Buntstifte 12er Set dreikant (dick),1,5.49,5.49,0
B00043,Klasse 2,1013,Klebestift Uhu Renature 21g,1,1.89,1.89,0
B00043,Klasse 2,1018,Tuschkasten K12 (12 Farben),1,9.95,9.95,0
B00043,Klasse 2,1005,Rechenheft A4 Lineatur 7 (7x7mm Kästchen),2,0.99,1.98,0
B00043,Klasse 2,1040,Schnellhefter A4 Kunststoff grün,3,0.5,1.5,0
B00043,Klasse 2,1020,Haarpinsel-Set (Größen 2/6/10),1,3.99,3.99,0
B00043,Klasse 2,1022,Schreiblern-Füller Lamy ABC,1,14.5,14.5,0
B00044,Klasse 9,1054,Ringbucheinlagen A4 kariert 100 Blatt,2,2.29,4.58,0
B00044,Klasse 9,1060,Prospekthüllen A4 transparent 100er Pack,1,3.99,3.99,0
B00044,Klasse 9,1042,Schnellhefter A4 Kunststoff orange,1,0.5,0.5,0
B00044,Klasse 9,1026,Vokabelheft A5 Lineatur 53 (32 Blatt),5,1.29,6.45,0
B00044,Klasse 9,1059,Karteikarten A7 liniert 100 Stück,1,1.49,1.49,0
B00045,Klasse 4,1014,Doppelanspitzer Dose Trio Grip,1,2.99,2.99,0
B00045,Klasse 4,1015,Radiergummi soft (für Bleistifte),1,0.8,0.8,0
B00045,Klasse 4,1041,Schnellhefter A4 Kunststoff gelb,1,0.5,0.5,0
B00045,Klasse 4,1033,Tintenkiller Super Pirat (2er Pack),3,2.49,7.47,0
B00045,Klasse 4,1037,Lineal 30cm Kunststoff transparent,1,1.1,1.1,0
B00046,Klasse 11,1015,Radiergummi soft (für Bleistifte),1,0.8,0.8,0
B00046,Klasse 11,1044,Fineliner 10er Set Stabilo Point 88,1,7.99,7.99,0
B00047,Klasse 1 & 9,1009,Wachsmalkreiden 12er Set (wasservermalbar),1,6.99,6.99,1
B00047,Klasse 1 & 9,1011,Bastelschere rund 13cm Rechtshänder,1,2.2,2.2,1
B00047,Klasse 1 & 9,1015,Radiergummi soft (für Bleistifte),1,0.8,0.8,1
B00047,Klasse 1 & 9,1023,Hausaufgabenheft Grundschule A5,1,1.99,1.99,1
B00047,Klasse 1 & 9,1038,Schnellhefter A4 Kunststoff blau,5,0.5,2.5,1
B00047,Klasse 1 & 9,1018,Tuschkasten K12 (12 Farben),1,9.95,9.95,1
B00047,Klasse 1 & 9,1017,Zeichenblock A3 (20 Blatt),1,2.49,2.49,1
B00047,Klasse 1 & 9,1005,Rechenheft A4 Lineatur 7 (7x7mm Kästchen),5,0.99,4.95,1
B00047,Klasse 1 & 9,1041,Schnellhefter A4 Kunststoff gelb,2,0.5,1.0,1
B00047,Klasse 1 & 9,1060,Prospekthüllen A4 transparent 100er Pack,1,3.99,3.99,1
B00047,Klasse 1 & 9,1046,Ordner A4 breit 80mm schwarz,2,3.49,6.98,1
B00048,Klasse 1,1017,Zeichenblock A3 (20 Blatt),1,2.49,2.49,0
B00048,Klasse 1,1042,Schnellhefter A4 Kunststoff orange,3,0.5,1.5,0
B00048,Klasse 1,1008,Buntstifte 12er Set dreikant (dick),1,5.49,5.49,0
B00048,Klasse 1,1049,Oxford Collegeblock A4 kariert (90g Papier),5,2.79,13.95,0
B00049,Klasse 11,1045,Ringbuch A4 schmal 25mm,2,2.99,5.98,0
B00049,Klasse 11,1060,Prospekthüllen A4 transparent 100er Pack,1,3.99,3.99,0
B00049,Klasse 11,1057,Textmarker-Set Pastell 6 Farben Stabilo Boss,1,6.99,6.99,0
B00050,Klasse 11,1057,Textmarker-Set Pastell 6 Farben Stabilo Boss,1,6.99,6.99,0
B00050,Klasse 11,1049,Oxford Collegeblock A4 kariert (90g Papier),3,2.79,8.37,0
B00050,Klasse 11,1029,Geodreieck 16 cm transparent Aristo,1,1.2,1.2,0
B00051,Klasse 4,1042,Schnellhefter A4 Kunststoff orange,2,0.5,1.0,0
B00051,Klasse 4,1014,Doppelanspitzer Dose Trio Grip,1,2.99,2.99,0
B00051,Klasse 4,1019,Borstenpinsel-Set (Größen 4/8/12),1,3.5,3.5,0
B00051,Klasse 4,1006,Rechenheft A4 Lineatur 8 (5x5mm Kästchen),2,0.99,1.98,0
B00051,Klasse 4,1040,Schnellhefter A4 Kunststoff grün,3,0.5,1.5,0
B00051,Klasse 4,1018,Tuschkasten K12 (12 Farben),1,9.95,9.95,0
B00051,Klasse 4,1015,Radiergummi soft (für Bleistifte),1,0.8,0.8,0
B00052,Klasse 12,1036,Bleistift HB Grip 2001 Faber-Castell,1,1.5,1.5,0
B00052,Klasse 12,1046,Ordner A4 breit 80mm schwarz,2,3.49,6.98,0
B00052,Klasse 12,1015,Radiergummi soft (für Bleistifte),1,0.8,0.8,0
B00052,Klasse 12,1028,Collegeblock A4 liniert (80 Blatt),5,1.79,8.95,0
B00053,Klasse 11,1009,Wachsmalkreiden 12er Set (wasservermalbar),1,6.99,6.99,0
B00053,Klasse 11,1036,Bleistift HB Grip 2001 Faber-Castell,5,1.5,7.5,0
B00053,Klasse 11,1043,Textmarker-Set 4 Farben Stabilo Boss,1,4.99,4.99,0
B00053,Klasse 11,1015,Radiergummi soft (für Bleistifte),1,0.8,0.8,0
B00054,Klasse 5 & 10,1060,Prospekthüllen A4 transparent 100er Pack,1,3.99,3.99,1
B00054,Klasse 5 & 10,1020,Haarpinsel-Set (Größen 2/6/10),1,3.99,3.99,1
B00054,Klasse 5 & 10,1044,Fineliner 10er Set Stabilo Point 88,1,7.99,7.99,1
B00054,Klasse 5 & 10,1036,Bleistift HB Grip 2001 Faber-Castell,2,1.5,3.0,1
B00054,Klasse 5 & 10,1031,Füllfederhalter Lamy Safari M,1,19.9,19.9,1
B00054,Klasse 5 & 10,1046,Ordner A4 breit 80mm schwarz,3,3.49,10.47,1
B00054,Klasse 5 & 10,1015,Radiergummi soft (für Bleistifte),1,0.8,0.8,1
B00054,Klasse 5 & 10,1052,Formelsammlung Mathematik/Physik/Chemie Duden,1,12.99,12.99,1
B00054,Klasse 5 & 10,1041,Schnellhefter A4 Kunststoff gelb,2,0.5,1.0,1
B00054,Klasse 5 & 10,1028,Collegeblock A4 liniert (80 Blatt),3,1.79,5.37,1
B00054,Klasse 5 & 10,1030,Geodreieck 22 cm Griff transparent,1,2.1,2.1,1
B00054,Klasse 5 & 10,1054,Ringbucheinlagen A4 kariert 100 Blatt,3,2.29,6.87,1
B00055,Klasse 1,1001,Schreiblernheft A4 Lineatur 1 (16 Blatt),5,0.99,4.95,0
B00055,Klasse 1,1022,Schreiblern-Füller Lamy ABC,1,14.5,14.5,0
B00055,Klasse 1,1019,Borstenpinsel-Set (Größen 4/8/12),1,3.5,3.5,0
B00055,Klasse 1,1020,Haarpinsel-Set (Größen 2/6/10),1,3.99,3.99,0
B00055,Klasse 1,1014,Doppelanspitzer Dose Trio Grip,1,2.99,2.99,0
B00055,Klasse 1,1021,Knete-Unterlage Kunststoff A3,1,1.99,1.99,0
B00055,Klasse 1,1015,Radiergummi soft (für Bleistifte),1,0.8,0.8,0
B00055,Klasse 1,1013,Klebestift Uhu Renature 21g,1,1.89,1.89,0
B00056,Klasse 11,1056,Kugelschreiber Grip 2011 M schwarz,2,4.5,9.0,0
B00056,Klasse 11,1061,Tintenroller Pilot Frixion Ball 0.7 schwarz,3,3.29,9.87,0
B00056,Klasse 11,1029,Geodreieck 16 cm transparent Aristo,1,1.2,1.2,0
B00057,Klasse 10 & 11,1046,Ordner A4 breit 80mm schwarz,1,3.49,3.49,1
B00057,Klasse 10 & 11,1036,Bleistift HB Grip 2001 Faber-Castell,2,1.5,3.0,1
B00057,Klasse 10 & 11,1015,Radiergummi soft (für Bleistifte),1,0.8,0.8,1
B00057,Klasse 10 & 11,1061,Tintenroller Pilot Frixion Ball 0.7 schwarz,2,3.29,6.58,1
B00057,Klasse 10 & 11,1030,Geodreieck 22 cm Griff transparent,1,2.1,2.1,1
B00058,Klasse 1,1007,Schreiblernbleistift Trio Grip (dick),2,1.99,3.98,0
B00058,Klasse 1,1010,Knetmasse 10 Farben,1,3.49,3.49,0
B00058,Klasse 1,1023,Hausaufgabenheft Grundschule A5,1,1.99,1.99,0
B00058,Klasse 1,1013,Klebestift Uhu Renature 21g,1,1.89,1.89,0
B00058,Klasse 1,1016,Sammelbox A4 Karton blau,2,2.49,4.98,0
B00058,Klasse 1,1005,Rechenheft A4 Lineatur 7 (7x7mm Kästchen),2,0.99,1.98,0
B00058,Klasse 1,1014,Doppelanspitzer Dose Trio Grip,1,2.99,2.99,0
B00059,Klasse 4,1036,Bleistift HB Grip 2001 Faber-Castell,2,1.5,3.0,0
B00059,Klasse 4,1040,Schnellhefter A4 Kunststoff grün,3,0.5,1.5,0
B00059,Klasse 4,1014,Doppelanspitzer Dose Trio Grip,1,2.99,2.99,0
B00059,Klasse 4,1006,Rechenheft A4 Lineatur 8 (5x5mm Kästchen),3,0.99,2.97,0
B00060,Klasse 4,1040,Schnellhefter A4 Kunststoff grün,2,0.5,1.0,0
B00060,Klasse 4,1016,Sammelbox A4 Karton blau,3,2.49,7.47,0
B00060,Klasse 4,1023,Hausaufgabenheft Grundschule A5,1,1.99,1.99,0
B00060,Klasse 4,1031,Füllfederhalter Lamy Safari M,1,19.9,19.9,0
B00060,Klasse 4,1017,Zeichenblock A3 (20 Blatt),1,2.49,2.49,0
B00060,Klasse 4,1006,Rechenheft A4 Lineatur 8 (5x5mm Kästchen),2,0.99,1.98,0
B00060,Klasse 4,1036,Bleistift HB Grip 2001 Faber-Castell,5,1.5,7.5,0
B00061,Klasse 4,1031,Füllfederhalter Lamy Safari M,1,19.9,19.9,0
B00061,Klasse 4,1016,Sammelbox A4 Karton blau,3,2.49,7.47,0
B00061,Klasse 4,1014,Doppelanspitzer Dose Trio Grip,1,2.99,2.99,0
B00061,Klasse 4,1038,Schnellhefter A4 Kunststoff blau,1,0.5,0.5,0
B00061,Klasse 4,1008,Buntstifte 12er Set dreikant (dick),1,5.49,5.49,0
B00061,Klasse 4,1032,Tintenpatronen blau T10 (5er Pack),2,1.8,3.6,0
B00061,Klasse 4,1019,Borstenpinsel-Set (Größen 4/8/12),1,3.5,3.5,0
B00062,Klasse 7 & 10,1038,Schnellhefter A4 Kunststoff blau,5,0.5,2.5,1
B00062,Klasse 7 & 10,1042,Schnellhefter A4 Kunststoff orange,3,0.5,1.5,1
B00062,Klasse 7 & 10,1061,Tintenroller Pilot Frixion Ball 0.7 schwarz,2,3.29,6.58,1
B00062,Klasse 7 & 10,1037,Lineal 30cm Kunststoff transparent,1,1.1,1.1,1
B00062,Klasse 7 & 10,1059,Karteikarten A7 liniert 100 Stück,1,1.49,1.49,1
B00062,Klasse 7 & 10,1030,Geodreieck 22 cm Griff transparent,1,2.1,2.1,1
B00062,Klasse 7 & 10,1024,Schulheft A4 liniert Lineatur 21 (16 Blatt),3,0.99,2.97,1
B00062,Klasse 7 & 10,1045,Ringbuch A4 schmal 25mm,5,2.99,14.95,1
B00062,Klasse 7 & 10,1044,Fineliner 10er Set Stabilo Point 88,1,7.99,7.99,1
B00062,Klasse 7 & 10,1051,Grafikrechner Casio FX-CG50,1,119.0,119.0,1
B00062,Klasse 7 & 10,1055,Kugelschreiber Grip 2011 M blau (dokumentenecht),2,4.5,9.0,1
B00063,Klasse 8 & 11,1029,Geodreieck 16 cm transparent Aristo,1,1.2,1.2,1
B00063,Klasse 8 & 11,1056,Kugelschreiber Grip 2011 M schwarz,2,4.5,9.0,1
B00063,Klasse 8 & 11,1043,Textmarker-Set 4 Farben Stabilo Boss,1,4.99,4.99,1
B00063,Klasse 8 & 11,1030,Geodreieck 22 cm Griff transparent,1,2.1,2.1,1
B00063,Klasse 8 & 11,1027,Collegeblock A4 kariert (80 Blatt),10,1.79,17.9,1
B00063,Klasse 8 & 11,1036,Bleistift HB Grip 2001 Faber-Castell,2,1.5,3.0,1
B00063,Klasse 8 & 11,1057,Textmarker-Set Pastell 6 Farben Stabilo Boss,1,6.99,6.99,1
B00063,Klasse 8 & 11,1058,Haftnotizen Post-it 76x76mm gelb,1,1.99,1.99,1
B00063,Klasse 8 & 11,1054,Ringbucheinlagen A4 kariert 100 Blatt,3,2.29,6.87,1
B00064,Klasse 5 & 6,1035,Buntstifte 24er Set dreikant,1,8.99,8.99,1
B00064,Klasse 5 & 6,1032,Tintenpatronen blau T10 (5er Pack),3,1.8,5.4,1
B00064,Klasse 5 & 6,1045,Ringbuch A4 schmal 25mm,2,2.99,5.98,1
B00064,Klasse 5 & 6,1018,Tuschkasten K12 (12 Farben),1,9.95,9.95,1
B00064,Klasse 5 & 6,1042,Schnellhefter A4 Kunststoff orange,3,0.5,1.5,1
B00064,Klasse 5 & 6,1013,Klebestift Uhu Renature 21g,1,1.89,1.89,1
B00064,Klasse 5 & 6,1044,Fineliner 10er Set Stabilo Point 88,1,7.99,7.99,1
B00064,Klasse 5 & 6,1017,Zeichenblock A3 (20 Blatt),1,2.49,2.49,1
B00064,Klasse 5 & 6,1029,Geodreieck 16 cm transparent Aristo,1,1.2,1.2,1
B00064,Klasse 5 & 6,1020,Haarpinsel-Set (Größen 2/6/10),1,3.99,3.99,1
B00064,Klasse 5 & 6,1046,Ordner A4 breit 80mm schwarz,3,3.49,10.47,1
B00065,Klasse 5,1041,Schnellhefter A4 Kunststoff gelb,2,0.5,1.0,0
B00065,Klasse 5,1028,Collegeblock A4 liniert (80 Blatt),3,1.79,5.37,0
B00065,Klasse 5,1036,Bleistift HB Grip 2001 Faber-Castell,2,1.5,3.0,0
B00065,Klasse 5,1025,Schulheft A4 kariert Lineatur 22 (16 Blatt),3,0.99,2.97,0
B00066,Klasse 12,1027,Collegeblock A4 kariert (80 Blatt),3,1.79,5.37,0
B00066,Klasse 12,1061,Tintenroller Pilot Frixion Ball 0.7 schwarz,2,3.29,6.58,0
B00066,Klasse 12,1058,Haftnotizen Post-it 76x76mm gelb,1,1.99,1.99,0
B00066,Klasse 12,1015,Radiergummi soft (für Bleistifte),1,0.8,0.8,0
B00067,Klasse 8,1036,Bleistift HB Grip 2001 Faber-Castell,1,1.5,1.5,0
B00067,Klasse 8,1015,Radiergummi soft (für Bleistifte),1,0.8,0.8,0
B00067,Klasse 8,1040,Schnellhefter A4 Kunststoff grün,1,0.5,0.5,0
B00068,Klasse 4,1038,Schnellhefter A4 Kunststoff blau,2,0.5,1.0,0
B00068,Klasse 4,1040,Schnellhefter A4 Kunststoff grün,2,0.5,1.0,0
B00068,Klasse 4,1015,Radiergummi soft (für Bleistifte),1,0.8,0.8,0
B00068,Klasse 4,1004,Schulheft A4 Lineatur 4 (16 Blatt),3,0.99,2.97,0
B00068,Klasse 4,1023,Hausaufgabenheft Grundschule A5,1,1.99,1.99,0
B00068,Klasse 4,1032,Tintenpatronen blau T10 (5er Pack),2,1.8,3.6,0
B00068,Klasse 4,1041,Schnellhefter A4 Kunststoff gelb,2,0.5,1.0,0
B00069,Klasse 7,1047,Wissenschaftlicher Taschenrechner Casio fx-87DE X,1,24.99,24.99,0
B00069,Klasse 7,1024,Schulheft A4 liniert Lineatur 21 (16 Blatt),5,0.99,4.95,0
B00069,Klasse 7,1042,Schnellhefter A4 Kunststoff orange,3,0.5,1.5,0
B00069,Klasse 7,1019,Borstenpinsel-Set (Größen 4/8/12),1,3.5,3.5,0
B00069,Klasse 7,1061,Tintenroller Pilot Frixion Ball 0.7 schwarz,1,3.29,3.29,0
B00070,Klasse 2 & 4,1023,Hausaufgabenheft Grundschule A5,1,1.99,1.99,1
B00070,Klasse 2 & 4,1020,Haarpinsel-Set (Größen 2/6/10),1,3.99,3.99,1
B00070,Klasse 2 & 4,1004,Schulheft A4 Lineatur 4 (16 Blatt),2,0.99,1.98,1
B00070,Klasse 2 & 4,1036,Bleistift HB Grip 2001 Faber-Castell,2,1.5,3.0,1
B00070,Klasse 2 & 4,1014,Doppelanspitzer Dose Trio Grip,1,2.99,2.99,1
B00070,Klasse 2 & 4,1008,Buntstifte 12er Set dreikant (dick),1,5.49,5.49,1
B00070,Klasse 2 & 4,1041,Schnellhefter A4 Kunststoff gelb,3,0.5,1.5,1
B00070,Klasse 2 & 4,1003,Schreiblernheft A4 Lineatur 3 (16 Blatt),3,0.99,2.97,1
B00070,Klasse 2 & 4,1005,Rechenheft A4 Lineatur 7 (7x7mm Kästchen),3,0.99,2.97,1
B00070,Klasse 2 & 4,1017,Zeichenblock A3 (20 Blatt),1,2.49,2.49,1
B00070,Klasse 2 & 4,1011,Bastelschere rund 13cm Rechtshänder,1,2.2,2.2,1
B00070,Klasse 2 & 4,1007,Schreiblernbleistift Trio Grip (dick),3,1.99,5.97,1
B00070,Klasse 2 & 4,1042,Schnellhefter A4 Kunststoff orange,3,0.5,1.5,1
B00071,Klasse 4,1020,Haarpinsel-Set (Größen 2/6/10),1,3.99,3.99,0
B00071,Klasse 4,1032,Tintenpatronen blau T10 (5er Pack),1,1.8,1.8,0
B00071,Klasse 4,1013,Klebestift Uhu Renature 21g,1,1.89,1.89,0
B00071,Klasse 4,1008,Buntstifte 12er Set dreikant (dick),1,5.49,5.49,0
B00071,Klasse 4,1031,Füllfederhalter Lamy Safari M,1,19.9,19.9,0
B00071,Klasse 4,1041,Schnellhefter A4 Kunststoff gelb,3,0.5,1.5,0
B00071,Klasse 4,1014,Doppelanspitzer Dose Trio Grip,1,2.99,2.99,0
B00071,Klasse 4,1044,Fineliner 10er Set Stabilo Point 88,1,7.99,7.99,0
B00072,Klasse 4,1044,Fineliner 10er Set Stabilo Point 88,1,7.99,7.99,0
B00072,Klasse 4,1012,Bastelschere rund 13cm Linkshänder,1,2.2,2.2,0
B00072,Klasse 4,1006,Rechenheft A4 Lineatur 8 (5x5mm Kästchen),3,0.99,2.97,0
B00072,Klasse 4,1032,Tintenpatronen blau T10 (5er Pack),3,1.8,5.4,0
B00072,Klasse 4,1015,Radiergummi soft (für Bleistifte),1,0.8,0.8,0
B00072,Klasse 4,1042,Schnellhefter A4 Kunststoff orange,2,0.5,1.0,0
B00072,Klasse 4,1031,Füllfederhalter Lamy Safari M,1,19.9,19.9,0
B00072,Klasse 4,1014,Doppelanspitzer Dose Trio Grip,1,2.99,2.99,0
B00072,Klasse 4,1004,Schulheft A4 Lineatur 4 (16 Blatt),5,0.99,4.95,0
B00073,Klasse 2,1013,Klebestift Uhu Renature 21g,1,1.89,1.89,0
B00073,Klasse 2,1039,Schnellhefter A4 Kunststoff rot,3,0.5,1.5,0
B00073,Klasse 2,1023,Hausaufgabenheft Grundschule A5,1,1.99,1.99,0
B00073,Klasse 2,1022,Schreiblern-Füller Lamy ABC,1,14.5,14.5,0
B00073,Klasse 2,1005,Rechenheft A4 Lineatur 7 (7x7mm Kästchen),2,0.99,1.98,0
B00073,Klasse 2,1012,Bastelschere rund 13cm Linkshänder,1,2.2,2.2,0
B00073,Klasse 2,1020,Haarpinsel-Set (Größen 2/6/10),1,3.99,3.99,0
B00073,Klasse 2,1016,Sammelbox A4 Karton blau,2,2.49,4.98,0
B00074,Klasse 2,1007,Schreiblernbleistift Trio Grip (dick),1,1.99,1.99,0
B00074,Klasse 2,1012,Bastelschere rund 13cm Linkshänder,1,2.2,2.2,0
B00074,Klasse 2,1014,Doppelanspitzer Dose Trio Grip,1,2.99,2.99,0
B00074,Klasse 2,1022,Schreiblern-Füller Lamy ABC,1,14.5,14.5,0
B00074,Klasse 2,1018,Tuschkasten K12 (12 Farben),1,9.95,9.95,0
B00074,Klasse 2,1013,Klebestift Uhu Renature 21g,1,1.89,1.89,0
B00074,Klasse 2,1042,Schnellhefter A4 Kunststoff orange,1,0.5,0.5,0
B00074,Klasse 2,1020,Haarpinsel-Set (Größen 2/6/10),1,3.99,3.99,0
B00075,Klasse 1,1013,Klebestift Uhu Renature 21g,1,1.89,1.89,0
B00075,Klasse 1,1042,Schnellhefter A4 Kunststoff orange,3,0.5,1.5,0
B00075,Klasse 1,1017,Zeichenblock A3 (20 Blatt),1,2.49,2.49,0
B00075,Klasse 1,1040,Schnellhefter A4 Kunststoff grün,2,0.5,1.0,0
B00075,Klasse 1,1020,Haarpinsel-Set (Größen 2/6/10),1,3.99,3.99,0
B00075,Klasse 1,1001,Schreiblernheft A4 Lineatur 1 (16 Blatt),5,0.99,4.95,0
B00076,Klasse 7 & 8,1041,Schnellhefter A4 Kunststoff gelb,5,0.5,2.5,1
B00076,Klasse 7 & 8,1020,Haarpinsel-Set (Größen 2/6/10),1,3.99,3.99,1
B00076,Klasse 7 & 8,1040,Schnellhefter A4 Kunststoff grün,2,0.5,1.0,1
B00076,Klasse 7 & 8,1019,Borstenpinsel-Set (Größen 4/8/12),1,3.5,3.5,1
B00076,Klasse 7 & 8,1030,Geodreieck 22 cm Griff transparent,1,2.1,2.1,1
B00076,Klasse 7 & 8,1060,Prospekthüllen A4 transparent 100er Pack,1,3.99,3.99,1
B00076,Klasse 7 & 8,1035,Buntstifte 24er Set dreikant,1,8.99,8.99,1
B00076,Klasse 7 & 8,1043,Textmarker-Set 4 Farben Stabilo Boss,1,4.99,4.99,1
B00076,Klasse 7 & 8,1034,Schulkompass Zirkel Staedtler,1,8.5,8.5,1
B00077,Klasse 4,1018,Tuschkasten K12 (12 Farben),1,9.95,9.95,0
B00077,Klasse 4,1017,Zeichenblock A3 (20 Blatt),1,2.49,2.49,0
B00077,Klasse 4,1027,Collegeblock A4 kariert (80 Blatt),2,1.79,3.58,0
B00077,Klasse 4,1020,Haarpinsel-Set (Größen 2/6/10),1,3.99,3.99,0
B00077,Klasse 4,1016,Sammelbox A4 Karton blau,3,2.49,7.47,0
B00077,Klasse 4,1031,Füllfederhalter Lamy Safari M,1,19.9,19.9,0
B00078,Klasse 3,1007,Schreiblernbleistift Trio Grip (dick),3,1.99,5.97,0
B00078,Klasse 3,1041,Schnellhefter A4 Kunststoff gelb,3,0.5,1.5,0
B00078,Klasse 3,1012,Bastelschere rund 13cm Linkshänder,1,2.2,2.2,0
B00078,Klasse 3,1015,Radiergummi soft (für Bleistifte),1,0.8,0.8,0
B00079,Klasse 11,1027,Collegeblock A4 kariert (80 Blatt),3,1.79,5.37,0
B00079,Klasse 11,1053,Ringbucheinlagen A4 liniert 100 Blatt,10,2.29,22.9,0
B00079,Klasse 11,1050,Oxford Collegeblock A4 liniert (90g Papier),3,2.79,8.37,0
B00080,Klasse 2,1020,Haarpinsel-Set (Größen 2/6/10),1,3.99,3.99,0
B00080,Klasse 2,1007,Schreiblernbleistift Trio Grip (dick),1,1.99,1.99,0
B00080,Klasse 2,1002,Schreiblernheft A4 Lineatur 2 (16 Blatt),2,0.99,1.98,0
B00080,Klasse 2,1021,Knete-Unterlage Kunststoff A3,1,1.99,1.99,0
B00080,Klasse 2,1010,Knetmasse 10 Farben,1,3.49,3.49,0
B00080,Klasse 2,1039,Schnellhefter A4 Kunststoff rot,3,0.5,1.5,0
B00080,Klasse 2,1014,Doppelanspitzer Dose Trio Grip,1,2.99,2.99,0
B00081,Klasse 4,1041,Schnellhefter A4 Kunststoff gelb,3,0.5,1.5,0
B00081,Klasse 4,1016,Sammelbox A4 Karton blau,3,2.49,7.47,0
B00081,Klasse 4,1033,Tintenkiller Super Pirat (2er Pack),1,2.49,2.49,0
B00081,Klasse 4,1036,Bleistift HB Grip 2001 Faber-Castell,2,1.5,3.0,0
B00081,Klasse 4,1039,Schnellhefter A4 Kunststoff rot,1,0.5,0.5,0
B00081,Klasse 4,1015,Radiergummi soft (für Bleistifte),1,0.8,0.8,0
B00081,Klasse 4,1046,Ordner A4 breit 80mm schwarz,3,3.49,10.47,0
B00082,Klasse 2,1041,Schnellhefter A4 Kunststoff gelb,3,0.5,1.5,0
B00082,Klasse 2,1021,Knete-Unterlage Kunststoff A3,1,1.99,1.99,0
B00082,Klasse 2,1008,Buntstifte 12er Set dreikant (dick),1,5.49,5.49,0
B00082,Klasse 2,1039,Schnellhefter A4 Kunststoff rot,3,0.5,1.5,0
B00082,Klasse 2,1018,Tuschkasten K12 (12 Farben),1,9.95,9.95,0
B00082,Klasse 2,1040,Schnellhefter A4 Kunststoff grün,3,0.5,1.5,0
B00082,Klasse 2,1042,Schnellhefter A4 Kunststoff orange,1,0.5,0.5,0
B00083,Klasse 2 & 3,1036,Bleistift HB Grip 2001 Faber-Castell,2,1.5,3.0,1
B00083,Klasse 2 & 3,1016,Sammelbox A4 Karton blau,3,2.49,7.47,1
B00083,Klasse 2 & 3,1006,Rechenheft A4 Lineatur 8 (5x5mm Kästchen),5,0.99,4.95,1
B00083,Klasse 2 & 3,1040,Schnellhefter A4 Kunststoff grün,3,0.5,1.5,1
B00083,Klasse 2 & 3,1023,Hausaufgabenheft Grundschule A5,1,1.99,1.99,1
B00083,Klasse 2 & 3,1002,Schreiblernheft A4 Lineatur 2 (16 Blatt),5,0.99,4.95,1
B00083,Klasse 2 & 3,1041,Schnellhefter A4 Kunststoff gelb,2,0.5,1.0,1
B00083,Klasse 2 & 3,1010,Knetmasse 10 Farben,1,3.49,3.49,1
B00083,Klasse 2 & 3,1001,Schreiblernheft A4 Lineatur 1 (16 Blatt),10,0.99,9.9,1
B00083,Klasse 2 & 3,1038,Schnellhefter A4 Kunststoff blau,1,0.5,0.5,1
B00083,Klasse 2 & 3,1011,Bastelschere rund 13cm Rechtshänder,1,2.2,2.2,1
B00083,Klasse 2 & 3,1008,Buntstifte 12er Set dreikant (dick),1,5.49,5.49,1
B00084,Klasse 6,1038,Schnellhefter A4 Kunststoff blau,2,0.5,1.0,0
B00084,Klasse 6,1031,Füllfederhalter Lamy Safari M,1,19.9,19.9,0
B00084,Klasse 6,1048,Hausaufgabenheft A5 Classic,1,1.99,1.99,0
B00085,Klasse 12,1037,Lineal 30cm Kunststoff transparent,1,1.1,1.1,0
B00085,Klasse 12,1045,Ringbuch A4 schmal 25mm,2,2.99,5.98,0
B00085,Klasse 12,1061,Tintenroller Pilot Frixion Ball 0.7 schwarz,2,3.29,6.58,0
B00086,Klasse 8,1056,Kugelschreiber Grip 2011 M schwarz,2,4.5,9.0,0
B00086,Klasse 8,1039,Schnellhefter A4 Kunststoff rot,2,0.5,1.0,0
B00086,Klasse 8,1034,Schulkompass Zirkel Staedtler,1,8.5,8.5,0
B00086,Klasse 8,1038,Schnellhefter A4 Kunststoff blau,3,0.5,1.5,0
B00086,Klasse 8,1044,Fineliner 10er Set Stabilo Point 88,1,7.99,7.99,0
B00086,Klasse 8,1028,Collegeblock A4 liniert (80 Blatt),5,1.79,8.95,0
B00087,Klasse 7 & 8,1039,Schnellhefter A4 Kunststoff rot,1,0.5,0.5,1
B00087,Klasse 7 & 8,1024,Schulheft A4 liniert Lineatur 21 (16 Blatt),3,0.99,2.97,1
B00087,Klasse 7 & 8,1060,Prospekthüllen A4 transparent 100er Pack,1,3.99,3.99,1
B00087,Klasse 7 & 8,1025,Schulheft A4 kariert Lineatur 22 (16 Blatt),5,0.99,4.95,1
B00087,Klasse 7 & 8,1033,Tintenkiller Super Pirat (2er Pack),3,2.49,7.47,1
B00087,Klasse 7 & 8,1047,Wissenschaftlicher Taschenrechner Casio fx-87DE X,1,24.99,24.99,1
B00087,Klasse 7 & 8,1055,Kugelschreiber Grip 2011 M blau (dokumentenecht),2,4.5,9.0,1
B00087,Klasse 7 & 8,1059,Karteikarten A7 liniert 100 Stück,1,1.49,1.49,1
B00087,Klasse 7 & 8,1036,Bleistift HB Grip 2001 Faber-Castell,3,1.5,4.5,1
B00087,Klasse 7 & 8,1061,Tintenroller Pilot Frixion Ball 0.7 schwarz,2,3.29,6.58,1
B00088,Klasse 7 & 11,1017,Zeichenblock A3 (20 Blatt),1,2.49,2.49,1
B00088,Klasse 7 & 11,1019,Borstenpinsel-Set (Größen 4/8/12),1,3.5,3.5,1
B00088,Klasse 7 & 11,1024,Schulheft A4 liniert Lineatur 21 (16 Blatt),5,0.99,4.95,1
B00088,Klasse 7 & 11,1055,Kugelschreiber Grip 2011 M blau (dokumentenecht),3,4.5,13.5,1
B00088,Klasse 7 & 11,1052,Formelsammlung Mathematik/Physik/Chemie Duden,1,12.99,12.99,1
B00088,Klasse 7 & 11,1054,Ringbucheinlagen A4 kariert 100 Blatt,10,2.29,22.9,1
B00088,Klasse 7 & 11,1059,Karteikarten A7 liniert 100 Stück,1,1.49,1.49,1
B00089,Klasse 3,1006,Rechenheft A4 Lineatur 8 (5x5mm Kästchen),5,0.99,4.95,0
B00089,Klasse 3,1023,Hausaufgabenheft Grundschule A5,1,1.99,1.99,0
B00089,Klasse 3,1012,Bastelschere rund 13cm Linkshänder,1,2.2,2.2,0
B00089,Klasse 3,1022,Schreiblern-Füller Lamy ABC,1,14.5,14.5,0
B00089,Klasse 3,1031,Füllfederhalter Lamy Safari M,1,19.9,19.9,0
B00089,Klasse 3,1011,Bastelschere rund 13cm Rechtshänder,1,2.2,2.2,0
B00089,Klasse 3,1003,Schreiblernheft A4 Lineatur 3 (16 Blatt),3,0.99,2.97,0
B00090,Klasse 1,1018,Tuschkasten K12 (12 Farben),1,9.95,9.95,0
B00090,Klasse 1,1042,Schnellhefter A4 Kunststoff orange,1,0.5,0.5,0
B00090,Klasse 1,1038,Schnellhefter A4 Kunststoff blau,3,0.5,1.5,0
B00090,Klasse 1,1009,Wachsmalkreiden 12er Set (wasservermalbar),1,6.99,6.99,0
B00091,Klasse 4,1008,Buntstifte 12er Set dreikant (dick),1,5.49,5.49,0
B00091,Klasse 4,1004,Schulheft A4 Lineatur 4 (16 Blatt),5,0.99,4.95,0
B00091,Klasse 4,1016,Sammelbox A4 Karton blau,2,2.49,4.98,0
B00091,Klasse 4,1013,Klebestift Uhu Renature 21g,1,1.89,1.89,0
B00091,Klasse 4,1020,Haarpinsel-Set (Größen 2/6/10),1,3.99,3.99,0
B00091,Klasse 4,1017,Zeichenblock A3 (20 Blatt),1,2.49,2.49,0
B00091,Klasse 4,1036,Bleistift HB Grip 2001 Faber-Castell,1,1.5,1.5,0
B00092,Klasse 9,1048,Hausaufgabenheft A5 Classic,1,1.99,1.99,0
B00092,Klasse 9,1036,Bleistift HB Grip 2001 Faber-Castell,2,1.5,3.0,0
B00092,Klasse 9,1030,Geodreieck 22 cm Griff transparent,1,2.1,2.1,0
B00092,Klasse 9,1033,Tintenkiller Super Pirat (2er Pack),1,2.49,2.49,0
B00093,Klasse 2,1018,Tuschkasten K12 (12 Farben),1,9.95,9.95,0
B00093,Klasse 2,1023,Hausaufgabenheft Grundschule A5,1,1.99,1.99,0
B00093,Klasse 2,1038,Schnellhefter A4 Kunststoff blau,2,0.5,1.0,0
B00093,Klasse 2,1007,Schreiblernbleistift Trio Grip (dick),3,1.99,5.97,0
B00093,Klasse 2,1015,Radiergummi soft (für Bleistifte),1,0.8,0.8,0
B00094,Klasse 2 & 12,1011,Bastelschere rund 13cm Rechtshänder,1,2.2,2.2,1
B00094,Klasse 2 & 12,1012,Bastelschere rund 13cm Linkshänder,1,2.2,2.2,1
B00094,Klasse 2 & 12,1008,Buntstifte 12er Set dreikant (dick),1,5.49,5.49,1
B00094,Klasse 2 & 12,1041,Schnellhefter A4 Kunststoff gelb,3,0.5,1.5,1
B00094,Klasse 2 & 12,1020,Haarpinsel-Set (Größen 2/6/10),1,3.99,3.99,1
B00094,Klasse 2 & 12,1054,Ringbucheinlagen A4 kariert 100 Blatt,5,2.29,11.45,1
B00094,Klasse 2 & 12,1046,Ordner A4 breit 80mm schwarz,2,3.49,6.98,1
B00094,Klasse 2 & 12,1049,Oxford Collegeblock A4 kariert (90g Papier),2,2.79,5.58,1
B00094,Klasse 2 & 12,1050,Oxford Collegeblock A4 liniert (90g Papier),2,2.79,5.58,1
B00094,Klasse 2 & 12,1029,Geodreieck 16 cm transparent Aristo,1,1.2,1.2,1
B00095,Klasse 8,1029,Geodreieck 16 cm transparent Aristo,1,1.2,1.2,0
B00095,Klasse 8,1017,Zeichenblock A3 (20 Blatt),1,2.49,2.49,0
B00095,Klasse 8,1040,Schnellhefter A4 Kunststoff grün,3,0.5,1.5,0
B00095,Klasse 8,1046,Ordner A4 breit 80mm schwarz,2,3.49,6.98,0
B00095,Klasse 8,1055,Kugelschreiber Grip 2011 M blau (dokumentenecht),2,4.5,9.0,0
B00095,Klasse 8,1027,Collegeblock A4 kariert (80 Blatt),3,1.79,5.37,0
B00095,Klasse 8,1019,Borstenpinsel-Set (Größen 4/8/12),1,3.5,3.5,0
B00096,Klasse 7,1025,Schulheft A4 kariert Lineatur 22 (16 Blatt),5,0.99,4.95,0
B00096,Klasse 7,1029,Geodreieck 16 cm transparent Aristo,1,1.2,1.2,0
B00096,Klasse 7,1039,Schnellhefter A4 Kunststoff rot,2,0.5,1.0,0
B00096,Klasse 7,1041,Schnellhefter A4 Kunststoff gelb,1,0.5,0.5,0
B00096,Klasse 7,1030,Geodreieck 22 cm Griff transparent,1,2.1,2.1,0
B00097,Klasse 4 & 9,1045,Ringbuch A4 schmal 25mm,3,2.99,8.97,1
B00097,Klasse 4 & 9,1039,Schnellhefter A4 Kunststoff rot,2,0.5,1.0,1
B00097,Klasse 4 & 9,1044,Fineliner 10er Set Stabilo Point 88,1,7.99,7.99,1
B00097,Klasse 4 & 9,1043,Textmarker-Set 4 Farben Stabilo Boss,1,4.99,4.99,1
B00097,Klasse 4 & 9,1041,Schnellhefter A4 Kunststoff gelb,1,0.5,0.5,1
B00097,Klasse 4 & 9,1006,Rechenheft A4 Lineatur 8 (5x5mm Kästchen),1,0.99,0.99,1
B00097,Klasse 4 & 9,1031,Füllfederhalter Lamy Safari M,1,19.9,19.9,1
B00097,Klasse 4 & 9,1036,Bleistift HB Grip 2001 Faber-Castell,3,1.5,4.5,1
B00097,Klasse 4 & 9,1033,Tintenkiller Super Pirat (2er Pack),2,2.49,4.98,1
B00097,Klasse 4 & 9,1015,Radiergummi soft (für Bleistifte),1,0.8,0.8,1
B00097,Klasse 4 & 9,1014,Doppelanspitzer Dose Trio Grip,1,2.99,2.99,1
B00098,Klasse 9,1058,Haftnotizen Post-it 76x76mm gelb,1,1.99,1.99,0
B00098,Klasse 9,1046,Ordner A4 breit 80mm schwarz,2,3.49,6.98,0
B00098,Klasse 9,1044,Fineliner 10er Set Stabilo Point 88,1,7.99,7.99,0
B00098,Klasse 9,1015,Radiergummi soft (für Bleistifte),1,0.8,0.8,0
B00098,Klasse 9,1053,Ringbucheinlagen A4 liniert 100 Blatt,2,2.29,4.58,0
B00098,Klasse 9,1036,Bleistift HB Grip 2001 Faber-Castell,2,1.5,3.0,0
B00099,Klasse 10,1041,Schnellhefter A4 Kunststoff gelb,2,0.5,1.0,0
B00099,Klasse 10,1057,Textmarker-Set Pastell 6 Farben Stabilo Boss,1,6.99,6.99,0
B00100,Klasse 4,1015,Radiergummi soft (für Bleistifte),1,0.8,0.8,0
B00100,Klasse 4,1031,Füllfederhalter Lamy Safari M,1,19.9,19.9,0
B00100,Klasse 4,1006,Rechenheft A4 Lineatur 8 (5x5mm Kästchen),2,0.99,1.98,0
B00100,Klasse 4,1032,Tintenpatronen blau T10 (5er Pack),1,1.8,1.8,0
B00100,Klasse 4,1042,Schnellhefter A4 Kunststoff orange,2,0.5,1.0,0
B00100,Klasse 4,1029,Geodreieck 16 cm transparent Aristo,1,1.2,1.2,0
B00100,Klasse 4,1033,Tintenkiller Super Pirat (2er Pack),2,2.49,4.98,0
B00100,Klasse 4,1041,Schnellhefter A4 Kunststoff gelb,2,0.5,1.0,0
B00100,Klasse 4,1036,Bleistift HB Grip 2001 Faber-Castell,2,1.5,3.0,0
B00101,Klasse 9,1033,Tintenkiller Super Pirat (2er Pack),2,2.49,4.98,0
B00101,Klasse 9,1028,Collegeblock A4 liniert (80 Blatt),5,1.79,8.95,0
B00101,Klasse 9,1036,Bleistift HB Grip 2001 Faber-Castell,2,1.5,3.0,0
B00101,Klasse 9,1052,Formelsammlung Mathematik/Physik/Chemie Duden,1,12.99,12.99,0
B00101,Klasse 9,1039,Schnellhefter A4 Kunststoff rot,1,0.5,0.5,0
B00101,Klasse 9,1018,Tuschkasten K12 (12 Farben),1,9.95,9.95,0
B00101,Klasse 9,1045,Ringbuch A4 schmal 25mm,1,2.99,2.99,0
B00102,Klasse 1,1041,Schnellhefter A4 Kunststoff gelb,1,0.5,0.5,0
B00102,Klasse 1,1009,Wachsmalkreiden 12er Set (wasservermalbar),1,6.99,6.99,0
B00102,Klasse 1,1011,Bastelschere rund 13cm Rechtshänder,1,2.2,2.2,0
B00102,Klasse 1,1023,Hausaufgabenheft Grundschule A5,1,1.99,1.99,0
B00102,Klasse 1,1020,Haarpinsel-Set (Größen 2/6/10),1,3.99,3.99,0
B00103,Klasse 1,1007,Schreiblernbleistift Trio Grip (dick),3,1.99,5.97,0
B00103,Klasse 1,1038,Schnellhefter A4 Kunststoff blau,3,0.5,1.5,0
B00103,Klasse 1,1017,Zeichenblock A3 (20 Blatt),1,2.49,2.49,0
B00103,Klasse 1,1023,Hausaufgabenheft Grundschule A5,1,1.99,1.99,0
B00103,Klasse 1,1003,Schreiblernheft A4 Lineatur 3 (16 Blatt),2,0.99,1.98,0
B00103,Klasse 1,1013,Klebestift Uhu Renature 21g,1,1.89,1.89,0
B00103,Klasse 1,1001,Schreiblernheft A4 Lineatur 1 (16 Blatt),5,0.99,4.95,0
B00103,Klasse 1,1041,Schnellhefter A4 Kunststoff gelb,2,0.5,1.0,0
B00104,Klasse 10,1053,Ringbucheinlagen A4 liniert 100 Blatt,3,2.29,6.87,0
B00104,Klasse 10,1057,Textmarker-Set Pastell 6 Farben Stabilo Boss,1,6.99,6.99,0
B00105,Klasse 1,1038,Schnellhefter A4 Kunststoff blau,1,0.5,0.5,0
B00105,Klasse 1,1016,Sammelbox A4 Karton blau,2,2.49,4.98,0
B00105,Klasse 1,1019,Borstenpinsel-Set (Größen 4/8/12),1,3.5,3.5,0
B00105,Klasse 1,1005,Rechenheft A4 Lineatur 7 (7x7mm Kästchen),10,0.99,9.9,0
B00105,Klasse 1,1012,Bastelschere rund 13cm Linkshänder,1,2.2,2.2,0
B00105,Klasse 1,1001,Schreiblernheft A4 Lineatur 1 (16 Blatt),5,0.99,4.95,0
B00105,Klasse 1,1009,Wachsmalkreiden 12er Set (wasservermalbar),1,6.99,6.99,0
B00105,Klasse 1,1014,Doppelanspitzer Dose Trio Grip,1,2.99,2.99,0
B00106,Klasse 2,1038,Schnellhefter A4 Kunststoff blau,2,0.5,1.0,0
B00106,Klasse 2,1018,Tuschkasten K12 (12 Farben),1,9.95,9.95,0
B00106,Klasse 2,1007,Schreiblernbleistift Trio Grip (dick),2,1.99,3.98,0
B00106,Klasse 2,1041,Schnellhefter A4 Kunststoff gelb,2,0.5,1.0,0
B00106,Klasse 2,1015,Radiergummi soft (für Bleistifte),1,0.8,0.8,0
B00106,Klasse 2,1002,Schreiblernheft A4 Lineatur 2 (16 Blatt),2,0.99,1.98,0
B00106,Klasse 2,1042,Schnellhefter A4 Kunststoff orange,5,0.5,2.5,0
B00106,Klasse 2,1023,Hausaufgabenheft Grundschule A5,1,1.99,1.99,0
B00107,Klasse 11,1052,Formelsammlung Mathematik/Physik/Chemie Duden,1,12.99,12.99,0
B00107,Klasse 11,1027,Collegeblock A4 kariert (80 Blatt),5,1.79,8.95,0
B00107,Klasse 11,1046,Ordner A4 breit 80mm schwarz,2,3.49,6.98,0
B00107,Klasse 11,1061,Tintenroller Pilot Frixion Ball 0.7 schwarz,3,3.29,9.87,0
B00107,Klasse 11,1041,Schnellhefter A4 Kunststoff gelb,2,0.5,1.0,0
B00108,Klasse 2,1005,Rechenheft A4 Lineatur 7 (7x7mm Kästchen),2,0.99,1.98,0
B00108,Klasse 2,1009,Wachsmalkreiden 12er Set (wasservermalbar),1,6.99,6.99,0
B00108,Klasse 2,1040,Schnellhefter A4 Kunststoff grün,5,0.5,2.5,0
B00108,Klasse 2,1007,Schreiblernbleistift Trio Grip (dick),1,1.99,1.99,0
B00108,Klasse 2,1019,Borstenpinsel-Set (Größen 4/8/12),1,3.5,3.5,0
B00108,Klasse 2,1039,Schnellhefter A4 Kunststoff rot,1,0.5,0.5,0
B00108,Klasse 2,1038,Schnellhefter A4 Kunststoff blau,3,0.5,1.5,0
B00108,Klasse 2,1011,Bastelschere rund 13cm Rechtshänder,1,2.2,2.2,0
B00109,Klasse 10,1029,Geodreieck 16 cm transparent Aristo,1,1.2,1.2,0
B00109,Klasse 10,1059,Karteikarten A7 liniert 100 Stück,1,1.49,1.49,0
B00109,Klasse 10,1060,Prospekthüllen A4 transparent 100er Pack,1,3.99,3.99,0
B00109,Klasse 10,1018,Tuschkasten K12 (12 Farben),1,9.95,9.95,0
B00109,Klasse 10,1044,Fineliner 10er Set Stabilo Point 88,1,7.99,7.99,0
B00110,Klasse 4,1017,Zeichenblock A3 (20 Blatt),1,2.49,2.49,0
B00110,Klasse 4,1042,Schnellhefter A4 Kunststoff orange,2,0.5,1.0,0
B00110,Klasse 4,1012,Bastelschere rund 13cm Linkshänder,1,2.2,2.2,0
B00110,Klasse 4,1008,Buntstifte 12er Set dreikant (dick),1,5.49,5.49,0
B00110,Klasse 4,1025,Schulheft A4 kariert Lineatur 22 (16 Blatt),5,0.99,4.95,0
B00111,Klasse 10,1028,Collegeblock A4 liniert (80 Blatt),3,1.79,5.37,0
B00111,Klasse 10,1038,Schnellhefter A4 Kunststoff blau,2,0.5,1.0,0
B00111,Klasse 10,1043,Textmarker-Set 4 Farben Stabilo Boss,1,4.99,4.99,0
B00111,Klasse 10,1051,Grafikrechner Casio FX-CG50,1,119.0,119.0,0
B00112,Klasse 7,1045,Ringbuch A4 schmal 25mm,2,2.99,5.98,0
B00112,Klasse 7,1047,Wissenschaftlicher Taschenrechner Casio fx-87DE X,1,24.99,24.99,0
B00112,Klasse 7,1048,Hausaufgabenheft A5 Classic,1,1.99,1.99,0
B00112,Klasse 7,1025,Schulheft A4 kariert Lineatur 22 (16 Blatt),3,0.99,2.97,0
B00113,Klasse 10,1044,Fineliner 10er Set Stabilo Point 88,1,7.99,7.99,0
B00113,Klasse 10,1039,Schnellhefter A4 Kunststoff rot,5,0.5,2.5,0
B00114,Klasse 3,1004,Schulheft A4 Lineatur 4 (16 Blatt),5,0.99,4.95,0
B00114,Klasse 3,1033,Tintenkiller Super Pirat (2er Pack),5,2.49,12.45,0
B00114,Klasse 3,1041,Schnellhefter A4 Kunststoff gelb,2,0.5,1.0,0
B00114,Klasse 3,1042,Schnellhefter A4 Kunststoff orange,1,0.5,0.5,0
B00115,Klasse 8,1034,Schulkompass Zirkel Staedtler,1,8.5,8.5,0
B00115,Klasse 8,1037,Lineal 30cm Kunststoff transparent,1,1.1,1.1,0
B00115,Klasse 8,1027,Collegeblock A4 kariert (80 Blatt),2,1.79,3.58,0
B00115,Klasse 8,1035,Buntstifte 24er Set dreikant,1,8.99,8.99,0
B00116,Klasse 7 & 9,1057,Textmarker-Set Pastell 6 Farben Stabilo Boss,1,6.99,6.99,1
B00116,Klasse 7 & 9,1039,Schnellhefter A4 Kunststoff rot,3,0.5,1.5,1
B00116,Klasse 7 & 9,1046,Ordner A4 breit 80mm schwarz,3,3.49,10.47,1
B00116,Klasse 7 & 9,1032,Tintenpatronen blau T10 (5er Pack),1,1.8,1.8,1
B00116,Klasse 7 & 9,1017,Zeichenblock A3 (20 Blatt),1,2.49,2.49,1
B00116,Klasse 7 & 9,1041,Schnellhefter A4 Kunststoff gelb,1,0.5,0.5,1
B00117,Klasse 6,1034,Schulkompass Zirkel Staedtler,1,8.5,8.5,0
B00117,Klasse 6,1031,Füllfederhalter Lamy Safari M,1,19.9,19.9,0
B00117,Klasse 6,1045,Ringbuch A4 schmal 25mm,5,2.99,14.95,0
B00117,Klasse 6,1035,Buntstifte 24er Set dreikant,1,8.99,8.99,0
B00117,Klasse 6,1038,Schnellhefter A4 Kunststoff blau,5,0.5,2.5,0
B00117,Klasse 6,1025,Schulheft A4 kariert Lineatur 22 (16 Blatt),5,0.99,4.95,0
B00118,Klasse 8,1020,Haarpinsel-Set (Größen 2/6/10),1,3.99,3.99,0
B00118,Klasse 8,1041,Schnellhefter A4 Kunststoff gelb,2,0.5,1.0,0
B00118,Klasse 8,1015,Radiergummi soft (für Bleistifte),1,0.8,0.8,0
B00118,Klasse 8,1018,Tuschkasten K12 (12 Farben),1,9.95,9.95,0
B00118,Klasse 8,1027,Collegeblock A4 kariert (80 Blatt),3,1.79,5.37,0
B00119,Klasse 3,1015,Radiergummi soft (für Bleistifte),1,0.8,0.8,0
B00119,Klasse 3,1008,Buntstifte 12er Set dreikant (dick),1,5.49,5.49,0
B00119,Klasse 3,1016,Sammelbox A4 Karton blau,1,2.49,2.49,0
B00119,Klasse 3,1040,Schnellhefter A4 Kunststoff grün,2,0.5,1.0,0
B00119,Klasse 3,1005,Rechenheft A4 Lineatur 7 (7x7mm Kästchen),2,0.99,1.98,0
B00119,Klasse 3,1039,Schnellhefter A4 Kunststoff rot,3,0.5,1.5,0
B00119,Klasse 3,1041,Schnellhefter A4 Kunststoff gelb,3,0.5,1.5,0
B00120,Klasse 11,1051,Grafikrechner Casio FX-CG50,1,119.0,119.0,0
B00120,Klasse 11,1029,Geodreieck 16 cm transparent Aristo,1,1.2,1.2,0
B00120,Klasse 11,1054,Ringbucheinlagen A4 kariert 100 Blatt,3,2.29,6.87,0
B00120,Klasse 11,1056,Kugelschreiber Grip 2011 M schwarz,2,4.5,9.0,0
B00120,Klasse 11,1061,Tintenroller Pilot Frixion Ball 0.7 schwarz,2,3.29,6.58,0
B00121,Klasse 2,1008,Buntstifte 12er Set dreikant (dick),1,5.49,5.49,0
B00121,Klasse 2,1012,Bastelschere rund 13cm Linkshänder,1,2.2,2.2,0
B00121,Klasse 2,1039,Schnellhefter A4 Kunststoff rot,2,0.5,1.0,0
B00121,Klasse 2,1005,Rechenheft A4 Lineatur 7 (7x7mm Kästchen),2,0.99,1.98,0
B00122,Klasse 7,1047,Wissenschaftlicher Taschenrechner Casio fx-87DE X,1,24.99,24.99,0
B00122,Klasse 7,1032,Tintenpatronen blau T10 (5er Pack),1,1.8,1.8,0
B00122,Klasse 7,1039,Schnellhefter A4 Kunststoff rot,3,0.5,1.5,0
B00122,Klasse 7,1040,Schnellhefter A4 Kunststoff grün,2,0.5,1.0,0
B00122,Klasse 7,1045,Ringbuch A4 schmal 25mm,2,2.99,5.98,0
B00122,Klasse 7,1048,Hausaufgabenheft A5 Classic,1,1.99,1.99,0
B00123,Klasse 12,1045,Ringbuch A4 schmal 25mm,3,2.99,8.97,0
B00123,Klasse 12,1061,Tintenroller Pilot Frixion Ball 0.7 schwarz,2,3.29,6.58,0
B00123,Klasse 12,1029,Geodreieck 16 cm transparent Aristo,1,1.2,1.2,0
B00123,Klasse 12,1059,Karteikarten A7 liniert 100 Stück,1,1.49,1.49,0
B00124,Klasse 10,1060,Prospekthüllen A4 transparent 100er Pack,1,3.99,3.99,0
B00124,Klasse 10,1029,Geodreieck 16 cm transparent Aristo,1,1.2,1.2,0
B00124,Klasse 10,1042,Schnellhefter A4 Kunststoff orange,2,0.5,1.0,0
B00125,Klasse 6,1015,Radiergummi soft (für Bleistifte),1,0.8,0.8,0
B00125,Klasse 6,1018,Tuschkasten K12 (12 Farben),1,9.95,9.95,0
B00125,Klasse 6,1028,Collegeblock A4 liniert (80 Blatt),2,1.79,3.58,0
B00125,Klasse 6,1059,Karteikarten A7 liniert 100 Stück,1,1.49,1.49,0
B00125,Klasse 6,1029,Geodreieck 16 cm transparent Aristo,1,1.2,1.2,0
B00125,Klasse 6,1033,Tintenkiller Super Pirat (2er Pack),2,2.49,4.98,0
B00126,Klasse 5,1018,Tuschkasten K12 (12 Farben),1,9.95,9.95,0
B00126,Klasse 5,1024,Schulheft A4 liniert Lineatur 21 (16 Blatt),1,0.99,0.99,0
B00126,Klasse 5,1048,Hausaufgabenheft A5 Classic,1,1.99,1.99,0
B00126,Klasse 5,1001,Schreiblernheft A4 Lineatur 1 (16 Blatt),2,0.99,1.98,0
B00127,Klasse 7,1024,Schulheft A4 liniert Lineatur 21 (16 Blatt),2,0.99,1.98,0
B00127,Klasse 7,1044,Fineliner 10er Set Stabilo Point 88,1,7.99,7.99,0
B00127,Klasse 7,1035,Buntstifte 24er Set dreikant,1,8.99,8.99,0
B00128,Klasse 2,1041,Schnellhefter A4 Kunststoff gelb,1,0.5,0.5,0
B00128,Klasse 2,1005,Rechenheft A4 Lineatur 7 (7x7mm Kästchen),5,0.99,4.95,0
B00128,Klasse 2,1020,Haarpinsel-Set (Größen 2/6/10),1,3.99,3.99,0
B00128,Klasse 2,1012,Bastelschere rund 13cm Linkshänder,1,2.2,2.2,0
B00128,Klasse 2,1039,Schnellhefter A4 Kunststoff rot,2,0.5,1.0,0
B00128,Klasse 2,1021,Knete-Unterlage Kunststoff A3,1,1.99,1.99,0
B00128,Klasse 2,1011,Bastelschere rund 13cm Rechtshänder,1,2.2,2.2,0
B00128,Klasse 2,1016,Sammelbox A4 Karton blau,1,2.49,2.49,0
B00128,Klasse 2,1002,Schreiblernheft A4 Lineatur 2 (16 Blatt),10,0.99,9.9,0
B00129,Klasse 8,1039,Schnellhefter A4 Kunststoff rot,3,0.5,1.5,0
B00129,Klasse 8,1036,Bleistift HB Grip 2001 Faber-Castell,3,1.5,4.5,0
B00129,Klasse 8,1037,Lineal 30cm Kunststoff transparent,1,1.1,1.1,0
B00130,Klasse 8,1028,Collegeblock A4 liniert (80 Blatt),3,1.79,5.37,0
B00130,Klasse 8,1031,Füllfederhalter Lamy Safari M,1,19.9,19.9,0
B00130,Klasse 8,1055,Kugelschreiber Grip 2011 M blau (dokumentenecht),2,4.5,9.0,0
B00130,Klasse 8,1061,Tintenroller Pilot Frixion Ball 0.7 schwarz,2,3.29,6.58,0
B00131,Klasse 7 & 8,1039,Schnellhefter A4 Kunststoff rot,2,0.5,1.0,1
B00131,Klasse 7 & 8,1059,Karteikarten A7 liniert 100 Stück,1,1.49,1.49,1
B00131,Klasse 7 & 8,1024,Schulheft A4 liniert Lineatur 21 (16 Blatt),3,0.99,2.97,1
B00131,Klasse 7 & 8,1019,Borstenpinsel-Set (Größen 4/8/12),1,3.5,3.5,1
B00131,Klasse 7 & 8,1036,Bleistift HB Grip 2001 Faber-Castell,3,1.5,4.5,1
B00131,Klasse 7 & 8,1028,Collegeblock A4 liniert (80 Blatt),10,1.79,17.9,1
B00131,Klasse 7 & 8,1035,Buntstifte 24er Set dreikant,1,8.99,8.99,1
B00131,Klasse 7 & 8,1037,Lineal 30cm Kunststoff transparent,1,1.1,1.1,1
B00132,Klasse 1,1011,Bastelschere rund 13cm Rechtshänder,1,2.2,2.2,0
B00132,Klasse 1,1019,Borstenpinsel-Set (Größen 4/8/12),1,3.5,3.5,0
B00132,Klasse 1,1009,Wachsmalkreiden 12er Set (wasservermalbar),1,6.99,6.99,0
B00132,Klasse 1,1008,Buntstifte 12er Set dreikant (dick),1,5.49,5.49,0
B00133,Klasse 2,1039,Schnellhefter A4 Kunststoff rot,2,0.5,1.0,0
B00133,Klasse 2,1012,Bastelschere rund 13cm Linkshänder,1,2.2,2.2,0
B00133,Klasse 2,1020,Haarpinsel-Set (Größen 2/6/10),1,3.99,3.99,0
B00133,Klasse 2,1017,Zeichenblock A3 (20 Blatt),1,2.49,2.49,0
B00133,Klasse 2,1008,Buntstifte 12er Set dreikant (dick),1,5.49,5.49,0
B00133,Klasse 2,1019,Borstenpinsel-Set (Größen 4/8/12),1,3.5,3.5,0
B00133,Klasse 2,1023,Hausaufgabenheft Grundschule A5,1,1.99,1.99,0
B00133,Klasse 2,1010,Knetmasse 10 Farben,1,3.49,3.49,0
B00134,Klasse 2,1011,Bastelschere rund 13cm Rechtshänder,1,2.2,2.2,0
B00134,Klasse 2,1023,Hausaufgabenheft Grundschule A5,1,1.99,1.99,0
B00134,Klasse 2,1038,Schnellhefter A4 Kunststoff blau,1,0.5,0.5,0
B00134,Klasse 2,1018,Tuschkasten K12 (12 Farben),1,9.95,9.95,0
B00134,Klasse 2,1042,Schnellhefter A4 Kunststoff orange,3,0.5,1.5,0
B00135,Klasse 4,1008,Buntstifte 12er Set dreikant (dick),1,5.49,5.49,0
B00135,Klasse 4,1006,Rechenheft A4 Lineatur 8 (5x5mm Kästchen),3,0.99,2.97,0
B00135,Klasse 4,1032,Tintenpatronen blau T10 (5er Pack),3,1.8,5.4,0
B00135,Klasse 4,1014,Doppelanspitzer Dose Trio Grip,1,2.99,2.99,0
B00136,Klasse 7,1028,Collegeblock A4 liniert (80 Blatt),5,1.79,8.95,0
B00136,Klasse 7,1024,Schulheft A4 liniert Lineatur 21 (16 Blatt),3,0.99,2.97,0
B00136,Klasse 7,1017,Zeichenblock A3 (20 Blatt),1,2.49,2.49,0
B00136,Klasse 7,1044,Fineliner 10er Set Stabilo Point 88,1,7.99,7.99,0
B00136,Klasse 7,1039,Schnellhefter A4 Kunststoff rot,5,0.5,2.5,0
B00136,Klasse 7,1061,Tintenroller Pilot Frixion Ball 0.7 schwarz,1,3.29,3.29,0
B00136,Klasse 7,1036,Bleistift HB Grip 2001 Faber-Castell,3,1.5,4.5,0
B00137,Klasse 3,1016,Sammelbox A4 Karton blau,1,2.49,2.49,0
B00137,Klasse 3,1014,Doppelanspitzer Dose Trio Grip,1,2.99,2.99,0
B00137,Klasse 3,1039,Schnellhefter A4 Kunststoff rot,3,0.5,1.5,0
B00137,Klasse 3,1022,Schreiblern-Füller Lamy ABC,1,14.5,14.5,0
B00137,Klasse 3,1023,Hausaufgabenheft Grundschule A5,1,1.99,1.99,0
B00137,Klasse 3,1006,Rechenheft A4 Lineatur 8 (5x5mm Kästchen),10,0.99,9.9,0
B00137,Klasse 3,1032,Tintenpatronen blau T10 (5er Pack),1,1.8,1.8,0
B00137,Klasse 3,1041,Schnellhefter A4 Kunststoff gelb,2,0.5,1.0,0
B00138,Klasse 12,1045,Ringbuch A4 schmal 25mm,1,2.99,2.99,0
B00138,Klasse 12,1051,Grafikrechner Casio FX-CG50,1,119.0,119.0,0
B00139,Klasse 11,1061,Tintenroller Pilot Frixion Ball 0.7 schwarz,2,3.29,6.58,0
B00139,Klasse 11,1055,Kugelschreiber Grip 2011 M blau (dokumentenecht),5,4.5,22.5,0
B00139,Klasse 11,1056,Kugelschreiber Grip 2011 M schwarz,1,4.5,4.5,0
B00139,Klasse 11,1054,Ringbucheinlagen A4 kariert 100 Blatt,1,2.29,2.29,0
B00140,Klasse 4,1014,Doppelanspitzer Dose Trio Grip,1,2.99,2.99,0
B00140,Klasse 4,1003,Schreiblernheft A4 Lineatur 3 (16 Blatt),5,0.99,4.95,0
B00140,Klasse 4,1031,Füllfederhalter Lamy Safari M,1,19.9,19.9,0
B00140,Klasse 4,1012,Bastelschere rund 13cm Linkshänder,1,2.2,2.2,0
B00140,Klasse 4,1019,Borstenpinsel-Set (Größen 4/8/12),1,3.5,3.5,0
B00140,Klasse 4,1041,Schnellhefter A4 Kunststoff gelb,2,0.5,1.0,0
B00140,Klasse 4,1039,Schnellhefter A4 Kunststoff rot,5,0.5,2.5,0
B00141,Klasse 1,1007,Schreiblernbleistift Trio Grip (dick),3,1.99,5.97,0
B00141,Klasse 1,1009,Wachsmalkreiden 12er Set (wasservermalbar),1,6.99,6.99,0
B00141,Klasse 1,1008,Buntstifte 12er Set dreikant (dick),1,5.49,5.49,0
B00141,Klasse 1,1017,Zeichenblock A3 (20 Blatt),1,2.49,2.49,0
B00142,Klasse 1,1039,Schnellhefter A4 Kunststoff rot,3,0.5,1.5,0
B00142,Klasse 1,1015,Radiergummi soft (für Bleistifte),1,0.8,0.8,0
B00142,Klasse 1,1040,Schnellhefter A4 Kunststoff grün,1,0.5,0.5,0
B00142,Klasse 1,1020,Haarpinsel-Set (Größen 2/6/10),1,3.99,3.99,0
B00142,Klasse 1,1008,Buntstifte 12er Set dreikant (dick),1,5.49,5.49,0
B00142,Klasse 1,1026,Vokabelheft A5 Lineatur 53 (32 Blatt),2,1.29,2.58,0
B00143,Klasse 5,1060,Prospekthüllen A4 transparent 100er Pack,1,3.99,3.99,0
B00143,Klasse 5,1042,Schnellhefter A4 Kunststoff orange,2,0.5,1.0,0
B00143,Klasse 5,1046,Ordner A4 breit 80mm schwarz,2,3.49,6.98,0
B00143,Klasse 5,1026,Vokabelheft A5 Lineatur 53 (32 Blatt),2,1.29,2.58,0
B00143,Klasse 5,1020,Haarpinsel-Set (Größen 2/6/10),1,3.99,3.99,0
B00143,Klasse 5,1044,Fineliner 10er Set Stabilo Point 88,1,7.99,7.99,0
B00144,Klasse 5,1018,Tuschkasten K12 (12 Farben),1,9.95,9.95,0
B00144,Klasse 5,1028,Collegeblock A4 liniert (80 Blatt),5,1.79,8.95,0
B00144,Klasse 5,1017,Zeichenblock A3 (20 Blatt),1,2.49,2.49,0
B00145,Klasse 12,1045,Ringbuch A4 schmal 25mm,3,2.99,8.97,0
B00145,Klasse 12,1051,Grafikrechner Casio FX-CG50,1,119.0,119.0,0
B00145,Klasse 12,1058,Haftnotizen Post-it 76x76mm gelb,1,1.99,1.99,0
B00146,Klasse 10,1053,Ringbucheinlagen A4 liniert 100 Blatt,3,2.29,6.87,0
B00146,Klasse 10,1040,Schnellhefter A4 Kunststoff grün,1,0.5,0.5,0
B00146,Klasse 10,1028,Collegeblock A4 liniert (80 Blatt),5,1.79,8.95,0
B00146,Klasse 10,1058,Haftnotizen Post-it 76x76mm gelb,1,1.99,1.99,0
B00147,Klasse 2,1007,Schreiblernbleistift Trio Grip (dick),1,1.99,1.99,0
B00147,Klasse 2,1012,Bastelschere rund 13cm Linkshänder,1,2.2,2.2,0
B00147,Klasse 2,1010,Knetmasse 10 Farben,1,3.49,3.49,0
B00147,Klasse 2,1022,Schreiblern-Füller Lamy ABC,1,14.5,14.5,0
B00147,Klasse 2,1005,Rechenheft A4 Lineatur 7 (7x7mm Kästchen),2,0.99,1.98,0
B00147,Klasse 2,1038,Schnellhefter A4 Kunststoff blau,2,0.5,1.0,0
B00148,Klasse 4,1017,Zeichenblock A3 (20 Blatt),1,2.49,2.49,0
B00148,Klasse 4,1015,Radiergummi soft (für Bleistifte),1,0.8,0.8,0
B00148,Klasse 4,1029,Geodreieck 16 cm transparent Aristo,1,1.2,1.2,0
B00148,Klasse 4,1038,Schnellhefter A4 Kunststoff blau,3,0.5,1.5,0
B00148,Klasse 4,1006,Rechenheft A4 Lineatur 8 (5x5mm Kästchen),1,0.99,0.99,0
B00148,Klasse 4,1026,Vokabelheft A5 Lineatur 53 (32 Blatt),5,1.29,6.45,0
B00149,Klasse 6,1048,Hausaufgabenheft A5 Classic,1,1.99,1.99,0
B00149,Klasse 6,1026,Vokabelheft A5 Lineatur 53 (32 Blatt),3,1.29,3.87,0
B00149,Klasse 6,1043,Textmarker-Set 4 Farben Stabilo Boss,1,4.99,4.99,0
B00149,Klasse 6,1035,Buntstifte 24er Set dreikant,1,8.99,8.99,0
B00149,Klasse 6,1060,Prospekthüllen A4 transparent 100er Pack,1,3.99,3.99,0
B00150,Klasse 1,1041,Schnellhefter A4 Kunststoff gelb,2,0.5,1.0,0
B00150,Klasse 1,1022,Schreiblern-Füller Lamy ABC,1,14.5,14.5,0
B00150,Klasse 1,1016,Sammelbox A4 Karton blau,2,2.49,4.98,0
B00150,Klasse 1,1008,Buntstifte 12er Set dreikant (dick),1,5.49,5.49,0
B00150,Klasse 1,1042,Schnellhefter A4 Kunststoff orange,1,0.5,0.5,0
B00150,Klasse 1,1010,Knetmasse 10 Farben,1,3.49,3.49,0
B00151,Klasse 1,1001,Schreiblernheft A4 Lineatur 1 (16 Blatt),5,0.99,4.95,0
B00151,Klasse 1,1022,Schreiblern-Füller Lamy ABC,1,14.5,14.5,0
B00151,Klasse 1,1039,Schnellhefter A4 Kunststoff rot,3,0.5,1.5,0
B00151,Klasse 1,1021,Knete-Unterlage Kunststoff A3,1,1.99,1.99,0
B00151,Klasse 1,1011,Bastelschere rund 13cm Rechtshänder,1,2.2,2.2,0
B00152,Klasse 8,1043,Textmarker-Set 4 Farben Stabilo Boss,1,4.99,4.99,0
B00152,Klasse 8,1024,Schulheft A4 liniert Lineatur 21 (16 Blatt),3,0.99,2.97,0
B00152,Klasse 8,1019,Borstenpinsel-Set (Größen 4/8/12),1,3.5,3.5,0
B00152,Klasse 8,1032,Tintenpatronen blau T10 (5er Pack),2,1.8,3.6,0
B00153,Klasse 9,1027,Collegeblock A4 kariert (80 Blatt),2,1.79,3.58,0
B00153,Klasse 9,1059,Karteikarten A7 liniert 100 Stück,1,1.49,1.49,0
B00153,Klasse 9,1045,Ringbuch A4 schmal 25mm,2,2.99,5.98,0
B00153,Klasse 9,1037,Lineal 30cm Kunststoff transparent,1,1.1,1.1,0
B00153,Klasse 9,1058,Haftnotizen Post-it 76x76mm gelb,1,1.99,1.99,0
B00153,Klasse 9,1044,Fineliner 10er Set Stabilo Point 88,1,7.99,7.99,0
B00153,Klasse 9,1025,Schulheft A4 kariert Lineatur 22 (16 Blatt),10,0.99,9.9,0
B00154,Klasse 8,1026,Vokabelheft A5 Lineatur 53 (32 Blatt),1,1.29,1.29,0
B00154,Klasse 8,1031,Füllfederhalter Lamy Safari M,1,19.9,19.9,0
B00154,Klasse 8,1030,Geodreieck 22 cm Griff transparent,1,2.1,2.1,0
B00154,Klasse 8,1061,Tintenroller Pilot Frixion Ball 0.7 schwarz,1,3.29,3.29,0
B00154,Klasse 8,1019,Borstenpinsel-Set (Größen 4/8/12),1,3.5,3.5,0
B00154,Klasse 8,1032,Tintenpatronen blau T10 (5er Pack),1,1.8,1.8,0
B00155,Klasse 6,1031,Füllfederhalter Lamy Safari M,1,19.9,19.9,0
B00155,Klasse 6,1025,Schulheft A4 kariert Lineatur 22 (16 Blatt),2,0.99,1.98,0
B00155,Klasse 6,1039,Schnellhefter A4 Kunststoff rot,5,0.5,2.5,0
B00156,Klasse 7,1035,Buntstifte 24er Set dreikant,1,8.99,8.99,0
B00156,Klasse 7,1036,Bleistift HB Grip 2001 Faber-Castell,2,1.5,3.0,0
B00156,Klasse 7,1033,Tintenkiller Super Pirat (2er Pack),1,2.49,2.49,0
B00156,Klasse 7,1043,Textmarker-Set 4 Farben Stabilo Boss,1,4.99,4.99,0
B00156,Klasse 7,1029,Geodreieck 16 cm transparent Aristo,1,1.2,1.2,0
B00157,Klasse 10 & 11,1036,Bleistift HB Grip 2001 Faber-Castell,3,1.5,4.5,1
B00157,Klasse 10 & 11,1030,Geodreieck 22 cm Griff transparent,1,2.1,2.1,1
B00157,Klasse 10 & 11,1057,Textmarker-Set Pastell 6 Farben Stabilo Boss,1,6.99,6.99,1
B00157,Klasse 10 & 11,1053,Ringbucheinlagen A4 liniert 100 Blatt,3,2.29,6.87,1
B00157,Klasse 10 & 11,1061,Tintenroller Pilot Frixion Ball 0.7 schwarz,5,3.29,16.45,1
B00157,Klasse 10 & 11,1060,Prospekthüllen A4 transparent 100er Pack,1,3.99,3.99,1
B00157,Klasse 10 & 11,1054,Ringbucheinlagen A4 kariert 100 Blatt,10,2.29,22.9,1
B00158,Klasse 9,1015,Radiergummi soft (für Bleistifte),1,0.8,0.8,0
B00158,Klasse 9,1020,Haarpinsel-Set (Größen 2/6/10),1,3.99,3.99,0
B00158,Klasse 9,1025,Schulheft A4 kariert Lineatur 22 (16 Blatt),5,0.99,4.95,0
B00158,Klasse 9,1038,Schnellhefter A4 Kunststoff blau,2,0.5,1.0,0
B00158,Klasse 9,1026,Vokabelheft A5 Lineatur 53 (32 Blatt),1,1.29,1.29,0
B00158,Klasse 9,1046,Ordner A4 breit 80mm schwarz,2,3.49,6.98,0
B00158,Klasse 9,1059,Karteikarten A7 liniert 100 Stück,1,1.49,1.49,0
B00159,Klasse 8 & 11,1019,Borstenpinsel-Set (Größen 4/8/12),1,3.5,3.5,1
B00159,Klasse 8 & 11,1028,Collegeblock A4 liniert (80 Blatt),2,1.79,3.58,1
B00159,Klasse 8 & 11,1045,Ringbuch A4 schmal 25mm,3,2.99,8.97,1
B00159,Klasse 8 & 11,1018,Tuschkasten K12 (12 Farben),1,9.95,9.95,1
B00159,Klasse 8 & 11,1038,Schnellhefter A4 Kunststoff blau,5,0.5,2.5,1
B00159,Klasse 8 & 11,1002,Schreiblernheft A4 Lineatur 2 (16 Blatt),3,0.99,2.97,1
B00159,Klasse 8 & 11,1030,Geodreieck 22 cm Griff transparent,1,2.1,2.1,1
B00159,Klasse 8 & 11,1054,Ringbucheinlagen A4 kariert 100 Blatt,2,2.29,4.58,1
B00160,Klasse 6,1015,Radiergummi soft (für Bleistifte),1,0.8,0.8,0
B00160,Klasse 6,1036,Bleistift HB Grip 2001 Faber-Castell,1,1.5,1.5,0
B00160,Klasse 6,1043,Textmarker-Set 4 Farben Stabilo Boss,1,4.99,4.99,0
B00160,Klasse 6,1035,Buntstifte 24er Set dreikant,1,8.99,8.99,0
B00160,Klasse 6,1037,Lineal 30cm Kunststoff transparent,1,1.1,1.1,0
B00160,Klasse 6,1024,Schulheft A4 liniert Lineatur 21 (16 Blatt),3,0.99,2.97,0
B00161,Klasse 4,1013,Klebestift Uhu Renature 21g,1,1.89,1.89,0
B00161,Klasse 4,1037,Lineal 30cm Kunststoff transparent,1,1.1,1.1,0
B00161,Klasse 4,1004,Schulheft A4 Lineatur 4 (16 Blatt),1,0.99,0.99,0
B00161,Klasse 4,1042,Schnellhefter A4 Kunststoff orange,3,0.5,1.5,0
B00161,Klasse 4,1022,Schreiblern-Füller Lamy ABC,1,14.5,14.5,0
B00161,Klasse 4,1023,Hausaufgabenheft Grundschule A5,1,1.99,1.99,0
B00162,Klasse 2,1003,Schreiblernheft A4 Lineatur 3 (16 Blatt),1,0.99,0.99,0
B00162,Klasse 2,1005,Rechenheft A4 Lineatur 7 (7x7mm Kästchen),5,0.99,4.95,0
B00162,Klasse 2,1010,Knetmasse 10 Farben,1,3.49,3.49,0
B00162,Klasse 2,1040,Schnellhefter A4 Kunststoff grün,1,0.5,0.5,0
B00163,Klasse 6,1029,Geodreieck 16 cm transparent Aristo,1,1.2,1.2,0
B00163,Klasse 6,1040,Schnellhefter A4 Kunststoff grün,3,0.5,1.5,0
B00163,Klasse 6,1024,Schulheft A4 liniert Lineatur 21 (16 Blatt),10,0.99,9.9,0
B00163,Klasse 6,1036,Bleistift HB Grip 2001 Faber-Castell,3,1.5,4.5,0
B00163,Klasse 6,1044,Fineliner 10er Set Stabilo Point 88,1,7.99,7.99,0
B00163,Klasse 6,1033,Tintenkiller Super Pirat (2er Pack),2,2.49,4.98,0
B00163,Klasse 6,1018,Tuschkasten K12 (12 Farben),1,9.95,9.95,0
B00164,Klasse 2,1022,Schreiblern-Füller Lamy ABC,1,14.5,14.5,0
B00164,Klasse 2,1015,Radiergummi soft (für Bleistifte),1,0.8,0.8,0
B00164,Klasse 2,1008,Buntstifte 12er Set dreikant (dick),1,5.49,5.49,0
B00164,Klasse 2,1009,Wachsmalkreiden 12er Set (wasservermalbar),1,6.99,6.99,0
B00165,Klasse 10,1060,Prospekthüllen A4 transparent 100er Pack,1,3.99,3.99,0
B00165,Klasse 10,1032,Tintenpatronen blau T10 (5er Pack),1,1.8,1.8,0
B00165,Klasse 10,1027,Collegeblock A4 kariert (80 Blatt),2,1.79,3.58,0
B00165,Klasse 10,1041,Schnellhefter A4 Kunststoff gelb,3,0.5,1.5,0
B00165,Klasse 10,1038,Schnellhefter A4 Kunststoff blau,2,0.5,1.0,0
B00166,Klasse 6,1028,Collegeblock A4 liniert (80 Blatt),5,1.79,8.95,0
B00166,Klasse 6,1025,Schulheft A4 kariert Lineatur 22 (16 Blatt),1,0.99,0.99,0
B00166,Klasse 6,1024,Schulheft A4 liniert Lineatur 21 (16 Blatt),2,0.99,1.98,0
B00166,Klasse 6,1043,Textmarker-Set 4 Farben Stabilo Boss,1,4.99,4.99,0
B00166,Klasse 6,1017,Zeichenblock A3 (20 Blatt),1,2.49,2.49,0
B00167,Klasse 2,1015,Radiergummi soft (für Bleistifte),1,0.8,0.8,0
B00167,Klasse 2,1039,Schnellhefter A4 Kunststoff rot,3,0.5,1.5,0
B00167,Klasse 2,1009,Wachsmalkreiden 12er Set (wasservermalbar),1,6.99,6.99,0
B00167,Klasse 2,1011,Bastelschere rund 13cm Rechtshänder,1,2.2,2.2,0
B00167,Klasse 2,1040,Schnellhefter A4 Kunststoff grün,3,0.5,1.5,0
B00167,Klasse 2,1017,Zeichenblock A3 (20 Blatt),1,2.49,2.49,0
B00167,Klasse 2,1018,Tuschkasten K12 (12 Farben),1,9.95,9.95,0
B00168,Klasse 3 & 11,1022,Schreiblern-Füller Lamy ABC,1,14.5,14.5,1
B00168,Klasse 3 & 11,1014,Doppelanspitzer Dose Trio Grip,1,2.99,2.99,1
B00168,Klasse 3 & 11,1008,Buntstifte 12er Set dreikant (dick),1,5.49,5.49,1
B00168,Klasse 3 & 11,1031,Füllfederhalter Lamy Safari M,1,19.9,19.9,1
B00168,Klasse 3 & 11,1019,Borstenpinsel-Set (Größen 4/8/12),1,3.5,3.5,1
B00168,Klasse 3 & 11,1015,Radiergummi soft (für Bleistifte),1,0.8,0.8,1
B00168,Klasse 3 & 11,1039,Schnellhefter A4 Kunststoff rot,3,0.5,1.5,1
B00168,Klasse 3 & 11,1023,Hausaufgabenheft Grundschule A5,1,1.99,1.99,1
B00168,Klasse 3 & 11,1059,Karteikarten A7 liniert 100 Stück,1,1.49,1.49,1
B00168,Klasse 3 & 11,1049,Oxford Collegeblock A4 kariert (90g Papier),5,2.79,13.95,1
B00168,Klasse 3 & 11,1061,Tintenroller Pilot Frixion Ball 0.7 schwarz,1,3.29,3.29,1
B00169,Klasse 7,1031,Füllfederhalter Lamy Safari M,1,19.9,19.9,0
B00169,Klasse 7,1044,Fineliner 10er Set Stabilo Point 88,1,7.99,7.99,0
B00169,Klasse 7,1038,Schnellhefter A4 Kunststoff blau,1,0.5,0.5,0
B00169,Klasse 7,1061,Tintenroller Pilot Frixion Ball 0.7 schwarz,1,3.29,3.29,0
B00169,Klasse 7,1045,Ringbuch A4 schmal 25mm,3,2.99,8.97,0
B00169,Klasse 7,1040,Schnellhefter A4 Kunststoff grün,1,0.5,0.5,0
B00169,Klasse 7,1059,Karteikarten A7 liniert 100 Stück,1,1.49,1.49,0
B00170,Klasse 3,1019,Borstenpinsel-Set (Größen 4/8/12),1,3.5,3.5,0
B00170,Klasse 3,1005,Rechenheft A4 Lineatur 7 (7x7mm Kästchen),10,0.99,9.9,0
B00170,Klasse 3,1015,Radiergummi soft (für Bleistifte),1,0.8,0.8,0
B00170,Klasse 3,1006,Rechenheft A4 Lineatur 8 (5x5mm Kästchen),3,0.99,2.97,0
B00170,Klasse 3,1038,Schnellhefter A4 Kunststoff blau,2,0.5,1.0,0
B00170,Klasse 3,1031,Füllfederhalter Lamy Safari M,1,19.9,19.9,0
B00171,Klasse 11,1046,Ordner A4 breit 80mm schwarz,5,3.49,17.45,0
B00171,Klasse 11,1056,Kugelschreiber Grip 2011 M schwarz,2,4.5,9.0,0
B00171,Klasse 11,1015,Radiergummi soft (für Bleistifte),1,0.8,0.8,0
B00171,Klasse 11,1040,Schnellhefter A4 Kunststoff grün,2,0.5,1.0,0
B00171,Klasse 11,1060,Prospekthüllen A4 transparent 100er Pack,1,3.99,3.99,0
B00172,Klasse 2 & 3,1005,Rechenheft A4 Lineatur 7 (7x7mm Kästchen),5,0.99,4.95,1
B00172,Klasse 2 & 3,1008,Buntstifte 12er Set dreikant (dick),1,5.49,5.49,1
B00172,Klasse 2 & 3,1020,Haarpinsel-Set (Größen 2/6/10),1,3.99,3.99,1
B00172,Klasse 2 & 3,1015,Radiergummi soft (für Bleistifte),1,0.8,0.8,1
B00172,Klasse 2 & 3,1011,Bastelschere rund 13cm Rechtshänder,1,2.2,2.2,1
B00172,Klasse 2 & 3,1009,Wachsmalkreiden 12er Set (wasservermalbar),1,6.99,6.99,1
B00172,Klasse 2 & 3,1023,Hausaufgabenheft Grundschule A5,1,1.99,1.99,1
B00172,Klasse 2 & 3,1018,Tuschkasten K12 (12 Farben),1,9.95,9.95,1
B00172,Klasse 2 & 3,1040,Schnellhefter A4 Kunststoff grün,5,0.5,2.5,1
B00172,Klasse 2 & 3,1021,Knete-Unterlage Kunststoff A3,1,1.99,1.99,1
B00172,Klasse 2 & 3,1002,Schreiblernheft A4 Lineatur 2 (16 Blatt),3,0.99,2.97,1
B00172,Klasse 2 & 3,1007,Schreiblernbleistift Trio Grip (dick),1,1.99,1.99,1
B00173,Klasse 10,1046,Ordner A4 breit 80mm schwarz,5,3.49,17.45,0
B00173,Klasse 10,1037,Lineal 30cm Kunststoff transparent,1,1.1,1.1,0
B00174,Klasse 8,1034,Schulkompass Zirkel Staedtler,1,8.5,8.5,0
B00174,Klasse 8,1027,Collegeblock A4 kariert (80 Blatt),2,1.79,3.58,0
B00174,Klasse 8,1041,Schnellhefter A4 Kunststoff gelb,2,0.5,1.0,0
B00175,Klasse 9,1046,Ordner A4 breit 80mm schwarz,2,3.49,6.98,0
B00175,Klasse 9,1043,Textmarker-Set 4 Farben Stabilo Boss,1,4.99,4.99,0
B00175,Klasse 9,1057,Textmarker-Set Pastell 6 Farben Stabilo Boss,1,6.99,6.99,0
B00175,Klasse 9,1019,Borstenpinsel-Set (Größen 4/8/12),1,3.5,3.5,0
B00175,Klasse 9,1018,Tuschkasten K12 (12 Farben),1,9.95,9.95,0
B00176,Klasse 1,1010,Knetmasse 10 Farben,1,3.49,3.49,0
B00176,Klasse 1,1021,Knete-Unterlage Kunststoff A3,1,1.99,1.99,0
B00176,Klasse 1,1009,Wachsmalkreiden 12er Set (wasservermalbar),1,6.99,6.99,0
B00176,Klasse 1,1039,Schnellhefter A4 Kunststoff rot,2,0.5,1.0,0
B00176,Klasse 1,1040,Schnellhefter A4 Kunststoff grün,5,0.5,2.5,0
B00176,Klasse 1,1014,Doppelanspitzer Dose Trio Grip,1,2.99,2.99,0
B00176,Klasse 1,1008,Buntstifte 12er Set dreikant (dick),1,5.49,5.49,0
B00176,Klasse 1,1007,Schreiblernbleistift Trio Grip (dick),1,1.99,1.99,0
B00177,Klasse 7,1030,Geodreieck 22 cm Griff transparent,1,2.1,2.1,0
B00177,Klasse 7,1040,Schnellhefter A4 Kunststoff grün,2,0.5,1.0,0
B00177,Klasse 7,1046,Ordner A4 breit 80mm schwarz,2,3.49,6.98,0
B00177,Klasse 7,1042,Schnellhefter A4 Kunststoff orange,5,0.5,2.5,0
B00178,Klasse 7 & 8,1061,Tintenroller Pilot Frixion Ball 0.7 schwarz,1,3.29,3.29,1
B00178,Klasse 7 & 8,1037,Lineal 30cm Kunststoff transparent,1,1.1,1.1,1
B00178,Klasse 7 & 8,1048,Hausaufgabenheft A5 Classic,1,1.99,1.99,1
B00178,Klasse 7 & 8,1044,Fineliner 10er Set Stabilo Point 88,1,7.99,7.99,1
B00178,Klasse 7 & 8,1032,Tintenpatronen blau T10 (5er Pack),3,1.8,5.4,1
B00178,Klasse 7 & 8,1031,Füllfederhalter Lamy Safari M,1,19.9,19.9,1
B00178,Klasse 7 & 8,1036,Bleistift HB Grip 2001 Faber-Castell,1,1.5,1.5,1
B00178,Klasse 7 & 8,1041,Schnellhefter A4 Kunststoff gelb,5,0.5,2.5,1
B00178,Klasse 7 & 8,1038,Schnellhefter A4 Kunststoff blau,3,0.5,1.5,1
B00179,Klasse 1 & 6,1033,Tintenkiller Super Pirat (2er Pack),2,2.49,4.98,1
B00179,Klasse 1 & 6,1020,Haarpinsel-Set (Größen 2/6/10),1,3.99,3.99,1
B00179,Klasse 1 & 6,1039,Schnellhefter A4 Kunststoff rot,3,0.5,1.5,1
B00179,Klasse 1 & 6,1011,Bastelschere rund 13cm Rechtshänder,1,2.2,2.2,1
B00179,Klasse 1 & 6,1009,Wachsmalkreiden 12er Set (wasservermalbar),1,6.99,6.99,1
B00179,Klasse 1 & 6,1001,Schreiblernheft A4 Lineatur 1 (16 Blatt),3,0.99,2.97,1
B00179,Klasse 1 & 6,1021,Knete-Unterlage Kunststoff A3,1,1.99,1.99,1
B00179,Klasse 1 & 6,1042,Schnellhefter A4 Kunststoff orange,3,0.5,1.5,1
B00179,Klasse 1 & 6,1005,Rechenheft A4 Lineatur 7 (7x7mm Kästchen),3,0.99,2.97,1
B00180,Klasse 4 & 11,1041,Schnellhefter A4 Kunststoff gelb,1,0.5,0.5,1
B00180,Klasse 4 & 11,1024,Schulheft A4 liniert Lineatur 21 (16 Blatt),3,0.99,2.97,1
B00180,Klasse 4 & 11,1031,Füllfederhalter Lamy Safari M,1,19.9,19.9,1
B00180,Klasse 4 & 11,1020,Haarpinsel-Set (Größen 2/6/10),1,3.99,3.99,1
B00180,Klasse 4 & 11,1032,Tintenpatronen blau T10 (5er Pack),2,1.8,3.6,1
B00180,Klasse 4 & 11,1055,Kugelschreiber Grip 2011 M blau (dokumentenecht),1,4.5,4.5,1
B00180,Klasse 4 & 11,1037,Lineal 30cm Kunststoff transparent,1,1.1,1.1,1
B00180,Klasse 4 & 11,1015,Radiergummi soft (für Bleistifte),1,0.8,0.8,1
B00180,Klasse 4 & 11,1027,Collegeblock A4 kariert (80 Blatt),5,1.79,8.95,1
B00181,Klasse 11,1046,Ordner A4 breit 80mm schwarz,2,3.49,6.98,0
B00181,Klasse 11,1059,Karteikarten A7 liniert 100 Stück,1,1.49,1.49,0
B00181,Klasse 11,1050,Oxford Collegeblock A4 liniert (90g Papier),5,2.79,13.95,0
B00181,Klasse 11,1044,Fineliner 10er Set Stabilo Point 88,1,7.99,7.99,0
B00181,Klasse 11,1052,Formelsammlung Mathematik/Physik/Chemie Duden,1,12.99,12.99,0
B00182,Klasse 1,1023,Hausaufgabenheft Grundschule A5,1,1.99,1.99,0
B00182,Klasse 1,1039,Schnellhefter A4 Kunststoff rot,1,0.5,0.5,0
B00182,Klasse 1,1017,Zeichenblock A3 (20 Blatt),1,2.49,2.49,0
B00182,Klasse 1,1020,Haarpinsel-Set (Größen 2/6/10),1,3.99,3.99,0
B00183,Klasse 11,1061,Tintenroller Pilot Frixion Ball 0.7 schwarz,2,3.29,6.58,0
B00183,Klasse 11,1046,Ordner A4 breit 80mm schwarz,2,3.49,6.98,0
B00184,Klasse 9,1036,Bleistift HB Grip 2001 Faber-Castell,1,1.5,1.5,0
B00184,Klasse 9,1018,Tuschkasten K12 (12 Farben),1,9.95,9.95,0
B00184,Klasse 9,1061,Tintenroller Pilot Frixion Ball 0.7 schwarz,3,3.29,9.87,0
B00184,Klasse 9,1030,Geodreieck 22 cm Griff transparent,1,2.1,2.1,0
B00184,Klasse 9,1027,Collegeblock A4 kariert (80 Blatt),1,1.79,1.79,0
B00184,Klasse 9,1058,Haftnotizen Post-it 76x76mm gelb,1,1.99,1.99,0
B00184,Klasse 9,1059,Karteikarten A7 liniert 100 Stück,1,1.49,1.49,0
B00185,Klasse 9,1039,Schnellhefter A4 Kunststoff rot,1,0.5,0.5,0
B00185,Klasse 9,1047,Wissenschaftlicher Taschenrechner Casio fx-87DE X,1,24.99,24.99,0
B00185,Klasse 9,1056,Kugelschreiber Grip 2011 M schwarz,1,4.5,4.5,0
B00185,Klasse 9,1037,Lineal 30cm Kunststoff transparent,1,1.1,1.1,0
B00185,Klasse 9,1044,Fineliner 10er Set Stabilo Point 88,1,7.99,7.99,0
B00186,Klasse 12,1044,Fineliner 10er Set Stabilo Point 88,1,7.99,7.99,0
B00186,Klasse 12,1059,Karteikarten A7 liniert 100 Stück,1,1.49,1.49,0
B00186,Klasse 12,1060,Prospekthüllen A4 transparent 100er Pack,1,3.99,3.99,0
B00186,Klasse 12,1051,Grafikrechner Casio FX-CG50,1,119.0,119.0,0
B00187,Klasse 4 & 9,1016,Sammelbox A4 Karton blau,2,2.49,4.98,1
B00187,Klasse 4 & 9,1033,Tintenkiller Super Pirat (2er Pack),2,2.49,4.98,1
B00187,Klasse 4 & 9,1013,Klebestift Uhu Renature 21g,1,1.89,1.89,1
B00187,Klasse 4 & 9,1018,Tuschkasten K12 (12 Farben),1,9.95,9.95,1
B00187,Klasse 4 & 9,1012,Bastelschere rund 13cm Linkshänder,1,2.2,2.2,1
B00187,Klasse 4 & 9,1015,Radiergummi soft (für Bleistifte),1,0.8,0.8,1
B00187,Klasse 4 & 9,1004,Schulheft A4 Lineatur 4 (16 Blatt),10,0.99,9.9,1
B00187,Klasse 4 & 9,1041,Schnellhefter A4 Kunststoff gelb,3,0.5,1.5,1
B00187,Klasse 4 & 9,1061,Tintenroller Pilot Frixion Ball 0.7 schwarz,5,3.29,16.45,1
B00187,Klasse 4 & 9,1044,Fineliner 10er Set Stabilo Point 88,1,7.99,7.99,1
B00188,Klasse 12,1015,Radiergummi soft (für Bleistifte),1,0.8,0.8,0
B00188,Klasse 12,1046,Ordner A4 breit 80mm schwarz,2,3.49,6.98,0
B00188,Klasse 12,1051,Grafikrechner Casio FX-CG50,1,119.0,119.0,0
B00189,Klasse 9,1046,Ordner A4 breit 80mm schwarz,1,3.49,3.49,0
B00189,Klasse 9,1059,Karteikarten A7 liniert 100 Stück,1,1.49,1.49,0
B00189,Klasse 9,1015,Radiergummi soft (für Bleistifte),1,0.8,0.8,0
B00189,Klasse 9,1020,Haarpinsel-Set (Größen 2/6/10),1,3.99,3.99,0
B00189,Klasse 9,1047,Wissenschaftlicher Taschenrechner Casio fx-87DE X,1,24.99,24.99,0
B00190,Klasse 5 & 12,1040,Schnellhefter A4 Kunststoff grün,1,0.5,0.5,1
B00190,Klasse 5 & 12,1013,Klebestift Uhu Renature 21g,1,1.89,1.89,1
B00190,Klasse 5 & 12,1032,Tintenpatronen blau T10 (5er Pack),1,1.8,1.8,1
B00190,Klasse 5 & 12,1017,Zeichenblock A3 (20 Blatt),1,2.49,2.49,1
B00190,Klasse 5 & 12,1020,Haarpinsel-Set (Größen 2/6/10),1,3.99,3.99,1
B00190,Klasse 5 & 12,1011,Bastelschere rund 13cm Rechtshänder,1,2.2,2.2,1
B00190,Klasse 5 & 12,1039,Schnellhefter A4 Kunststoff rot,3,0.5,1.5,1
B00190,Klasse 5 & 12,1061,Tintenroller Pilot Frixion Ball 0.7 schwarz,2,3.29,6.58,1
B00190,Klasse 5 & 12,1027,Collegeblock A4 kariert (80 Blatt),3,1.79,5.37,1
B00190,Klasse 5 & 12,1044,Fineliner 10er Set Stabilo Point 88,1,7.99,7.99,1
B00191,Klasse 5,1038,Schnellhefter A4 Kunststoff blau,2,0.5,1.0,0
B00191,Klasse 5,1037,Lineal 30cm Kunststoff transparent,1,1.1,1.1,0
B00191,Klasse 5,1032,Tintenpatronen blau T10 (5er Pack),2,1.8,3.6,0
B00191,Klasse 5,1015,Radiergummi soft (für Bleistifte),1,0.8,0.8,0
B00191,Klasse 5,1035,Buntstifte 24er Set dreikant,1,8.99,8.99,0
B00191,Klasse 5,1017,Zeichenblock A3 (20 Blatt),1,2.49,2.49,0
B00192,Klasse 3,1039,Schnellhefter A4 Kunststoff rot,3,0.5,1.5,0
B00192,Klasse 3,1022,Schreiblern-Füller Lamy ABC,1,14.5,14.5,0
B00192,Klasse 3,1007,Schreiblernbleistift Trio Grip (dick),1,1.99,1.99,0
B00192,Klasse 3,1017,Zeichenblock A3 (20 Blatt),1,2.49,2.49,0
B00192,Klasse 3,1008,Buntstifte 12er Set dreikant (dick),1,5.49,5.49,0
B00192,Klasse 3,1019,Borstenpinsel-Set (Größen 4/8/12),1,3.5,3.5,0
B00192,Klasse 3,1042,Schnellhefter A4 Kunststoff orange,2,0.5,1.0,0
B00193,Klasse 8,1061,Tintenroller Pilot Frixion Ball 0.7 schwarz,2,3.29,6.58,0
B00193,Klasse 8,1037,Lineal 30cm Kunststoff transparent,1,1.1,1.1,0
B00193,Klasse 8,1028,Collegeblock A4 liniert (80 Blatt),1,1.79,1.79,0
B00193,Klasse 8,1055,Kugelschreiber Grip 2011 M blau (dokumentenecht),2,4.5,9.0,0
B00194,Klasse 3,1004,Schulheft A4 Lineatur 4 (16 Blatt),5,0.99,4.95,0
B00194,Klasse 3,1008,Buntstifte 12er Set dreikant (dick),1,5.49,5.49,0
B00194,Klasse 3,1041,Schnellhefter A4 Kunststoff gelb,3,0.5,1.5,0
B00194,Klasse 3,1040,Schnellhefter A4 Kunststoff grün,3,0.5,1.5,0
B00194,Klasse 3,1012,Bastelschere rund 13cm Linkshänder,1,2.2,2.2,0
B00194,Klasse 3,1020,Haarpinsel-Set (Größen 2/6/10),1,3.99,3.99,0
B00194,Klasse 3,1038,Schnellhefter A4 Kunststoff blau,2,0.5,1.0,0
B00194,Klasse 3,1011,Bastelschere rund 13cm Rechtshänder,1,2.2,2.2,0
B00195,Klasse 7,1015,Radiergummi soft (für Bleistifte),1,0.8,0.8,0
B00195,Klasse 7,1037,Lineal 30cm Kunststoff transparent,1,1.1,1.1,0
B00195,Klasse 7,1032,Tintenpatronen blau T10 (5er Pack),3,1.8,5.4,0
B00195,Klasse 7,1060,Prospekthüllen A4 transparent 100er Pack,1,3.99,3.99,0
B00195,Klasse 7,1041,Schnellhefter A4 Kunststoff gelb,1,0.5,0.5,0
B00195,Klasse 7,1031,Füllfederhalter Lamy Safari M,1,19.9,19.9,0
B00196,Klasse 1 & 6,1039,Schnellhefter A4 Kunststoff rot,1,0.5,0.5,1
B00196,Klasse 1 & 6,1007,Schreiblernbleistift Trio Grip (dick),1,1.99,1.99,1
B00196,Klasse 1 & 6,1029,Geodreieck 16 cm transparent Aristo,1,1.2,1.2,1
B00196,Klasse 1 & 6,1027,Collegeblock A4 kariert (80 Blatt),3,1.79,5.37,1
B00196,Klasse 1 & 6,1038,Schnellhefter A4 Kunststoff blau,3,0.5,1.5,1
B00196,Klasse 1 & 6,1054,Ringbucheinlagen A4 kariert 100 Blatt,3,2.29,6.87,1
B00196,Klasse 1 & 6,1040,Schnellhefter A4 Kunststoff grün,1,0.5,0.5,1
B00196,Klasse 1 & 6,1023,Hausaufgabenheft Grundschule A5,1,1.99,1.99,1
B00196,Klasse 1 & 6,1017,Zeichenblock A3 (20 Blatt),1,2.49,2.49,1
B00196,Klasse 1 & 6,1019,Borstenpinsel-Set (Größen 4/8/12),1,3.5,3.5,1
B00196,Klasse 1 & 6,1015,Radiergummi soft (für Bleistifte),1,0.8,0.8,1
B00196,Klasse 1 & 6,1005,Rechenheft A4 Lineatur 7 (7x7mm Kästchen),3,0.99,2.97,1
B00196,Klasse 1 & 6,1010,Knetmasse 10 Farben,1,3.49,3.49,1
B00197,Klasse 6 & 8,1056,Kugelschreiber Grip 2011 M schwarz,2,4.5,9.0,1
B00197,Klasse 6 & 8,1042,Schnellhefter A4 Kunststoff orange,1,0.5,0.5,1
B00197,Klasse 6 & 8,1034,Schulkompass Zirkel Staedtler,1,8.5,8.5,1
B00197,Klasse 6 & 8,1038,Schnellhefter A4 Kunststoff blau,5,0.5,2.5,1
B00197,Klasse 6 & 8,1025,Schulheft A4 kariert Lineatur 22 (16 Blatt),5,0.99,4.95,1
B00197,Klasse 6 & 8,1036,Bleistift HB Grip 2001 Faber-Castell,1,1.5,1.5,1
B00197,Klasse 6 & 8,1033,Tintenkiller Super Pirat (2er Pack),3,2.49,7.47,1
B00198,Klasse 10 & 12,1049,Oxford Collegeblock A4 kariert (90g Papier),2,2.79,5.58,1
B00198,Klasse 10 & 12,1057,Textmarker-Set Pastell 6 Farben Stabilo Boss,1,6.99,6.99,1
B00198,Klasse 10 & 12,1040,Schnellhefter A4 Kunststoff grün,3,0.5,1.5,1
B00198,Klasse 10 & 12,1055,Kugelschreiber Grip 2011 M blau (dokumentenecht),5,4.5,22.5,1
B00198,Klasse 10 & 12,1027,Collegeblock A4 kariert (80 Blatt),3,1.79,5.37,1
B00198,Klasse 10 & 12,1044,Fineliner 10er Set Stabilo Point 88,1,7.99,7.99,1
B00198,Klasse 10 & 12,1036,Bleistift HB Grip 2001 Faber-Castell,2,1.5,3.0,1
B00199,Klasse 11,1045,Ringbuch A4 schmal 25mm,3,2.99,8.97,0
B00199,Klasse 11,1050,Oxford Collegeblock A4 liniert (90g Papier),3,2.79,8.37,0
B00199,Klasse 11,1029,Geodreieck 16 cm transparent Aristo,1,1.2,1.2,0
B00199,Klasse 11,1052,Formelsammlung Mathematik/Physik/Chemie Duden,1,12.99,12.99,0
B00200,Klasse 10,1044,Fineliner 10er Set Stabilo Point 88,1,7.99,7.99,0
B00200,Klasse 10,1055,Kugelschreiber Grip 2011 M blau (dokumentenecht),2,4.5,9.0,0
B00200,Klasse 10,1056,Kugelschreiber Grip 2011 M schwarz,2,4.5,9.0,0
B00201,Klasse 9,1057,Textmarker-Set Pastell 6 Farben Stabilo Boss,1,6.99,6.99,0
B00201,Klasse 9,1024,Schulheft A4 liniert Lineatur 21 (16 Blatt),3,0.99,2.97,0
B00201,Klasse 9,1044,Fineliner 10er Set Stabilo Point 88,1,7.99,7.99,0
B00201,Klasse 9,1020,Haarpinsel-Set (Größen 2/6/10),1,3.99,3.99,0
B00201,Klasse 9,1034,Schulkompass Zirkel Staedtler,1,8.5,8.5,0
B00201,Klasse 9,1043,Textmarker-Set 4 Farben Stabilo Boss,1,4.99,4.99,0
B00201,Klasse 9,1040,Schnellhefter A4 Kunststoff grün,3,0.5,1.5,0
B00202,Klasse 7,1060,Prospekthüllen A4 transparent 100er Pack,1,3.99,3.99,0
B00202,Klasse 7,1024,Schulheft A4 liniert Lineatur 21 (16 Blatt),3,0.99,2.97,0
B00202,Klasse 7,1040,Schnellhefter A4 Kunststoff grün,2,0.5,1.0,0
B00202,Klasse 7,1028,Collegeblock A4 liniert (80 Blatt),2,1.79,3.58,0
B00202,Klasse 7,1043,Textmarker-Set 4 Farben Stabilo Boss,1,4.99,4.99,0
B00202,Klasse 7,1033,Tintenkiller Super Pirat (2er Pack),2,2.49,4.98,0
B00203,Klasse 7,1044,Fineliner 10er Set Stabilo Point 88,1,7.99,7.99,0
B00203,Klasse 7,1059,Karteikarten A7 liniert 100 Stück,1,1.49,1.49,0
B00203,Klasse 7,1037,Lineal 30cm Kunststoff transparent,1,1.1,1.1,0
B00203,Klasse 7,1017,Zeichenblock A3 (20 Blatt),1,2.49,2.49,0
B00203,Klasse 7,1047,Wissenschaftlicher Taschenrechner Casio fx-87DE X,1,24.99,24.99,0
B00203,Klasse 7,1061,Tintenroller Pilot Frixion Ball 0.7 schwarz,1,3.29,3.29,0
B00203,Klasse 7,1039,Schnellhefter A4 Kunststoff rot,3,0.5,1.5,0
B00204,Klasse 7,1018,Tuschkasten K12 (12 Farben),1,9.95,9.95,0
B00204,Klasse 7,1041,Schnellhefter A4 Kunststoff gelb,2,0.5,1.0,0
B00204,Klasse 7,1024,Schulheft A4 liniert Lineatur 21 (16 Blatt),1,0.99,0.99,0
B00204,Klasse 7,1045,Ringbuch A4 schmal 25mm,2,2.99,5.98,0
B00204,Klasse 7,1020,Haarpinsel-Set (Größen 2/6/10),1,3.99,3.99,0
B00205,Klasse 6,1060,Prospekthüllen A4 transparent 100er Pack,1,3.99,3.99,0
B00205,Klasse 6,1024,Schulheft A4 liniert Lineatur 21 (16 Blatt),5,0.99,4.95,0
B00205,Klasse 6,1039,Schnellhefter A4 Kunststoff rot,5,0.5,2.5,0
B00206,Klasse 8,1055,Kugelschreiber Grip 2011 M blau (dokumentenecht),5,4.5,22.5,0
B00206,Klasse 8,1056,Kugelschreiber Grip 2011 M schwarz,1,4.5,4.5,0
B00206,Klasse 8,1040,Schnellhefter A4 Kunststoff grün,5,0.5,2.5,0
B00206,Klasse 8,1044,Fineliner 10er Set Stabilo Point 88,1,7.99,7.99,0
B00207,Klasse 2,1022,Schreiblern-Füller Lamy ABC,1,14.5,14.5,0
B00207,Klasse 2,1039,Schnellhefter A4 Kunststoff rot,2,0.5,1.0,0
B00207,Klasse 2,1016,Sammelbox A4 Karton blau,3,2.49,7.47,0
B00207,Klasse 2,1040,Schnellhefter A4 Kunststoff grün,2,0.5,1.0,0
B00207,Klasse 2,1007,Schreiblernbleistift Trio Grip (dick),1,1.99,1.99,0
B00207,Klasse 2,1013,Klebestift Uhu Renature 21g,1,1.89,1.89,0
B00207,Klasse 2,1005,Rechenheft A4 Lineatur 7 (7x7mm Kästchen),5,0.99,4.95,0
B00207,Klasse 2,1015,Radiergummi soft (für Bleistifte),1,0.8,0.8,0
B00208,Klasse 10,1030,Geodreieck 22 cm Griff transparent,1,2.1,2.1,0
B00208,Klasse 10,1027,Collegeblock A4 kariert (80 Blatt),3,1.79,5.37,0
B00208,Klasse 10,1057,Textmarker-Set Pastell 6 Farben Stabilo Boss,1,6.99,6.99,0
B00208,Klasse 10,1039,Schnellhefter A4 Kunststoff rot,3,0.5,1.5,0
B00209,Klasse 9,1042,Schnellhefter A4 Kunststoff orange,5,0.5,2.5,0
B00209,Klasse 9,1058,Haftnotizen Post-it 76x76mm gelb,1,1.99,1.99,0
B00209,Klasse 9,1040,Schnellhefter A4 Kunststoff grün,1,0.5,0.5,0
B00209,Klasse 9,1039,Schnellhefter A4 Kunststoff rot,5,0.5,2.5,0
B00210,Klasse 3,1018,Tuschkasten K12 (12 Farben),1,9.95,9.95,0
B00210,Klasse 3,1013,Klebestift Uhu Renature 21g,1,1.89,1.89,0
B00210,Klasse 3,1041,Schnellhefter A4 Kunststoff gelb,5,0.5,2.5,0
B00210,Klasse 3,1017,Zeichenblock A3 (20 Blatt),1,2.49,2.49,0
B00210,Klasse 3,1029,Geodreieck 16 cm transparent Aristo,1,1.2,1.2,0
B00210,Klasse 3,1012,Bastelschere rund 13cm Linkshänder,1,2.2,2.2,0
B00210,Klasse 3,1040,Schnellhefter A4 Kunststoff grün,2,0.5,1.0,0
B00211,Klasse 4,1033,Tintenkiller Super Pirat (2er Pack),3,2.49,7.47,0
B00211,Klasse 4,1040,Schnellhefter A4 Kunststoff grün,5,0.5,2.5,0
B00211,Klasse 4,1031,Füllfederhalter Lamy Safari M,1,19.9,19.9,0
B00211,Klasse 4,1004,Schulheft A4 Lineatur 4 (16 Blatt),2,0.99,1.98,0
B00211,Klasse 4,1023,Hausaufgabenheft Grundschule A5,1,1.99,1.99,0
B00212,Klasse 6 & 7,1020,Haarpinsel-Set (Größen 2/6/10),1,3.99,3.99,1
B00212,Klasse 6 & 7,1032,Tintenpatronen blau T10 (5er Pack),5,1.8,9.0,1
B00212,Klasse 6 & 7,1026,Vokabelheft A5 Lineatur 53 (32 Blatt),10,1.29,12.9,1
B00212,Klasse 6 & 7,1045,Ringbuch A4 schmal 25mm,2,2.99,5.98,1
B00212,Klasse 6 & 7,1040,Schnellhefter A4 Kunststoff grün,5,0.5,2.5,1
B00212,Klasse 6 & 7,1041,Schnellhefter A4 Kunststoff gelb,2,0.5,1.0,1
B00212,Klasse 6 & 7,1015,Radiergummi soft (für Bleistifte),1,0.8,0.8,1
B00212,Klasse 6 & 7,1025,Schulheft A4 kariert Lineatur 22 (16 Blatt),3,0.99,2.97,1
B00212,Klasse 6 & 7,1028,Collegeblock A4 liniert (80 Blatt),3,1.79,5.37,1
B00212,Klasse 6 & 7,1036,Bleistift HB Grip 2001 Faber-Castell,3,1.5,4.5,1
B00213,Klasse 11,1036,Bleistift HB Grip 2001 Faber-Castell,1,1.5,1.5,0
B00213,Klasse 11,1015,Radiergummi soft (für Bleistifte),1,0.8,0.8,0
B00213,Klasse 11,1045,Ringbuch A4 schmal 25mm,5,2.99,14.95,0
B00213,Klasse 11,1044,Fineliner 10er Set Stabilo Point 88,1,7.99,7.99,0
B00213,Klasse 11,1037,Lineal 30cm Kunststoff transparent,1,1.1,1.1,0
B00214,Klasse 10,1034,Schulkompass Zirkel Staedtler,1,8.5,8.5,0
B00214,Klasse 10,1059,Karteikarten A7 liniert 100 Stück,1,1.49,1.49,0
B00214,Klasse 10,1036,Bleistift HB Grip 2001 Faber-Castell,2,1.5,3.0,0
B00214,Klasse 10,1029,Geodreieck 16 cm transparent Aristo,1,1.2,1.2,0
B00215,Klasse 1 & 9,1041,Schnellhefter A4 Kunststoff gelb,1,0.5,0.5,1
B00215,Klasse 1 & 9,1045,Ringbuch A4 schmal 25mm,1,2.99,2.99,1
B00215,Klasse 1 & 9,1060,Prospekthüllen A4 transparent 100er Pack,1,3.99,3.99,1
B00215,Klasse 1 & 9,1023,Hausaufgabenheft Grundschule A5,1,1.99,1.99,1
B00215,Klasse 1 & 9,1007,Schreiblernbleistift Trio Grip (dick),3,1.99,5.97,1
B00215,Klasse 1 & 9,1013,Klebestift Uhu Renature 21g,1,1.89,1.89,1
B00215,Klasse 1 & 9,1020,Haarpinsel-Set (Größen 2/6/10),1,3.99,3.99,1
B00215,Klasse 1 & 9,1019,Borstenpinsel-Set (Größen 4/8/12),1,3.5,3.5,1
B00215,Klasse 1 & 9,1012,Bastelschere rund 13cm Linkshänder,1,2.2,2.2,1
B00215,Klasse 1 & 9,1005,Rechenheft A4 Lineatur 7 (7x7mm Kästchen),3,0.99,2.97,1
B00216,Klasse 10,1055,Kugelschreiber Grip 2011 M blau (dokumentenecht),2,4.5,9.0,0
B00216,Klasse 10,1056,Kugelschreiber Grip 2011 M schwarz,3,4.5,13.5,0
B00216,Klasse 10,1045,Ringbuch A4 schmal 25mm,3,2.99,8.97,0
B00217,Klasse 2 & 6,1002,Schreiblernheft A4 Lineatur 2 (16 Blatt),10,0.99,9.9,1
B00217,Klasse 2 & 6,1019,Borstenpinsel-Set (Größen 4/8/12),1,3.5,3.5,1
B00217,Klasse 2 & 6,1007,Schreiblernbleistift Trio Grip (dick),2,1.99,3.98,1
B00217,Klasse 2 & 6,1013,Klebestift Uhu Renature 21g,1,1.89,1.89,1
B00217,Klasse 2 & 6,1017,Zeichenblock A3 (20 Blatt),1,2.49,2.49,1
B00217,Klasse 2 & 6,1016,Sammelbox A4 Karton blau,3,2.49,7.47,1
B00217,Klasse 2 & 6,1015,Radiergummi soft (für Bleistifte),1,0.8,0.8,1
B00217,Klasse 2 & 6,1041,Schnellhefter A4 Kunststoff gelb,3,0.5,1.5,1
B00217,Klasse 2 & 6,1036,Bleistift HB Grip 2001 Faber-Castell,2,1.5,3.0,1
B00218,Klasse 7,1044,Fineliner 10er Set Stabilo Point 88,1,7.99,7.99,0
B00218,Klasse 7,1040,Schnellhefter A4 Kunststoff grün,5,0.5,2.5,0
B00218,Klasse 7,1038,Schnellhefter A4 Kunststoff blau,1,0.5,0.5,0
B00218,Klasse 7,1015,Radiergummi soft (für Bleistifte),1,0.8,0.8,0
B00218,Klasse 7,1030,Geodreieck 22 cm Griff transparent,1,2.1,2.1,0
B00218,Klasse 7,1060,Prospekthüllen A4 transparent 100er Pack,1,3.99,3.99,0
B00219,Klasse 2,1012,Bastelschere rund 13cm Linkshänder,1,2.2,2.2,0
B00219,Klasse 2,1041,Schnellhefter A4 Kunststoff gelb,1,0.5,0.5,0
B00219,Klasse 2,1005,Rechenheft A4 Lineatur 7 (7x7mm Kästchen),3,0.99,2.97,0
B00219,Klasse 2,1011,Bastelschere rund 13cm Rechtshänder,1,2.2,2.2,0
B00219,Klasse 2,1017,Zeichenblock A3 (20 Blatt),1,2.49,2.49,0
B00219,Klasse 2,1042,Schnellhefter A4 Kunststoff orange,2,0.5,1.0,0
B00220,Klasse 1,1013,Klebestift Uhu Renature 21g,1,1.89,1.89,0
B00220,Klasse 1,1023,Hausaufgabenheft Grundschule A5,1,1.99,1.99,0
B00220,Klasse 1,1021,Knete-Unterlage Kunststoff A3,1,1.99,1.99,0
B00220,Klasse 1,1038,Schnellhefter A4 Kunststoff blau,3,0.5,1.5,0
B00220,Klasse 1,1042,Schnellhefter A4 Kunststoff orange,1,0.5,0.5,0
B00220,Klasse 1,1001,Schreiblernheft A4 Lineatur 1 (16 Blatt),1,0.99,0.99,0
B00220,Klasse 1,1016,Sammelbox A4 Karton blau,3,2.49,7.47,0
B00220,Klasse 1,1011,Bastelschere rund 13cm Rechtshänder,1,2.2,2.2,0
B00221,Klasse 11,1045,Ringbuch A4 schmal 25mm,2,2.99,5.98,0
B00221,Klasse 11,1037,Lineal 30cm Kunststoff transparent,1,1.1,1.1,0
B00221,Klasse 11,1058,Haftnotizen Post-it 76x76mm gelb,1,1.99,1.99,0
B00222,Klasse 2 & 8,1020,Haarpinsel-Set (Größen 2/6/10),1,3.99,3.99,1
B00222,Klasse 2 & 8,1023,Hausaufgabenheft Grundschule A5,1,1.99,1.99,1
B00222,Klasse 2 & 8,1014,Doppelanspitzer Dose Trio Grip,1,2.99,2.99,1
B00222,Klasse 2 & 8,1007,Schreiblernbleistift Trio Grip (dick),2,1.99,3.98,1
B00222,Klasse 2 & 8,1041,Schnellhefter A4 Kunststoff gelb,3,0.5,1.5,1
B00222,Klasse 2 & 8,1038,Schnellhefter A4 Kunststoff blau,2,0.5,1.0,1
B00222,Klasse 2 & 8,1010,Knetmasse 10 Farben,1,3.49,3.49,1
B00222,Klasse 2 & 8,1057,Textmarker-Set Pastell 6 Farben Stabilo Boss,1,6.99,6.99,1
B00222,Klasse 2 & 8,1031,Füllfederhalter Lamy Safari M,1,19.9,19.9,1
B00222,Klasse 2 & 8,1046,Ordner A4 breit 80mm schwarz,5,3.49,17.45,1
B00222,Klasse 2 & 8,1061,Tintenroller Pilot Frixion Ball 0.7 schwarz,5,3.29,16.45,1
B00223,Klasse 4,1044,Fineliner 10er Set Stabilo Point 88,1,7.99,7.99,0
B00223,Klasse 4,1033,Tintenkiller Super Pirat (2er Pack),1,2.49,2.49,0
B00223,Klasse 4,1018,Tuschkasten K12 (12 Farben),1,9.95,9.95,0
B00223,Klasse 4,1046,Ordner A4 breit 80mm schwarz,3,3.49,10.47,0
B00223,Klasse 4,1012,Bastelschere rund 13cm Linkshänder,1,2.2,2.2,0
B00223,Klasse 4,1036,Bleistift HB Grip 2001 Faber-Castell,2,1.5,3.0,0
B00224,Klasse 2,1007,Schreiblernbleistift Trio Grip (dick),5,1.99,9.95,0
B00224,Klasse 2,1018,Tuschkasten K12 (12 Farben),1,9.95,9.95,0
B00224,Klasse 2,1041,Schnellhefter A4 Kunststoff gelb,1,0.5,0.5,0
B00224,Klasse 2,1039,Schnellhefter A4 Kunststoff rot,1,0.5,0.5,0
B00224,Klasse 2,1002,Schreiblernheft A4 Lineatur 2 (16 Blatt),10,0.99,9.9,0
B00225,Klasse 3,1017,Zeichenblock A3 (20 Blatt),1,2.49,2.49,0
B00225,Klasse 3,1015,Radiergummi soft (für Bleistifte),1,0.8,0.8,0
B00225,Klasse 3,1039,Schnellhefter A4 Kunststoff rot,2,0.5,1.0,0
B00225,Klasse 3,1042,Schnellhefter A4 Kunststoff orange,2,0.5,1.0,0
B00226,Klasse 4,1031,Füllfederhalter Lamy Safari M,1,19.9,19.9,0
B00226,Klasse 4,1036,Bleistift HB Grip 2001 Faber-Castell,2,1.5,3.0,0
B00226,Klasse 4,1015,Radiergummi soft (für Bleistifte),1,0.8,0.8,0
B00226,Klasse 4,1023,Hausaufgabenheft Grundschule A5,1,1.99,1.99,0
B00226,Klasse 4,1033,Tintenkiller Super Pirat (2er Pack),2,2.49,4.98,0
B00226,Klasse 4,1012,Bastelschere rund 13cm Linkshänder,1,2.2,2.2,0
B00226,Klasse 4,1019,Borstenpinsel-Set (Größen 4/8/12),1,3.5,3.5,0
B00226,Klasse 4,1020,Haarpinsel-Set (Größen 2/6/10),1,3.99,3.99,0
B00226,Klasse 4,1060,Prospekthüllen A4 transparent 100er Pack,1,3.99,3.99,0
B00227,Klasse 8 & 10,1033,Tintenkiller Super Pirat (2er Pack),1,2.49,2.49,1
B00227,Klasse 8 & 10,1020,Haarpinsel-Set (Größen 2/6/10),1,3.99,3.99,1
B00227,Klasse 8 & 10,1039,Schnellhefter A4 Kunststoff rot,2,0.5,1.0,1
B00227,Klasse 8 & 10,1038,Schnellhefter A4 Kunststoff blau,2,0.5,1.0,1
B00227,Klasse 8 & 10,1057,Textmarker-Set Pastell 6 Farben Stabilo Boss,1,6.99,6.99,1
B00227,Klasse 8 & 10,1043,Textmarker-Set 4 Farben Stabilo Boss,1,4.99,4.99,1
B00227,Klasse 8 & 10,1050,Oxford Collegeblock A4 liniert (90g Papier),3,2.79,8.37,1
B00228,Klasse 8,1036,Bleistift HB Grip 2001 Faber-Castell,1,1.5,1.5,0
B00228,Klasse 8,1019,Borstenpinsel-Set (Größen 4/8/12),1,3.5,3.5,0
B00228,Klasse 8,1057,Textmarker-Set Pastell 6 Farben Stabilo Boss,1,6.99,6.99,0
B00228,Klasse 8,1055,Kugelschreiber Grip 2011 M blau (dokumentenecht),1,4.5,4.5,0
B00228,Klasse 8,1038,Schnellhefter A4 Kunststoff blau,5,0.5,2.5,0
B00228,Klasse 8,1042,Schnellhefter A4 Kunststoff orange,2,0.5,1.0,0
B00229,Klasse 6,1028,Collegeblock A4 liniert (80 Blatt),5,1.79,8.95,0
B00229,Klasse 6,1038,Schnellhefter A4 Kunststoff blau,3,0.5,1.5,0
B00229,Klasse 6,1043,Textmarker-Set 4 Farben Stabilo Boss,1,4.99,4.99,0
B00229,Klasse 6,1033,Tintenkiller Super Pirat (2er Pack),1,2.49,2.49,0
B00229,Klasse 6,1013,Klebestift Uhu Renature 21g,1,1.89,1.89,0
B00229,Klasse 6,1032,Tintenpatronen blau T10 (5er Pack),1,1.8,1.8,0
B00230,Klasse 5,1026,Vokabelheft A5 Lineatur 53 (32 Blatt),2,1.29,2.58,0
B00230,Klasse 5,1045,Ringbuch A4 schmal 25mm,2,2.99,5.98,0
B00230,Klasse 5,1029,Geodreieck 16 cm transparent Aristo,1,1.2,1.2,0
B00230,Klasse 5,1033,Tintenkiller Super Pirat (2er Pack),1,2.49,2.49,0
B00231,Klasse 9,1056,Kugelschreiber Grip 2011 M schwarz,3,4.5,13.5,0
B00231,Klasse 9,1035,Buntstifte 24er Set dreikant,1,8.99,8.99,0
B00231,Klasse 9,1015,Radiergummi soft (für Bleistifte),1,0.8,0.8,0
B00231,Klasse 9,1024,Schulheft A4 liniert Lineatur 21 (16 Blatt),3,0.99,2.97,0
B00231,Klasse 9,1044,Fineliner 10er Set Stabilo Point 88,1,7.99,7.99,0
B00231,Klasse 9,1032,Tintenpatronen blau T10 (5er Pack),5,1.8,9.0,0
B00231,Klasse 9,1038,Schnellhefter A4 Kunststoff blau,2,0.5,1.0,0
B00232,Klasse 11,1045,Ringbuch A4 schmal 25mm,3,2.99,8.97,0
B00232,Klasse 11,1061,Tintenroller Pilot Frixion Ball 0.7 schwarz,1,3.29,3.29,0
B00232,Klasse 11,1043,Textmarker-Set 4 Farben Stabilo Boss,1,4.99,4.99,0
B00233,Klasse 12,1029,Geodreieck 16 cm transparent Aristo,1,1.2,1.2,0
B00233,Klasse 12,1052,Formelsammlung Mathematik/Physik/Chemie Duden,1,12.99,12.99,0
B00234,Klasse 1,1038,Schnellhefter A4 Kunststoff blau,5,0.5,2.5,0
B00234,Klasse 1,1017,Zeichenblock A3 (20 Blatt),1,2.49,2.49,0
B00234,Klasse 1,1012,Bastelschere rund 13cm Linkshänder,1,2.2,2.2,0
B00234,Klasse 1,1042,Schnellhefter A4 Kunststoff orange,2,0.5,1.0,0
B00235,Klasse 9,1037,Lineal 30cm Kunststoff transparent,1,1.1,1.1,0
B00235,Klasse 9,1049,Oxford Collegeblock A4 kariert (90g Papier),1,2.79,2.79,0
B00235,Klasse 9,1054,Ringbucheinlagen A4 kariert 100 Blatt,5,2.29,11.45,0
B00235,Klasse 9,1025,Schulheft A4 kariert Lineatur 22 (16 Blatt),1,0.99,0.99,0
B00235,Klasse 9,1040,Schnellhefter A4 Kunststoff grün,1,0.5,0.5,0
B00236,Klasse 8,1018,Tuschkasten K12 (12 Farben),1,9.95,9.95,0
B00236,Klasse 8,1061,Tintenroller Pilot Frixion Ball 0.7 schwarz,2,3.29,6.58,0
B00236,Klasse 8,1025,Schulheft A4 kariert Lineatur 22 (16 Blatt),1,0.99,0.99,0
B00237,Klasse 9,1045,Ringbuch A4 schmal 25mm,3,2.99,8.97,0
B00237,Klasse 9,1044,Fineliner 10er Set Stabilo Point 88,1,7.99,7.99,0
B00237,Klasse 9,1027,Collegeblock A4 kariert (80 Blatt),3,1.79,5.37,0
B00237,Klasse 9,1061,Tintenroller Pilot Frixion Ball 0.7 schwarz,3,3.29,9.87,0
B00238,Klasse 10,1043,Textmarker-Set 4 Farben Stabilo Boss,1,4.99,4.99,0
B00238,Klasse 10,1050,Oxford Collegeblock A4 liniert (90g Papier),2,2.79,5.58,0
B00238,Klasse 10,1018,Tuschkasten K12 (12 Farben),1,9.95,9.95,0
B00239,Klasse 9,1056,Kugelschreiber Grip 2011 M schwarz,2,4.5,9.0,0
B00239,Klasse 9,1059,Karteikarten A7 liniert 100 Stück,1,1.49,1.49,0
B00239,Klasse 9,1050,Oxford Collegeblock A4 liniert (90g Papier),2,2.79,5.58,0
B00239,Klasse 9,1017,Zeichenblock A3 (20 Blatt),1,2.49,2.49,0
B00240,Klasse 1,1038,Schnellhefter A4 Kunststoff blau,2,0.5,1.0,0
B00240,Klasse 1,1023,Hausaufgabenheft Grundschule A5,1,1.99,1.99,0
B00240,Klasse 1,1018,Tuschkasten K12 (12 Farben),1,9.95,9.95,0
B00240,Klasse 1,1042,Schnellhefter A4 Kunststoff orange,2,0.5,1.0,0
B00240,Klasse 1,1008,Buntstifte 12er Set dreikant (dick),1,5.49,5.49,0
B00240,Klasse 1,1009,Wachsmalkreiden 12er Set (wasservermalbar),1,6.99,6.99,0
B00241,Klasse 5,1024,Schulheft A4 liniert Lineatur 21 (16 Blatt),3,0.99,2.97,0
B00241,Klasse 5,1025,Schulheft A4 kariert Lineatur 22 (16 Blatt),5,0.99,4.95,0
B00241,Klasse 5,1031,Füllfederhalter Lamy Safari M,1,19.9,19.9,0
B00241,Klasse 5,1041,Schnellhefter A4 Kunststoff gelb,2,0.5,1.0,0
B00242,Klasse 3,1013,Klebestift Uhu Renature 21g,1,1.89,1.89,0
B00242,Klasse 3,1031,Füllfederhalter Lamy Safari M,1,19.9,19.9,0
B00242,Klasse 3,1023,Hausaufgabenheft Grundschule A5,1,1.99,1.99,0
B00242,Klasse 3,1016,Sammelbox A4 Karton blau,2,2.49,4.98,0
B00243,Klasse 12,1030,Geodreieck 22 cm Griff transparent,1,2.1,2.1,0
B00243,Klasse 12,1029,Geodreieck 16 cm transparent Aristo,1,1.2,1.2,0
B00243,Klasse 12,1044,Fineliner 10er Set Stabilo Point 88,1,7.99,7.99,0
B00243,Klasse 12,1046,Ordner A4 breit 80mm schwarz,5,3.49,17.45,0
B00244,Klasse 2,1005,Rechenheft A4 Lineatur 7 (7x7mm Kästchen),5,0.99,4.95,0
B00244,Klasse 2,1021,Knete-Unterlage Kunststoff A3,1,1.99,1.99,0
B00244,Klasse 2,1040,Schnellhefter A4 Kunststoff grün,5,0.5,2.5,0
B00244,Klasse 2,1010,Knetmasse 10 Farben,1,3.49,3.49,0
B00244,Klasse 2,1007,Schreiblernbleistift Trio Grip (dick),1,1.99,1.99,0
B00244,Klasse 2,1012,Bastelschere rund 13cm Linkshänder,1,2.2,2.2,0
B00244,Klasse 2,1041,Schnellhefter A4 Kunststoff gelb,1,0.5,0.5,0
B00244,Klasse 2,1022,Schreiblern-Füller Lamy ABC,1,14.5,14.5,0
B00245,Klasse 12,1055,Kugelschreiber Grip 2011 M blau (dokumentenecht),3,4.5,13.5,0
B00245,Klasse 12,1060,Prospekthüllen A4 transparent 100er Pack,1,3.99,3.99,0
B00245,Klasse 12,1057,Textmarker-Set Pastell 6 Farben Stabilo Boss,1,6.99,6.99,0
B00245,Klasse 12,1059,Karteikarten A7 liniert 100 Stück,1,1.49,1.49,0
B00245,Klasse 12,1058,Haftnotizen Post-it 76x76mm gelb,1,1.99,1.99,0
B00246,Klasse 7 & 12,1054,Ringbucheinlagen A4 kariert 100 Blatt,5,2.29,11.45,1
B00246,Klasse 7 & 12,1030,Geodreieck 22 cm Griff transparent,1,2.1,2.1,1
B00246,Klasse 7 & 12,1058,Haftnotizen Post-it 76x76mm gelb,1,1.99,1.99,1
B00246,Klasse 7 & 12,1049,Oxford Collegeblock A4 kariert (90g Papier),3,2.79,8.37,1
B00246,Klasse 7 & 12,1029,Geodreieck 16 cm transparent Aristo,1,1.2,1.2,1
B00246,Klasse 7 & 12,1059,Karteikarten A7 liniert 100 Stück,1,1.49,1.49,1
B00246,Klasse 7 & 12,1035,Buntstifte 24er Set dreikant,1,8.99,8.99,1
B00246,Klasse 7 & 12,1033,Tintenkiller Super Pirat (2er Pack),5,2.49,12.45,1
B00246,Klasse 7 & 12,1034,Schulkompass Zirkel Staedtler,1,8.5,8.5,1
B00246,Klasse 7 & 12,1043,Textmarker-Set 4 Farben Stabilo Boss,1,4.99,4.99,1
B00246,Klasse 7 & 12,1040,Schnellhefter A4 Kunststoff grün,1,0.5,0.5,1
B00246,Klasse 7 & 12,1031,Füllfederhalter Lamy Safari M,1,19.9,19.9,1
B00247,Klasse 7,1032,Tintenpatronen blau T10 (5er Pack),1,1.8,1.8,0
B00247,Klasse 7,1015,Radiergummi soft (für Bleistifte),1,0.8,0.8,0
B00247,Klasse 7,1044,Fineliner 10er Set Stabilo Point 88,1,7.99,7.99,0
B00247,Klasse 7,1039,Schnellhefter A4 Kunststoff rot,1,0.5,0.5,0
B00247,Klasse 7,1029,Geodreieck 16 cm transparent Aristo,1,1.2,1.2,0
B00247,Klasse 7,1060,Prospekthüllen A4 transparent 100er Pack,1,3.99,3.99,0
B00248,Klasse 12,1058,Haftnotizen Post-it 76x76mm gelb,1,1.99,1.99,0
B00248,Klasse 12,1037,Lineal 30cm Kunststoff transparent,1,1.1,1.1,0
B00249,Klasse 1,1040,Schnellhefter A4 Kunststoff grün,1,0.5,0.5,0
B00249,Klasse 1,1001,Schreiblernheft A4 Lineatur 1 (16 Blatt),1,0.99,0.99,0
B00249,Klasse 1,1013,Klebestift Uhu Renature 21g,1,1.89,1.89,0
B00249,Klasse 1,1039,Schnellhefter A4 Kunststoff rot,2,0.5,1.0,0
B00249,Klasse 1,1018,Tuschkasten K12 (12 Farben),1,9.95,9.95,0
B00249,Klasse 1,1007,Schreiblernbleistift Trio Grip (dick),1,1.99,1.99,0
B00249,Klasse 1,1008,Buntstifte 12er Set dreikant (dick),1,5.49,5.49,0
B00250,Klasse 2,1008,Buntstifte 12er Set dreikant (dick),1,5.49,5.49,0
B00250,Klasse 2,1009,Wachsmalkreiden 12er Set (wasservermalbar),1,6.99,6.99,0
B00250,Klasse 2,1018,Tuschkasten K12 (12 Farben),1,9.95,9.95,0
B00250,Klasse 2,1038,Schnellhefter A4 Kunststoff blau,1,0.5,0.5,0
B00250,Klasse 2,1011,Bastelschere rund 13cm Rechtshänder,1,2.2,2.2,0
B00250,Klasse 2,1042,Schnellhefter A4 Kunststoff orange,2,0.5,1.0,0
B00250,Klasse 2,1023,Hausaufgabenheft Grundschule A5,1,1.99,1.99,0
B00251,Klasse 8,1028,Collegeblock A4 liniert (80 Blatt),3,1.79,5.37,0
B00251,Klasse 8,1017,Zeichenblock A3 (20 Blatt),1,2.49,2.49,0
B00251,Klasse 8,1056,Kugelschreiber Grip 2011 M schwarz,1,4.5,4.5,0
B00251,Klasse 8,1029,Geodreieck 16 cm transparent Aristo,1,1.2,1.2,0
B00251,Klasse 8,1042,Schnellhefter A4 Kunststoff orange,3,0.5,1.5,0
B00251,Klasse 8,1057,Textmarker-Set Pastell 6 Farben Stabilo Boss,1,6.99,6.99,0
B00252,Klasse 2,1015,Radiergummi soft (für Bleistifte),1,0.8,0.8,0
B00252,Klasse 2,1017,Zeichenblock A3 (20 Blatt),1,2.49,2.49,0
B00252,Klasse 2,1014,Doppelanspitzer Dose Trio Grip,1,2.99,2.99,0
B00252,Klasse 2,1001,Schreiblernheft A4 Lineatur 1 (16 Blatt),5,0.99,4.95,0
B00252,Klasse 2,1012,Bastelschere rund 13cm Linkshänder,1,2.2,2.2,0
B00252,Klasse 2,1023,Hausaufgabenheft Grundschule A5,1,1.99,1.99,0
B00252,Klasse 2,1008,Buntstifte 12er Set dreikant (dick),1,5.49,5.49,0
B00252,Klasse 2,1016,Sammelbox A4 Karton blau,2,2.49,4.98,0
B00252,Klasse 2,1009,Wachsmalkreiden 12er Set (wasservermalbar),1,6.99,6.99,0
B00253,Klasse 12,1049,Oxford Collegeblock A4 kariert (90g Papier),3,2.79,8.37,0
B00253,Klasse 12,1056,Kugelschreiber Grip 2011 M schwarz,3,4.5,13.5,0
B00254,Klasse 4,1008,Buntstifte 12er Set dreikant (dick),1,5.49,5.49,0
B00254,Klasse 4,1029,Geodreieck 16 cm transparent Aristo,1,1.2,1.2,0
B00254,Klasse 4,1041,Schnellhefter A4 Kunststoff gelb,2,0.5,1.0,0
B00254,Klasse 4,1031,Füllfederhalter Lamy Safari M,1,19.9,19.9,0
B00254,Klasse 4,1012,Bastelschere rund 13cm Linkshänder,1,2.2,2.2,0
B00254,Klasse 4,1040,Schnellhefter A4 Kunststoff grün,2,0.5,1.0,0
B00254,Klasse 4,1042,Schnellhefter A4 Kunststoff orange,3,0.5,1.5,0
B00255,Klasse 11 & 12,1061,Tintenroller Pilot Frixion Ball 0.7 schwarz,1,3.29,3.29,1
B00255,Klasse 11 & 12,1037,Lineal 30cm Kunststoff transparent,1,1.1,1.1,1
B00255,Klasse 11 & 12,1015,Radiergummi soft (für Bleistifte),1,0.8,0.8,1
B00255,Klasse 11 & 12,1058,Haftnotizen Post-it 76x76mm gelb,1,1.99,1.99,1
B00255,Klasse 11 & 12,1057,Textmarker-Set Pastell 6 Farben Stabilo Boss,1,6.99,6.99,1
B00255,Klasse 11 & 12,1059,Karteikarten A7 liniert 100 Stück,1,1.49,1.49,1
B00256,Klasse 3,1012,Bastelschere rund 13cm Linkshänder,1,2.2,2.2,0
B00256,Klasse 3,1011,Bastelschere rund 13cm Rechtshänder,1,2.2,2.2,0
B00256,Klasse 3,1006,Rechenheft A4 Lineatur 8 (5x5mm Kästchen),3,0.99,2.97,0
B00256,Klasse 3,1017,Zeichenblock A3 (20 Blatt),1,2.49,2.49,0
B00257,Klasse 11,1058,Haftnotizen Post-it 76x76mm gelb,1,1.99,1.99,0
B00257,Klasse 11,1036,Bleistift HB Grip 2001 Faber-Castell,1,1.5,1.5,0
B00258,Klasse 1,1016,Sammelbox A4 Karton blau,2,2.49,4.98,0
B00258,Klasse 1,1017,Zeichenblock A3 (20 Blatt),1,2.49,2.49,0
B00258,Klasse 1,1021,Knete-Unterlage Kunststoff A3,1,1.99,1.99,0
B00258,Klasse 1,1019,Borstenpinsel-Set (Größen 4/8/12),1,3.5,3.5,0
B00258,Klasse 1,1018,Tuschkasten K12 (12 Farben),1,9.95,9.95,0
B00259,Klasse 11,1036,Bleistift HB Grip 2001 Faber-Castell,1,1.5,1.5,0
B00259,Klasse 11,1053,Ringbucheinlagen A4 liniert 100 Blatt,3,2.29,6.87,0
B00259,Klasse 11,1061,Tintenroller Pilot Frixion Ball 0.7 schwarz,1,3.29,3.29,0
B00259,Klasse 11,1055,Kugelschreiber Grip 2011 M blau (dokumentenecht),2,4.5,9.0,0
B00259,Klasse 11,1030,Geodreieck 22 cm Griff transparent,1,2.1,2.1,0
B00260,Klasse 2,1038,Schnellhefter A4 Kunststoff blau,1,0.5,0.5,0
B00260,Klasse 2,1022,Schreiblern-Füller Lamy ABC,1,14.5,14.5,0
B00260,Klasse 2,1013,Klebestift Uhu Renature 21g,1,1.89,1.89,0
B00260,Klasse 2,1010,Knetmasse 10 Farben,1,3.49,3.49,0
B00260,Klasse 2,1014,Doppelanspitzer Dose Trio Grip,1,2.99,2.99,0
B00261,Klasse 7 & 9,1049,Oxford Collegeblock A4 kariert (90g Papier),5,2.79,13.95,1
B00261,Klasse 7 & 9,1043,Textmarker-Set 4 Farben Stabilo Boss,1,4.99,4.99,1
B00261,Klasse 7 & 9,1060,Prospekthüllen A4 transparent 100er Pack,1,3.99,3.99,1
B00261,Klasse 7 & 9,1032,Tintenpatronen blau T10 (5er Pack),1,1.8,1.8,1
B00261,Klasse 7 & 9,1027,Collegeblock A4 kariert (80 Blatt),10,1.79,17.9,1
B00261,Klasse 7 & 9,1042,Schnellhefter A4 Kunststoff orange,3,0.5,1.5,1
B00261,Klasse 7 & 9,1031,Füllfederhalter Lamy Safari M,1,19.9,19.9,1
B00261,Klasse 7 & 9,1019,Borstenpinsel-Set (Größen 4/8/12),1,3.5,3.5,1
B00261,Klasse 7 & 9,1028,Collegeblock A4 liniert (80 Blatt),1,1.79,1.79,1
B00261,Klasse 7 & 9,1047,Wissenschaftlicher Taschenrechner Casio fx-87DE X,1,24.99,24.99,1
B00261,Klasse 7 & 9,1041,Schnellhefter A4 Kunststoff gelb,5,0.5,2.5,1
B00261,Klasse 7 & 9,1018,Tuschkasten K12 (12 Farben),1,9.95,9.95,1
B00262,Klasse 1 & 11,1009,Wachsmalkreiden 12er Set (wasservermalbar),1,6.99,6.99,1
B00262,Klasse 1 & 11,1013,Klebestift Uhu Renature 21g,1,1.89,1.89,1
B00262,Klasse 1 & 11,1019,Borstenpinsel-Set (Größen 4/8/12),1,3.5,3.5,1
B00262,Klasse 1 & 11,1023,Hausaufgabenheft Grundschule A5,1,1.99,1.99,1
B00262,Klasse 1 & 11,1012,Bastelschere rund 13cm Linkshänder,1,2.2,2.2,1
B00262,Klasse 1 & 11,1039,Schnellhefter A4 Kunststoff rot,2,0.5,1.0,1
B00262,Klasse 1 & 11,1005,Rechenheft A4 Lineatur 7 (7x7mm Kästchen),3,0.99,2.97,1
B00262,Klasse 1 & 11,1020,Haarpinsel-Set (Größen 2/6/10),1,3.99,3.99,1
B00262,Klasse 1 & 11,1059,Karteikarten A7 liniert 100 Stück,1,1.49,1.49,1
B00262,Klasse 1 & 11,1057,Textmarker-Set Pastell 6 Farben Stabilo Boss,1,6.99,6.99,1
B00262,Klasse 1 & 11,1046,Ordner A4 breit 80mm schwarz,3,3.49,10.47,1
B00262,Klasse 1 & 11,1056,Kugelschreiber Grip 2011 M schwarz,3,4.5,13.5,1
B00263,Klasse 5,1033,Tintenkiller Super Pirat (2er Pack),2,2.49,4.98,0
B00263,Klasse 5,1039,Schnellhefter A4 Kunststoff rot,5,0.5,2.5,0
B00263,Klasse 5,1040,Schnellhefter A4 Kunststoff grün,2,0.5,1.0,0
B00263,Klasse 5,1041,Schnellhefter A4 Kunststoff gelb,1,0.5,0.5,0
B00263,Klasse 5,1060,Prospekthüllen A4 transparent 100er Pack,1,3.99,3.99,0
B00263,Klasse 5,1019,Borstenpinsel-Set (Größen 4/8/12),1,3.5,3.5,0
B00264,Klasse 9,1030,Geodreieck 22 cm Griff transparent,1,2.1,2.1,0
B00264,Klasse 9,1028,Collegeblock A4 liniert (80 Blatt),3,1.79,5.37,0
B00264,Klasse 9,1026,Vokabelheft A5 Lineatur 53 (32 Blatt),5,1.29,6.45,0
B00264,Klasse 9,1047,Wissenschaftlicher Taschenrechner Casio fx-87DE X,1,24.99,24.99,0
B00264,Klasse 9,1057,Textmarker-Set Pastell 6 Farben Stabilo Boss,1,6.99,6.99,0
B00264,Klasse 9,1040,Schnellhefter A4 Kunststoff grün,2,0.5,1.0,0
B00265,Klasse 9,1024,Schulheft A4 liniert Lineatur 21 (16 Blatt),1,0.99,0.99,0
B00265,Klasse 9,1034,Schulkompass Zirkel Staedtler,1,8.5,8.5,0
B00265,Klasse 9,1027,Collegeblock A4 kariert (80 Blatt),2,1.79,3.58,0
B00265,Klasse 9,1030,Geodreieck 22 cm Griff transparent,1,2.1,2.1,0
B00265,Klasse 9,1025,Schulheft A4 kariert Lineatur 22 (16 Blatt),3,0.99,2.97,0
B00265,Klasse 9,1033,Tintenkiller Super Pirat (2er Pack),1,2.49,2.49,0
B00265,Klasse 9,1058,Haftnotizen Post-it 76x76mm gelb,1,1.99,1.99,0
B00266,Klasse 12,1059,Karteikarten A7 liniert 100 Stück,1,1.49,1.49,0
B00266,Klasse 12,1051,Grafikrechner Casio FX-CG50,1,119.0,119.0,0
B00266,Klasse 12,1036,Bleistift HB Grip 2001 Faber-Castell,2,1.5,3.0,0
B00267,Klasse 4,1040,Schnellhefter A4 Kunststoff grün,2,0.5,1.0,0
B00267,Klasse 4,1041,Schnellhefter A4 Kunststoff gelb,2,0.5,1.0,0
B00267,Klasse 4,1015,Radiergummi soft (für Bleistifte),1,0.8,0.8,0
B00267,Klasse 4,1008,Buntstifte 12er Set dreikant (dick),1,5.49,5.49,0
B00267,Klasse 4,1012,Bastelschere rund 13cm Linkshänder,1,2.2,2.2,0
B00267,Klasse 4,1004,Schulheft A4 Lineatur 4 (16 Blatt),2,0.99,1.98,0
B00268,Klasse 1,1015,Radiergummi soft (für Bleistifte),1,0.8,0.8,0
B00268,Klasse 1,1042,Schnellhefter A4 Kunststoff orange,5,0.5,2.5,0
B00268,Klasse 1,1020,Haarpinsel-Set (Größen 2/6/10),1,3.99,3.99,0
B00268,Klasse 1,1040,Schnellhefter A4 Kunststoff grün,5,0.5,2.5,0
B00268,Klasse 1,1008,Buntstifte 12er Set dreikant (dick),1,5.49,5.49,0
B00268,Klasse 1,1038,Schnellhefter A4 Kunststoff blau,5,0.5,2.5,0
B00269,Klasse 7,1030,Geodreieck 22 cm Griff transparent,1,2.1,2.1,0
B00269,Klasse 7,1025,Schulheft A4 kariert Lineatur 22 (16 Blatt),3,0.99,2.97,0
B00269,Klasse 7,1019,Borstenpinsel-Set (Größen 4/8/12),1,3.5,3.5,0
B00269,Klasse 7,1046,Ordner A4 breit 80mm schwarz,2,3.49,6.98,0
B00269,Klasse 7,1033,Tintenkiller Super Pirat (2er Pack),5,2.49,12.45,0
B00269,Klasse 7,1028,Collegeblock A4 liniert (80 Blatt),1,1.79,1.79,0
B00270,Klasse 3,1018,Tuschkasten K12 (12 Farben),1,9.95,9.95,0
B00270,Klasse 3,1022,Schreiblern-Füller Lamy ABC,1,14.5,14.5,0
B00270,Klasse 3,1023,Hausaufgabenheft Grundschule A5,1,1.99,1.99,0
B00270,Klasse 3,1006,Rechenheft A4 Lineatur 8 (5x5mm Kästchen),5,0.99,4.95,0
B00270,Klasse 3,1005,Rechenheft A4 Lineatur 7 (7x7mm Kästchen),3,0.99,2.97,0
B00270,Klasse 3,1016,Sammelbox A4 Karton blau,1,2.49,2.49,0
B00270,Klasse 3,1013,Klebestift Uhu Renature 21g,1,1.89,1.89,0
B00271,Klasse 1,1013,Klebestift Uhu Renature 21g,1,1.89,1.89,0
B00271,Klasse 1,1021,Knete-Unterlage Kunststoff A3,1,1.99,1.99,0
B00271,Klasse 1,1014,Doppelanspitzer Dose Trio Grip,1,2.99,2.99,0
B00271,Klasse 1,1001,Schreiblernheft A4 Lineatur 1 (16 Blatt),5,0.99,4.95,0
B00271,Klasse 1,1015,Radiergummi soft (für Bleistifte),1,0.8,0.8,0
B00271,Klasse 1,1010,Knetmasse 10 Farben,1,3.49,3.49,0
B00271,Klasse 1,1012,Bastelschere rund 13cm Linkshänder,1,2.2,2.2,0
B00272,Klasse 7,1048,Hausaufgabenheft A5 Classic,1,1.99,1.99,0
B00272,Klasse 7,1030,Geodreieck 22 cm Griff transparent,1,2.1,2.1,0
B00272,Klasse 7,1060,Prospekthüllen A4 transparent 100er Pack,1,3.99,3.99,0
B00273,Klasse 1,1042,Schnellhefter A4 Kunststoff orange,2,0.5,1.0,0
B00273,Klasse 1,1018,Tuschkasten K12 (12 Farben),1,9.95,9.95,0
B00273,Klasse 1,1021,Knete-Unterlage Kunststoff A3,1,1.99,1.99,0
B00273,Klasse 1,1013,Klebestift Uhu Renature 21g,1,1.89,1.89,0
B00273,Klasse 1,1007,Schreiblernbleistift Trio Grip (dick),2,1.99,3.98,0
B00273,Klasse 1,1014,Doppelanspitzer Dose Trio Grip,1,2.99,2.99,0
B00273,Klasse 1,1039,Schnellhefter A4 Kunststoff rot,2,0.5,1.0,0
B00273,Klasse 1,1008,Buntstifte 12er Set dreikant (dick),1,5.49,5.49,0
B00274,Klasse 9,1048,Hausaufgabenheft A5 Classic,1,1.99,1.99,0
B00274,Klasse 9,1047,Wissenschaftlicher Taschenrechner Casio fx-87DE X,1,24.99,24.99,0
B00274,Klasse 9,1024,Schulheft A4 liniert Lineatur 21 (16 Blatt),10,0.99,9.9,0
B00274,Klasse 9,1034,Schulkompass Zirkel Staedtler,1,8.5,8.5,0
B00274,Klasse 9,1017,Zeichenblock A3 (20 Blatt),1,2.49,2.49,0
B00274,Klasse 9,1019,Borstenpinsel-Set (Größen 4/8/12),1,3.5,3.5,0
B00275,Klasse 5,1024,Schulheft A4 liniert Lineatur 21 (16 Blatt),3,0.99,2.97,0
B00275,Klasse 5,1026,Vokabelheft A5 Lineatur 53 (32 Blatt),3,1.29,3.87,0
B00275,Klasse 5,1027,Collegeblock A4 kariert (80 Blatt),3,1.79,5.37,0
B00275,Klasse 5,1039,Schnellhefter A4 Kunststoff rot,5,0.5,2.5,0
B00275,Klasse 5,1019,Borstenpinsel-Set (Größen 4/8/12),1,3.5,3.5,0
B00275,Klasse 5,1043,Textmarker-Set 4 Farben Stabilo Boss,1,4.99,4.99,0
B00276,Klasse 1 & 7,1036,Bleistift HB Grip 2001 Faber-Castell,3,1.5,4.5,1
B00276,Klasse 1 & 7,1015,Radiergummi soft (für Bleistifte),1,0.8,0.8,1
B00276,Klasse 1 & 7,1030,Geodreieck 22 cm Griff transparent,1,2.1,2.1,1
B00276,Klasse 1 & 7,1038,Schnellhefter A4 Kunststoff blau,2,0.5,1.0,1
B00276,Klasse 1 & 7,1034,Schulkompass Zirkel Staedtler,1,8.5,8.5,1
B00276,Klasse 1 & 7,1026,Vokabelheft A5 Lineatur 53 (32 Blatt),3,1.29,3.87,1
B00276,Klasse 1 & 7,1001,Schreiblernheft A4 Lineatur 1 (16 Blatt),5,0.99,4.95,1
B00276,Klasse 1 & 7,1042,Schnellhefter A4 Kunststoff orange,2,0.5,1.0,1
B00276,Klasse 1 & 7,1041,Schnellhefter A4 Kunststoff gelb,2,0.5,1.0,1
B00276,Klasse 1 & 7,1012,Bastelschere rund 13cm Linkshänder,1,2.2,2.2,1
B00276,Klasse 1 & 7,1010,Knetmasse 10 Farben,1,3.49,3.49,1
B00276,Klasse 1 & 7,1020,Haarpinsel-Set (Größen 2/6/10),1,3.99,3.99,1
B00277,Klasse 12,1046,Ordner A4 breit 80mm schwarz,3,3.49,10.47,0
B00277,Klasse 12,1045,Ringbuch A4 schmal 25mm,3,2.99,8.97,0
B00277,Klasse 12,1054,Ringbucheinlagen A4 kariert 100 Blatt,2,2.29,4.58,0
B00277,Klasse 12,1055,Kugelschreiber Grip 2011 M blau (dokumentenecht),3,4.5,13.5,0
B00278,Klasse 3 & 9,1022,Schreiblern-Füller Lamy ABC,1,14.5,14.5,1
B00278,Klasse 3 & 9,1011,Bastelschere rund 13cm Rechtshänder,1,2.2,2.2,1
B00278,Klasse 3 & 9,1021,Knete-Unterlage Kunststoff A3,1,1.99,1.99,1
B00278,Klasse 3 & 9,1014,Doppelanspitzer Dose Trio Grip,1,2.99,2.99,1
B00278,Klasse 3 & 9,1015,Radiergummi soft (für Bleistifte),1,0.8,0.8,1
B00278,Klasse 3 & 9,1019,Borstenpinsel-Set (Größen 4/8/12),1,3.5,3.5,1
B00278,Klasse 3 & 9,1044,Fineliner 10er Set Stabilo Point 88,1,7.99,7.99,1
B00278,Klasse 3 & 9,1048,Hausaufgabenheft A5 Classic,1,1.99,1.99,1
B00278,Klasse 3 & 9,1046,Ordner A4 breit 80mm schwarz,3,3.49,10.47,1
B00279,Klasse 10,1059,Karteikarten A7 liniert 100 Stück,1,1.49,1.49,0
B00279,Klasse 10,1056,Kugelschreiber Grip 2011 M schwarz,1,4.5,4.5,0
B00279,Klasse 10,1039,Schnellhefter A4 Kunststoff rot,3,0.5,1.5,0
B00279,Klasse 10,1052,Formelsammlung Mathematik/Physik/Chemie Duden,1,12.99,12.99,0
B00280,Klasse 6,1041,Schnellhefter A4 Kunststoff gelb,2,0.5,1.0,0
B00280,Klasse 6,1017,Zeichenblock A3 (20 Blatt),1,2.49,2.49,0
B00280,Klasse 6,1020,Haarpinsel-Set (Größen 2/6/10),1,3.99,3.99,0
B00280,Klasse 6,1044,Fineliner 10er Set Stabilo Point 88,1,7.99,7.99,0
B00280,Klasse 6,1046,Ordner A4 breit 80mm schwarz,2,3.49,6.98,0
B00280,Klasse 6,1032,Tintenpatronen blau T10 (5er Pack),2,1.8,3.6,0
B00280,Klasse 6,1024,Schulheft A4 liniert Lineatur 21 (16 Blatt),1,0.99,0.99,0
B00281,Klasse 1,1015,Radiergummi soft (für Bleistifte),1,0.8,0.8,0
B00281,Klasse 1,1039,Schnellhefter A4 Kunststoff rot,2,0.5,1.0,0
B00281,Klasse 1,1014,Doppelanspitzer Dose Trio Grip,1,2.99,2.99,0
B00281,Klasse 1,1017,Zeichenblock A3 (20 Blatt),1,2.49,2.49,0
B00281,Klasse 1,1001,Schreiblernheft A4 Lineatur 1 (16 Blatt),1,0.99,0.99,0
B00281,Klasse 1,1023,Hausaufgabenheft Grundschule A5,1,1.99,1.99,0
B00281,Klasse 1,1009,Wachsmalkreiden 12er Set (wasservermalbar),1,6.99,6.99,0
B00281,Klasse 1,1022,Schreiblern-Füller Lamy ABC,1,14.5,14.5,0
B00281,Klasse 1,1019,Borstenpinsel-Set (Größen 4/8/12),1,3.5,3.5,0
B00282,Klasse 10,1060,Prospekthüllen A4 transparent 100er Pack,1,3.99,3.99,0
B00282,Klasse 10,1045,Ringbuch A4 schmal 25mm,2,2.99,5.98,0
B00283,Klasse 6,1046,Ordner A4 breit 80mm schwarz,2,3.49,6.98,0
B00283,Klasse 6,1025,Schulheft A4 kariert Lineatur 22 (16 Blatt),2,0.99,1.98,0
B00283,Klasse 6,1032,Tintenpatronen blau T10 (5er Pack),2,1.8,3.6,0
B00283,Klasse 6,1036,Bleistift HB Grip 2001 Faber-Castell,1,1.5,1.5,0
B00284,Klasse 12,1044,Fineliner 10er Set Stabilo Point 88,1,7.99,7.99,0
B00284,Klasse 12,1058,Haftnotizen Post-it 76x76mm gelb,1,1.99,1.99,0
B00285,Klasse 8 & 9,1031,Füllfederhalter Lamy Safari M,1,19.9,19.9,1
B00285,Klasse 8 & 9,1025,Schulheft A4 kariert Lineatur 22 (16 Blatt),3,0.99,2.97,1
B00285,Klasse 8 & 9,1047,Wissenschaftlicher Taschenrechner Casio fx-87DE X,1,24.99,24.99,1
B00285,Klasse 8 & 9,1027,Collegeblock A4 kariert (80 Blatt),2,1.79,3.58,1
B00285,Klasse 8 & 9,1015,Radiergummi soft (für Bleistifte),1,0.8,0.8,1
B00285,Klasse 8 & 9,1058,Haftnotizen Post-it 76x76mm gelb,1,1.99,1.99,1
B00285,Klasse 8 & 9,1024,Schulheft A4 liniert Lineatur 21 (16 Blatt),5,0.99,4.95,1
B00285,Klasse 8 & 9,1037,Lineal 30cm Kunststoff transparent,1,1.1,1.1,1
B00285,Klasse 8 & 9,1017,Zeichenblock A3 (20 Blatt),1,2.49,2.49,1
B00286,Klasse 11,1046,Ordner A4 breit 80mm schwarz,2,3.49,6.98,0
B00286,Klasse 11,1037,Lineal 30cm Kunststoff transparent,1,1.1,1.1,0
B00287,Klasse 12,1028,Collegeblock A4 liniert (80 Blatt),5,1.79,8.95,0
B00287,Klasse 12,1058,Haftnotizen Post-it 76x76mm gelb,1,1.99,1.99,0
B00287,Klasse 12,1050,Oxford Collegeblock A4 liniert (90g Papier),1,2.79,2.79,0
B00288,Klasse 1 & 12,1019,Borstenpinsel-Set (Größen 4/8/12),1,3.5,3.5,1
B00288,Klasse 1 & 12,1005,Rechenheft A4 Lineatur 7 (7x7mm Kästchen),5,0.99,4.95,1
B00288,Klasse 1 & 12,1016,Sammelbox A4 Karton blau,3,2.49,7.47,1
B00288,Klasse 1 & 12,1040,Schnellhefter A4 Kunststoff grün,1,0.5,0.5,1
B00288,Klasse 1 & 12,1038,Schnellhefter A4 Kunststoff blau,3,0.5,1.5,1
B00288,Klasse 1 & 12,1052,Formelsammlung Mathematik/Physik/Chemie Duden,1,12.99,12.99,1
B00288,Klasse 1 & 12,1055,Kugelschreiber Grip 2011 M blau (dokumentenecht),1,4.5,4.5,1
B00288,Klasse 1 & 12,1051,Grafikrechner Casio FX-CG50,1,119.0,119.0,1
B00288,Klasse 1 & 12,1059,Karteikarten A7 liniert 100 Stück,1,1.49,1.49,1
B00288,Klasse 1 & 12,1030,Geodreieck 22 cm Griff transparent,1,2.1,2.1,1
B00289,Klasse 9,1056,Kugelschreiber Grip 2011 M schwarz,1,4.5,4.5,0
B00289,Klasse 9,1029,Geodreieck 16 cm transparent Aristo,1,1.2,1.2,0
B00289,Klasse 9,1027,Collegeblock A4 kariert (80 Blatt),1,1.79,1.79,0
B00289,Klasse 9,1018,Tuschkasten K12 (12 Farben),1,9.95,9.95,0
B00289,Klasse 9,1041,Schnellhefter A4 Kunststoff gelb,2,0.5,1.0,0
B00289,Klasse 9,1044,Fineliner 10er Set Stabilo Point 88,1,7.99,7.99,0
B00290,Klasse 7,1033,Tintenkiller Super Pirat (2er Pack),3,2.49,7.47,0
B00290,Klasse 7,1030,Geodreieck 22 cm Griff transparent,1,2.1,2.1,0
B00290,Klasse 7,1027,Collegeblock A4 kariert (80 Blatt),2,1.79,3.58,0
B00290,Klasse 7,1035,Buntstifte 24er Set dreikant,1,8.99,8.99,0
B00290,Klasse 7,1032,Tintenpatronen blau T10 (5er Pack),1,1.8,1.8,0
B00290,Klasse 7,1037,Lineal 30cm Kunststoff transparent,1,1.1,1.1,0
B00290,Klasse 7,1059,Karteikarten A7 liniert 100 Stück,1,1.49,1.49,0
B00291,Klasse 5,1044,Fineliner 10er Set Stabilo Point 88,1,7.99,7.99,0
B00291,Klasse 5,1020,Haarpinsel-Set (Größen 2/6/10),1,3.99,3.99,0
B00291,Klasse 5,1035,Buntstifte 24er Set dreikant,1,8.99,8.99,0
B00291,Klasse 5,1015,Radiergummi soft (für Bleistifte),1,0.8,0.8,0
B00291,Klasse 5,1032,Tintenpatronen blau T10 (5er Pack),1,1.8,1.8,0
B00291,Klasse 5,1042,Schnellhefter A4 Kunststoff orange,3,0.5,1.5,0
B00291,Klasse 5,1040,Schnellhefter A4 Kunststoff grün,2,0.5,1.0,0
B00292,Klasse 12,1060,Prospekthüllen A4 transparent 100er Pack,1,3.99,3.99,0
B00292,Klasse 12,1059,Karteikarten A7 liniert 100 Stück,1,1.49,1.49,0
B00293,Klasse 2 & 5,1024,Schulheft A4 liniert Lineatur 21 (16 Blatt),3,0.99,2.97,1
B00293,Klasse 2 & 5,1035,Buntstifte 24er Set dreikant,1,8.99,8.99,1
B00293,Klasse 2 & 5,1038,Schnellhefter A4 Kunststoff blau,5,0.5,2.5,1
B00293,Klasse 2 & 5,1046,Ordner A4 breit 80mm schwarz,2,3.49,6.98,1
B00293,Klasse 2 & 5,1048,Hausaufgabenheft A5 Classic,1,1.99,1.99,1
B00293,Klasse 2 & 5,1045,Ringbuch A4 schmal 25mm,3,2.99,8.97,1
B00293,Klasse 2 & 5,1014,Doppelanspitzer Dose Trio Grip,1,2.99,2.99,1
B00293,Klasse 2 & 5,1042,Schnellhefter A4 Kunststoff orange,2,0.5,1.0,1
B00293,Klasse 2 & 5,1009,Wachsmalkreiden 12er Set (wasservermalbar),1,6.99,6.99,1
B00293,Klasse 2 & 5,1019,Borstenpinsel-Set (Größen 4/8/12),1,3.5,3.5,1
B00293,Klasse 2 & 5,1002,Schreiblernheft A4 Lineatur 2 (16 Blatt),3,0.99,2.97,1
B00294,Klasse 12,1055,Kugelschreiber Grip 2011 M blau (dokumentenecht),3,4.5,13.5,0
B00294,Klasse 12,1057,Textmarker-Set Pastell 6 Farben Stabilo Boss,1,6.99,6.99,0
B00294,Klasse 12,1015,Radiergummi soft (für Bleistifte),1,0.8,0.8,0
B00294,Klasse 12,1059,Karteikarten A7 liniert 100 Stück,1,1.49,1.49,0
B00294,Klasse 12,1030,Geodreieck 22 cm Griff transparent,1,2.1,2.1,0
B00295,Klasse 9,1039,Schnellhefter A4 Kunststoff rot,2,0.5,1.0,0
B00295,Klasse 9,1043,Textmarker-Set 4 Farben Stabilo Boss,1,4.99,4.99,0
B00295,Klasse 9,1059,Karteikarten A7 liniert 100 Stück,1,1.49,1.49,0
B00295,Klasse 9,1028,Collegeblock A4 liniert (80 Blatt),5,1.79,8.95,0
B00296,Klasse 2 & 5,1038,Schnellhefter A4 Kunststoff blau,2,0.5,1.0,1
B00296,Klasse 2 & 5,1012,Bastelschere rund 13cm Linkshänder,1,2.2,2.2,1
B00296,Klasse 2 & 5,1013,Klebestift Uhu Renature 21g,1,1.89,1.89,1
B00296,Klasse 2 & 5,1014,Doppelanspitzer Dose Trio Grip,1,2.99,2.99,1
B00296,Klasse 2 & 5,1015,Radiergummi soft (für Bleistifte),1,0.8,0.8,1
B00296,Klasse 2 & 5,1039,Schnellhefter A4 Kunststoff rot,2,0.5,1.0,1
B00296,Klasse 2 & 5,1033,Tintenkiller Super Pirat (2er Pack),1,2.49,2.49,1
B00296,Klasse 2 & 5,1035,Buntstifte 24er Set dreikant,1,8.99,8.99,1
B00296,Klasse 2 & 5,1028,Collegeblock A4 liniert (80 Blatt),1,1.79,1.79,1
B00297,Klasse 10,1042,Schnellhefter A4 Kunststoff orange,3,0.5,1.5,0
B00297,Klasse 10,1051,Grafikrechner Casio FX-CG50,1,119.0,119.0,0
B00298,Klasse 12,1055,Kugelschreiber Grip 2011 M blau (dokumentenecht),2,4.5,9.0,0
B00298,Klasse 12,1046,Ordner A4 breit 80mm schwarz,1,3.49,3.49,0
B00299,Klasse 3 & 9,1012,Bastelschere rund 13cm Linkshänder,1,2.2,2.2,1
B00299,Klasse 3 & 9,1003,Schreiblernheft A4 Lineatur 3 (16 Blatt),3,0.99,2.97,1
B00299,Klasse 3 & 9,1017,Zeichenblock A3 (20 Blatt),1,2.49,2.49,1
B00299,Klasse 3 & 9,1022,Schreiblern-Füller Lamy ABC,1,14.5,14.5,1
B00299,Klasse 3 & 9,1038,Schnellhefter A4 Kunststoff blau,1,0.5,0.5,1
B00299,Klasse 3 & 9,1037,Lineal 30cm Kunststoff transparent,1,1.1,1.1,1
B00299,Klasse 3 & 9,1030,Geodreieck 22 cm Griff transparent,1,2.1,2.1,1
B00299,Klasse 3 & 9,1042,Schnellhefter A4 Kunststoff orange,2,0.5,1.0,1
B00299,Klasse 3 & 9,1005,Rechenheft A4 Lineatur 7 (7x7mm Kästchen),1,0.99,0.99,1
B00299,Klasse 3 & 9,1039,Schnellhefter A4 Kunststoff rot,1,0.5,0.5,1
B00300,Klasse 7,1032,Tintenpatronen blau T10 (5er Pack),1,1.8,1.8,0
B00300,Klasse 7,1033,Tintenkiller Super Pirat (2er Pack),2,2.49,4.98,0
B00300,Klasse 7,1040,Schnellhefter A4 Kunststoff grün,5,0.5,2.5,0
B00301,Klasse 8,1031,Füllfederhalter Lamy Safari M,1,19.9,19.9,0
B00301,Klasse 8,1018,Tuschkasten K12 (12 Farben),1,9.95,9.95,0
B00301,Klasse 8,1032,Tintenpatronen blau T10 (5er Pack),2,1.8,3.6,0
B00301,Klasse 8,1020,Haarpinsel-Set (Größen 2/6/10),1,3.99,3.99,0
B00301,Klasse 8,1017,Zeichenblock A3 (20 Blatt),1,2.49,2.49,0
B00301,Klasse 8,1047,Wissenschaftlicher Taschenrechner Casio fx-87DE X,1,24.99,24.99,0
B00301,Klasse 8,1041,Schnellhefter A4 Kunststoff gelb,2,0.5,1.0,0
B00302,Klasse 4,1016,Sammelbox A4 Karton blau,3,2.49,7.47,0
B00302,Klasse 4,1060,Prospekthüllen A4 transparent 100er Pack,1,3.99,3.99,0
B00302,Klasse 4,1028,Collegeblock A4 liniert (80 Blatt),5,1.79,8.95,0
B00302,Klasse 4,1039,Schnellhefter A4 Kunststoff rot,3,0.5,1.5,0
B00302,Klasse 4,1012,Bastelschere rund 13cm Linkshänder,1,2.2,2.2,0
B00302,Klasse 4,1020,Haarpinsel-Set (Größen 2/6/10),1,3.99,3.99,0
B00302,Klasse 4,1036,Bleistift HB Grip 2001 Faber-Castell,5,1.5,7.5,0
B00302,Klasse 4,1004,Schulheft A4 Lineatur 4 (16 Blatt),10,0.99,9.9,0
B00302,Klasse 4,1018,Tuschkasten K12 (12 Farben),1,9.95,9.95,0
B00303,Klasse 11,1050,Oxford Collegeblock A4 liniert (90g Papier),2,2.79,5.58,0
B00303,Klasse 11,1037,Lineal 30cm Kunststoff transparent,1,1.1,1.1,0
B00303,Klasse 11,1054,Ringbucheinlagen A4 kariert 100 Blatt,1,2.29,2.29,0
B00303,Klasse 11,1027,Collegeblock A4 kariert (80 Blatt),2,1.79,3.58,0
B00303,Klasse 11,1049,Oxford Collegeblock A4 kariert (90g Papier),5,2.79,13.95,0
B00304,Klasse 3,1012,Bastelschere rund 13cm Linkshänder,1,2.2,2.2,0
B00304,Klasse 3,1017,Zeichenblock A3 (20 Blatt),1,2.49,2.49,0
B00304,Klasse 3,1008,Buntstifte 12er Set dreikant (dick),1,5.49,5.49,0
B00304,Klasse 3,1020,Haarpinsel-Set (Größen 2/6/10),1,3.99,3.99,0
B00304,Klasse 3,1015,Radiergummi soft (für Bleistifte),1,0.8,0.8,0
B00304,Klasse 3,1006,Rechenheft A4 Lineatur 8 (5x5mm Kästchen),2,0.99,1.98,0
B00305,Klasse 9,1019,Borstenpinsel-Set (Größen 4/8/12),1,3.5,3.5,0
B00305,Klasse 9,1027,Collegeblock A4 kariert (80 Blatt),5,1.79,8.95,0
B00305,Klasse 9,1057,Textmarker-Set Pastell 6 Farben Stabilo Boss,1,6.99,6.99,0
B00305,Klasse 9,1029,Geodreieck 16 cm transparent Aristo,1,1.2,1.2,0
B00305,Klasse 9,1032,Tintenpatronen blau T10 (5er Pack),1,1.8,1.8,0
B00306,Klasse 1 & 5,1039,Schnellhefter A4 Kunststoff rot,2,0.5,1.0,1
B00306,Klasse 1 & 5,1013,Klebestift Uhu Renature 21g,1,1.89,1.89,1
B00306,Klasse 1 & 5,1048,Hausaufgabenheft A5 Classic,1,1.99,1.99,1
B00306,Klasse 1 & 5,1027,Collegeblock A4 kariert (80 Blatt),5,1.79,8.95,1
B00306,Klasse 1 & 5,1042,Schnellhefter A4 Kunststoff orange,3,0.5,1.5,1
B00306,Klasse 1 & 5,1012,Bastelschere rund 13cm Linkshänder,1,2.2,2.2,1
B00306,Klasse 1 & 5,1014,Doppelanspitzer Dose Trio Grip,1,2.99,2.99,1
B00306,Klasse 1 & 5,1010,Knetmasse 10 Farben,1,3.49,3.49,1
B00307,Klasse 3,1017,Zeichenblock A3 (20 Blatt),1,2.49,2.49,0
B00307,Klasse 3,1032,Tintenpatronen blau T10 (5er Pack),3,1.8,5.4,0
B00307,Klasse 3,1041,Schnellhefter A4 Kunststoff gelb,2,0.5,1.0,0
B00307,Klasse 3,1003,Schreiblernheft A4 Lineatur 3 (16 Blatt),1,0.99,0.99,0
B00307,Klasse 3,1015,Radiergummi soft (für Bleistifte),1,0.8,0.8,0
B00307,Klasse 3,1012,Bastelschere rund 13cm Linkshänder,1,2.2,2.2,0
B00308,Klasse 3,1022,Schreiblern-Füller Lamy ABC,1,14.5,14.5,0
B00308,Klasse 3,1013,Klebestift Uhu Renature 21g,1,1.89,1.89,0
B00308,Klasse 3,1038,Schnellhefter A4 Kunststoff blau,5,0.5,2.5,0
B00308,Klasse 3,1012,Bastelschere rund 13cm Linkshänder,1,2.2,2.2,0
B00308,Klasse 3,1023,Hausaufgabenheft Grundschule A5,1,1.99,1.99,0
B00309,Klasse 9,1045,Ringbuch A4 schmal 25mm,1,2.99,2.99,0
B00309,Klasse 9,1060,Prospekthüllen A4 transparent 100er Pack,1,3.99,3.99,0
B00309,Klasse 9,1032,Tintenpatronen blau T10 (5er Pack),5,1.8,9.0,0
B00309,Klasse 9,1017,Zeichenblock A3 (20 Blatt),1,2.49,2.49,0
B00310,Klasse 1 & 12,1018,Tuschkasten K12 (12 Farben),1,9.95,9.95,1
B00310,Klasse 1 & 12,1015,Radiergummi soft (für Bleistifte),1,0.8,0.8,1
B00310,Klasse 1 & 12,1042,Schnellhefter A4 Kunststoff orange,2,0.5,1.0,1
B00310,Klasse 1 & 12,1040,Schnellhefter A4 Kunststoff grün,3,0.5,1.5,1
B00310,Klasse 1 & 12,1005,Rechenheft A4 Lineatur 7 (7x7mm Kästchen),3,0.99,2.97,1
B00310,Klasse 1 & 12,1020,Haarpinsel-Set (Größen 2/6/10),1,3.99,3.99,1
B00310,Klasse 1 & 12,1023,Hausaufgabenheft Grundschule A5,1,1.99,1.99,1
B00310,Klasse 1 & 12,1008,Buntstifte 12er Set dreikant (dick),1,5.49,5.49,1
B00310,Klasse 1 & 12,1058,Haftnotizen Post-it 76x76mm gelb,1,1.99,1.99,1
B00310,Klasse 1 & 12,1057,Textmarker-Set Pastell 6 Farben Stabilo Boss,1,6.99,6.99,1
B00311,Klasse 2,1010,Knetmasse 10 Farben,1,3.49,3.49,0
B00311,Klasse 2,1018,Tuschkasten K12 (12 Farben),1,9.95,9.95,0
B00311,Klasse 2,1017,Zeichenblock A3 (20 Blatt),1,2.49,2.49,0
B00311,Klasse 2,1020,Haarpinsel-Set (Größen 2/6/10),1,3.99,3.99,0
B00311,Klasse 2,1016,Sammelbox A4 Karton blau,2,2.49,4.98,0
B00311,Klasse 2,1015,Radiergummi soft (für Bleistifte),1,0.8,0.8,0
B00311,Klasse 2,1023,Hausaufgabenheft Grundschule A5,1,1.99,1.99,0
B00312,Klasse 10,1044,Fineliner 10er Set Stabilo Point 88,1,7.99,7.99,0
B00312,Klasse 10,1056,Kugelschreiber Grip 2011 M schwarz,1,4.5,4.5,0
B00312,Klasse 10,1038,Schnellhefter A4 Kunststoff blau,3,0.5,1.5,0
B00312,Klasse 10,1033,Tintenkiller Super Pirat (2er Pack),2,2.49,4.98,0
B00312,Klasse 10,1039,Schnellhefter A4 Kunststoff rot,3,0.5,1.5,0
B00313,Klasse 3,1042,Schnellhefter A4 Kunststoff orange,3,0.5,1.5,0
B00313,Klasse 3,1015,Radiergummi soft (für Bleistifte),1,0.8,0.8,0
B00313,Klasse 3,1019,Borstenpinsel-Set (Größen 4/8/12),1,3.5,3.5,0
B00313,Klasse 3,1023,Hausaufgabenheft Grundschule A5,1,1.99,1.99,0
B00313,Klasse 3,1006,Rechenheft A4 Lineatur 8 (5x5mm Kästchen),10,0.99,9.9,0
B00313,Klasse 3,1012,Bastelschere rund 13cm Linkshänder,1,2.2,2.2,0
B00314,Klasse 1,1013,Klebestift Uhu Renature 21g,1,1.89,1.89,0
B00314,Klasse 1,1001,Schreiblernheft A4 Lineatur 1 (16 Blatt),2,0.99,1.98,0
B00314,Klasse 1,1012,Bastelschere rund 13cm Linkshänder,1,2.2,2.2,0
B00314,Klasse 1,1020,Haarpinsel-Set (Größen 2/6/10),1,3.99,3.99,0
B00314,Klasse 1,1009,Wachsmalkreiden 12er Set (wasservermalbar),1,6.99,6.99,0
B00314,Klasse 1,1015,Radiergummi soft (für Bleistifte),1,0.8,0.8,0
B00314,Klasse 1,1038,Schnellhefter A4 Kunststoff blau,1,0.5,0.5,0
B00314,Klasse 1,1014,Doppelanspitzer Dose Trio Grip,1,2.99,2.99,0
B00314,Klasse 1,1019,Borstenpinsel-Set (Größen 4/8/12),1,3.5,3.5,0
B00315,Klasse 7,1028,Collegeblock A4 liniert (80 Blatt),1,1.79,1.79,0
B00315,Klasse 7,1036,Bleistift HB Grip 2001 Faber-Castell,2,1.5,3.0,0
B00315,Klasse 7,1024,Schulheft A4 liniert Lineatur 21 (16 Blatt),5,0.99,4.95,0
B00315,Klasse 7,1032,Tintenpatronen blau T10 (5er Pack),5,1.8,9.0,0
B00315,Klasse 7,1045,Ringbuch A4 schmal 25mm,2,2.99,5.98,0
B00316,Klasse 3 & 10,1011,Bastelschere rund 13cm Rechtshänder,1,2.2,2.2,1
B00316,Klasse 3 & 10,1008,Buntstifte 12er Set dreikant (dick),1,5.49,5.49,1
B00316,Klasse 3 & 10,1022,Schreiblern-Füller Lamy ABC,1,14.5,14.5,1
B00316,Klasse 3 & 10,1003,Schreiblernheft A4 Lineatur 3 (16 Blatt),1,0.99,0.99,1
B00316,Klasse 3 & 10,1040,Schnellhefter A4 Kunststoff grün,2,0.5,1.0,1
B00316,Klasse 3 & 10,1020,Haarpinsel-Set (Größen 2/6/10),1,3.99,3.99,1
B00316,Klasse 3 & 10,1014,Doppelanspitzer Dose Trio Grip,1,2.99,2.99,1
B00316,Klasse 3 & 10,1043,Textmarker-Set 4 Farben Stabilo Boss,1,4.99,4.99,1
B00316,Klasse 3 & 10,1061,Tintenroller Pilot Frixion Ball 0.7 schwarz,3,3.29,9.87,1
B00317,Klasse 5,1048,Hausaufgabenheft A5 Classic,1,1.99,1.99,0
B00317,Klasse 5,1037,Lineal 30cm Kunststoff transparent,1,1.1,1.1,0
B00317,Klasse 5,1041,Schnellhefter A4 Kunststoff gelb,1,0.5,0.5,0
B00317,Klasse 5,1017,Zeichenblock A3 (20 Blatt),1,2.49,2.49,0
B00317,Klasse 5,1019,Borstenpinsel-Set (Größen 4/8/12),1,3.5,3.5,0
B00318,Klasse 6,1015,Radiergummi soft (für Bleistifte),1,0.8,0.8,0
B00318,Klasse 6,1046,Ordner A4 breit 80mm schwarz,3,3.49,10.47,0
B00318,Klasse 6,1013,Klebestift Uhu Renature 21g,1,1.89,1.89,0
B00318,Klasse 6,1061,Tintenroller Pilot Frixion Ball 0.7 schwarz,5,3.29,16.45,0
B00318,Klasse 6,1027,Collegeblock A4 kariert (80 Blatt),3,1.79,5.37,0
B00318,Klasse 6,1028,Collegeblock A4 liniert (80 Blatt),3,1.79,5.37,0
B00318,Klasse 6,1059,Karteikarten A7 liniert 100 Stück,1,1.49,1.49,0
B00319,Klasse 3,1020,Haarpinsel-Set (Größen 2/6/10),1,3.99,3.99,0
B00319,Klasse 3,1002,Schreiblernheft A4 Lineatur 2 (16 Blatt),1,0.99,0.99,0
B00319,Klasse 3,1023,Hausaufgabenheft Grundschule A5,1,1.99,1.99,0
B00319,Klasse 3,1011,Bastelschere rund 13cm Rechtshänder,1,2.2,2.2,0
B00319,Klasse 3,1017,Zeichenblock A3 (20 Blatt),1,2.49,2.49,0
B00319,Klasse 3,1038,Schnellhefter A4 Kunststoff blau,1,0.5,0.5,0
B00319,Klasse 3,1019,Borstenpinsel-Set (Größen 4/8/12),1,3.5,3.5,0
B00320,Klasse 2,1014,Doppelanspitzer Dose Trio Grip,1,2.99,2.99,0
B00320,Klasse 2,1016,Sammelbox A4 Karton blau,2,2.49,4.98,0
B00320,Klasse 2,1011,Bastelschere rund 13cm Rechtshänder,1,2.2,2.2,0
B00320,Klasse 2,1023,Hausaufgabenheft Grundschule A5,1,1.99,1.99,0
B00320,Klasse 2,1052,Formelsammlung Mathematik/Physik/Chemie Duden,1,12.99,12.99,0
B00320,Klasse 2,1012,Bastelschere rund 13cm Linkshänder,1,2.2,2.2,0
B00320,Klasse 2,1013,Klebestift Uhu Renature 21g,1,1.89,1.89,0
B00320,Klasse 2,1040,Schnellhefter A4 Kunststoff grün,1,0.5,0.5,0
B00321,Klasse 6,1046,Ordner A4 breit 80mm schwarz,2,3.49,6.98,0
B00321,Klasse 6,1029,Geodreieck 16 cm transparent Aristo,1,1.2,1.2,0
B00321,Klasse 6,1032,Tintenpatronen blau T10 (5er Pack),2,1.8,3.6,0
B00321,Klasse 6,1018,Tuschkasten K12 (12 Farben),1,9.95,9.95,0
B00322,Klasse 3,1019,Borstenpinsel-Set (Größen 4/8/12),1,3.5,3.5,0
B00322,Klasse 3,1018,Tuschkasten K12 (12 Farben),1,9.95,9.95,0
B00322,Klasse 3,1006,Rechenheft A4 Lineatur 8 (5x5mm Kästchen),1,0.99,0.99,0
B00322,Klasse 3,1015,Radiergummi soft (für Bleistifte),1,0.8,0.8,0
B00322,Klasse 3,1011,Bastelschere rund 13cm Rechtshänder,1,2.2,2.2,0
B00322,Klasse 3,1042,Schnellhefter A4 Kunststoff orange,2,0.5,1.0,0
B00322,Klasse 3,1041,Schnellhefter A4 Kunststoff gelb,1,0.5,0.5,0
B00322,Klasse 3,1020,Haarpinsel-Set (Größen 2/6/10),1,3.99,3.99,0
B00323,Klasse 4 & 5,1026,Vokabelheft A5 Lineatur 53 (32 Blatt),1,1.29,1.29,1
B00323,Klasse 4 & 5,1013,Klebestift Uhu Renature 21g,1,1.89,1.89,1
B00323,Klasse 4 & 5,1036,Bleistift HB Grip 2001 Faber-Castell,1,1.5,1.5,1
B00323,Klasse 4 & 5,1014,Doppelanspitzer Dose Trio Grip,1,2.99,2.99,1
B00323,Klasse 4 & 5,1011,Bastelschere rund 13cm Rechtshänder,1,2.2,2.2,1
B00323,Klasse 4 & 5,1027,Collegeblock A4 kariert (80 Blatt),2,1.79,3.58,1
B00323,Klasse 4 & 5,1018,Tuschkasten K12 (12 Farben),1,9.95,9.95,1
B00323,Klasse 4 & 5,1019,Borstenpinsel-Set (Größen 4/8/12),1,3.5,3.5,1
B00323,Klasse 4 & 5,1039,Schnellhefter A4 Kunststoff rot,3,0.5,1.5,1
B00324,Klasse 3,1017,Zeichenblock A3 (20 Blatt),1,2.49,2.49,0
B00324,Klasse 3,1019,Borstenpinsel-Set (Größen 4/8/12),1,3.5,3.5,0
B00324,Klasse 3,1020,Haarpinsel-Set (Größen 2/6/10),1,3.99,3.99,0
B00324,Klasse 3,1008,Buntstifte 12er Set dreikant (dick),1,5.49,5.49,0
B00324,Klasse 3,1006,Rechenheft A4 Lineatur 8 (5x5mm Kästchen),2,0.99,1.98,0
B00324,Klasse 3,1014,Doppelanspitzer Dose Trio Grip,1,2.99,2.99,0
B00324,Klasse 3,1011,Bastelschere rund 13cm Rechtshänder,1,2.2,2.2,0
B00324,Klasse 3,1042,Schnellhefter A4 Kunststoff orange,2,0.5,1.0,0
B00324,Klasse 3,1022,Schreiblern-Füller Lamy ABC,1,14.5,14.5,0
B00325,Klasse 5 & 10,1059,Karteikarten A7 liniert 100 Stück,1,1.49,1.49,1
B00325,Klasse 5 & 10,1025,Schulheft A4 kariert Lineatur 22 (16 Blatt),2,0.99,1.98,1
B00325,Klasse 5 & 10,1051,Grafikrechner Casio FX-CG50,1,119.0,119.0,1
B00325,Klasse 5 & 10,1038,Schnellhefter A4 Kunststoff blau,1,0.5,0.5,1
B00325,Klasse 5 & 10,1043,Textmarker-Set 4 Farben Stabilo Boss,1,4.99,4.99,1
B00325,Klasse 5 & 10,1045,Ringbuch A4 schmal 25mm,2,2.99,5.98,1
B00326,Klasse 10,1060,Prospekthüllen A4 transparent 100er Pack,1,3.99,3.99,0
B00326,Klasse 10,1044,Fineliner 10er Set Stabilo Point 88,1,7.99,7.99,0
B00326,Klasse 10,1055,Kugelschreiber Grip 2011 M blau (dokumentenecht),2,4.5,9.0,0
B00326,Klasse 10,1058,Haftnotizen Post-it 76x76mm gelb,1,1.99,1.99,0
B00327,Klasse 11,1051,Grafikrechner Casio FX-CG50,1,119.0,119.0,0
B00327,Klasse 11,1054,Ringbucheinlagen A4 kariert 100 Blatt,5,2.29,11.45,0
B00328,Klasse 7,1024,Schulheft A4 liniert Lineatur 21 (16 Blatt),3,0.99,2.97,0
B00328,Klasse 7,1044,Fineliner 10er Set Stabilo Point 88,1,7.99,7.99,0
B00328,Klasse 7,1030,Geodreieck 22 cm Griff transparent,1,2.1,2.1,0
B00328,Klasse 7,1048,Hausaufgabenheft A5 Classic,1,1.99,1.99,0
B00329,Klasse 8,1043,Textmarker-Set 4 Farben Stabilo Boss,1,4.99,4.99,0
B00329,Klasse 8,1060,Prospekthüllen A4 transparent 100er Pack,1,3.99,3.99,0
B00329,Klasse 8,1027,Collegeblock A4 kariert (80 Blatt),3,1.79,5.37,0
B00329,Klasse 8,1036,Bleistift HB Grip 2001 Faber-Castell,5,1.5,7.5,0
B00329,Klasse 8,1042,Schnellhefter A4 Kunststoff orange,1,0.5,0.5,0
B00330,Klasse 1,1023,Hausaufgabenheft Grundschule A5,1,1.99,1.99,0
B00330,Klasse 1,1021,Knete-Unterlage Kunststoff A3,1,1.99,1.99,0
B00330,Klasse 1,1042,Schnellhefter A4 Kunststoff orange,2,0.5,1.0,0
B00330,Klasse 1,1005,Rechenheft A4 Lineatur 7 (7x7mm Kästchen),1,0.99,0.99,0
B00330,Klasse 1,1020,Haarpinsel-Set (Größen 2/6/10),1,3.99,3.99,0
B00330,Klasse 1,1039,Schnellhefter A4 Kunststoff rot,2,0.5,1.0,0
B00330,Klasse 1,1040,Schnellhefter A4 Kunststoff grün,1,0.5,0.5,0
B00330,Klasse 1,1041,Schnellhefter A4 Kunststoff gelb,5,0.5,2.5,0
B00330,Klasse 1,1012,Bastelschere rund 13cm Linkshänder,1,2.2,2.2,0
B00331,Klasse 1,1007,Schreiblernbleistift Trio Grip (dick),5,1.99,9.95,0
B00331,Klasse 1,1020,Haarpinsel-Set (Größen 2/6/10),1,3.99,3.99,0
B00331,Klasse 1,1015,Radiergummi soft (für Bleistifte),1,0.8,0.8,0
B00331,Klasse 1,1008,Buntstifte 12er Set dreikant (dick),1,5.49,5.49,0
B00331,Klasse 1,1010,Knetmasse 10 Farben,1,3.49,3.49,0
B00331,Klasse 1,1016,Sammelbox A4 Karton blau,2,2.49,4.98,0
B00331,Klasse 1,1009,Wachsmalkreiden 12er Set (wasservermalbar),1,6.99,6.99,0
B00331,Klasse 1,1038,Schnellhefter A4 Kunststoff blau,1,0.5,0.5,0
B00331,Klasse 1,1001,Schreiblernheft A4 Lineatur 1 (16 Blatt),2,0.99,1.98,0
B00332,Klasse 4,1031,Füllfederhalter Lamy Safari M,1,19.9,19.9,0
B00332,Klasse 4,1038,Schnellhefter A4 Kunststoff blau,3,0.5,1.5,0
B00332,Klasse 4,1013,Klebestift Uhu Renature 21g,1,1.89,1.89,0
B00332,Klasse 4,1037,Lineal 30cm Kunststoff transparent,1,1.1,1.1,0
B00332,Klasse 4,1039,Schnellhefter A4 Kunststoff rot,2,0.5,1.0,0
B00332,Klasse 4,1008,Buntstifte 12er Set dreikant (dick),1,5.49,5.49,0
B00333,Klasse 7,1044,Fineliner 10er Set Stabilo Point 88,1,7.99,7.99,0
B00333,Klasse 7,1030,Geodreieck 22 cm Griff transparent,1,2.1,2.1,0
B00333,Klasse 7,1041,Schnellhefter A4 Kunststoff gelb,1,0.5,0.5,0
B00333,Klasse 7,1038,Schnellhefter A4 Kunststoff blau,3,0.5,1.5,0
B00333,Klasse 7,1031,Füllfederhalter Lamy Safari M,1,19.9,19.9,0
B00334,Klasse 6,1037,Lineal 30cm Kunststoff transparent,1,1.1,1.1,0
B00334,Klasse 6,1043,Textmarker-Set 4 Farben Stabilo Boss,1,4.99,4.99,0
B00334,Klasse 6,1015,Radiergummi soft (für Bleistifte),1,0.8,0.8,0
B00334,Klasse 6,1036,Bleistift HB Grip 2001 Faber-Castell,5,1.5,7.5,0
B00334,Klasse 6,1019,Borstenpinsel-Set (Größen 4/8/12),1,3.5,3.5,0
B00335,Klasse 4,1032,Tintenpatronen blau T10 (5er Pack),1,1.8,1.8,0
B00335,Klasse 4,1060,Prospekthüllen A4 transparent 100er Pack,1,3.99,3.99,0
B00335,Klasse 4,1029,Geodreieck 16 cm transparent Aristo,1,1.2,1.2,0
B00335,Klasse 4,1031,Füllfederhalter Lamy Safari M,1,19.9,19.9,0
B00336,Klasse 6 & 7,1045,Ringbuch A4 schmal 25mm,2,2.99,5.98,1
B00336,Klasse 6 & 7,1031,Füllfederhalter Lamy Safari M,1,19.9,19.9,1
B00336,Klasse 6 & 7,1041,Schnellhefter A4 Kunststoff gelb,2,0.5,1.0,1
B00336,Klasse 6 & 7,1048,Hausaufgabenheft A5 Classic,1,1.99,1.99,1
B00336,Klasse 6 & 7,1033,Tintenkiller Super Pirat (2er Pack),3,2.49,7.47,1
B00337,Klasse 8 & 10,1018,Tuschkasten K12 (12 Farben),1,9.95,9.95,1
B00337,Klasse 8 & 10,1031,Füllfederhalter Lamy Safari M,1,19.9,19.9,1
B00337,Klasse 8 & 10,1036,Bleistift HB Grip 2001 Faber-Castell,2,1.5,3.0,1
B00337,Klasse 8 & 10,1026,Vokabelheft A5 Lineatur 53 (32 Blatt),1,1.29,1.29,1
B00337,Klasse 8 & 10,1038,Schnellhefter A4 Kunststoff blau,2,0.5,1.0,1
B00337,Klasse 8 & 10,1039,Schnellhefter A4 Kunststoff rot,3,0.5,1.5,1
B00337,Klasse 8 & 10,1061,Tintenroller Pilot Frixion Ball 0.7 schwarz,2,3.29,6.58,1
B00337,Klasse 8 & 10,1027,Collegeblock A4 kariert (80 Blatt),1,1.79,1.79,1
B00337,Klasse 8 & 10,1054,Ringbucheinlagen A4 kariert 100 Blatt,3,2.29,6.87,1
B00337,Klasse 8 & 10,1053,Ringbucheinlagen A4 liniert 100 Blatt,5,2.29,11.45,1
B00338,Klasse 12,1059,Karteikarten A7 liniert 100 Stück,1,1.49,1.49,0
B00338,Klasse 12,1028,Collegeblock A4 liniert (80 Blatt),1,1.79,1.79,0
B00339,Klasse 5 & 10,1026,Vokabelheft A5 Lineatur 53 (32 Blatt),10,1.29,12.9,1
B00339,Klasse 5 & 10,1015,Radiergummi soft (für Bleistifte),1,0.8,0.8,1
B00339,Klasse 5 & 10,1036,Bleistift HB Grip 2001 Faber-Castell,2,1.5,3.0,1
B00339,Klasse 5 & 10,1040,Schnellhefter A4 Kunststoff grün,3,0.5,1.5,1
B00339,Klasse 5 & 10,1023,Hausaufgabenheft Grundschule A5,1,1.99,1.99,1
B00339,Klasse 5 & 10,1031,Füllfederhalter Lamy Safari M,1,19.9,19.9,1
B00339,Klasse 5 & 10,1044,Fineliner 10er Set Stabilo Point 88,1,7.99,7.99,1
B00339,Klasse 5 & 10,1039,Schnellhefter A4 Kunststoff rot,3,0.5,1.5,1
B00339,Klasse 5 & 10,1030,Geodreieck 22 cm Griff transparent,1,2.1,2.1,1
B00339,Klasse 5 & 10,1038,Schnellhefter A4 Kunststoff blau,5,0.5,2.5,1
B00339,Klasse 5 & 10,1025,Schulheft A4 kariert Lineatur 22 (16 Blatt),1,0.99,0.99,1
B00339,Klasse 5 & 10,1029,Geodreieck 16 cm transparent Aristo,1,1.2,1.2,1
B00340,Klasse 1,1007,Schreiblernbleistift Trio Grip (dick),2,1.99,3.98,0
B00340,Klasse 1,1013,Klebestift Uhu Renature 21g,1,1.89,1.89,0
B00340,Klasse 1,1039,Schnellhefter A4 Kunststoff rot,1,0.5,0.5,0
B00340,Klasse 1,1040,Schnellhefter A4 Kunststoff grün,3,0.5,1.5,0
B00340,Klasse 1,1019,Borstenpinsel-Set (Größen 4/8/12),1,3.5,3.5,0
B00340,Klasse 1,1001,Schreiblernheft A4 Lineatur 1 (16 Blatt),3,0.99,2.97,0
B00340,Klasse 1,1023,Hausaufgabenheft Grundschule A5,1,1.99,1.99,0
B00340,Klasse 1,1011,Bastelschere rund 13cm Rechtshänder,1,2.2,2.2,0
B00340,Klasse 1,1042,Schnellhefter A4 Kunststoff orange,5,0.5,2.5,0
B00341,Klasse 6,1029,Geodreieck 16 cm transparent Aristo,1,1.2,1.2,0
B00341,Klasse 6,1048,Hausaufgabenheft A5 Classic,1,1.99,1.99,0
B00341,Klasse 6,1035,Buntstifte 24er Set dreikant,1,8.99,8.99,0
B00341,Klasse 6,1033,Tintenkiller Super Pirat (2er Pack),5,2.49,12.45,0
B00341,Klasse 6,1031,Füllfederhalter Lamy Safari M,1,19.9,19.9,0
B00341,Klasse 6,1026,Vokabelheft A5 Lineatur 53 (32 Blatt),10,1.29,12.9,0
B00342,Klasse 1,1011,Bastelschere rund 13cm Rechtshänder,1,2.2,2.2,0
B00342,Klasse 1,1021,Knete-Unterlage Kunststoff A3,1,1.99,1.99,0
B00342,Klasse 1,1041,Schnellhefter A4 Kunststoff gelb,2,0.5,1.0,0
B00342,Klasse 1,1015,Radiergummi soft (für Bleistifte),1,0.8,0.8,0
B00342,Klasse 1,1038,Schnellhefter A4 Kunststoff blau,2,0.5,1.0,0
B00343,Klasse 1,1042,Schnellhefter A4 Kunststoff orange,2,0.5,1.0,0
B00343,Klasse 1,1013,Klebestift Uhu Renature 21g,1,1.89,1.89,0
B00343,Klasse 1,1009,Wachsmalkreiden 12er Set (wasservermalbar),1,6.99,6.99,0
B00343,Klasse 1,1020,Haarpinsel-Set (Größen 2/6/10),1,3.99,3.99,0
B00343,Klasse 1,1021,Knete-Unterlage Kunststoff A3,1,1.99,1.99,0
B00343,Klasse 1,1007,Schreiblernbleistift Trio Grip (dick),3,1.99,5.97,0
B00343,Klasse 1,1005,Rechenheft A4 Lineatur 7 (7x7mm Kästchen),5,0.99,4.95,0
B00343,Klasse 1,1040,Schnellhefter A4 Kunststoff grün,3,0.5,1.5,0
B00343,Klasse 1,1017,Zeichenblock A3 (20 Blatt),1,2.49,2.49,0
B00344,Klasse 9,1035,Buntstifte 24er Set dreikant,1,8.99,8.99,0
B00344,Klasse 9,1045,Ringbuch A4 schmal 25mm,5,2.99,14.95,0
B00344,Klasse 9,1060,Prospekthüllen A4 transparent 100er Pack,1,3.99,3.99,0
B00344,Klasse 9,1020,Haarpinsel-Set (Größen 2/6/10),1,3.99,3.99,0
B00344,Klasse 9,1024,Schulheft A4 liniert Lineatur 21 (16 Blatt),5,0.99,4.95,0
B00345,Klasse 11,1037,Lineal 30cm Kunststoff transparent,1,1.1,1.1,0
B00345,Klasse 11,1028,Collegeblock A4 liniert (80 Blatt),5,1.79,8.95,0
B00346,Klasse 12,1036,Bleistift HB Grip 2001 Faber-Castell,2,1.5,3.0,0
B00346,Klasse 12,1043,Textmarker-Set 4 Farben Stabilo Boss,1,4.99,4.99,0
B00346,Klasse 12,1055,Kugelschreiber Grip 2011 M blau (dokumentenecht),5,4.5,22.5,0
B00346,Klasse 12,1054,Ringbucheinlagen A4 kariert 100 Blatt,10,2.29,22.9,0
B00346,Klasse 12,1056,Kugelschreiber Grip 2011 M schwarz,3,4.5,13.5,0
B00347,Klasse 5,1016,Sammelbox A4 Karton blau,5,2.49,12.45,0
B00347,Klasse 5,1017,Zeichenblock A3 (20 Blatt),1,2.49,2.49,0
B00347,Klasse 5,1035,Buntstifte 24er Set dreikant,1,8.99,8.99,0
B00347,Klasse 5,1043,Textmarker-Set 4 Farben Stabilo Boss,1,4.99,4.99,0
B00347,Klasse 5,1011,Bastelschere rund 13cm Rechtshänder,1,2.2,2.2,0
B00347,Klasse 5,1039,Schnellhefter A4 Kunststoff rot,3,0.5,1.5,0
B00347,Klasse 5,1041,Schnellhefter A4 Kunststoff gelb,5,0.5,2.5,0
B00348,Klasse 5,1024,Schulheft A4 liniert Lineatur 21 (16 Blatt),10,0.99,9.9,0
B00348,Klasse 5,1025,Schulheft A4 kariert Lineatur 22 (16 Blatt),3,0.99,2.97,0
B00348,Klasse 5,1033,Tintenkiller Super Pirat (2er Pack),2,2.49,4.98,0
B00348,Klasse 5,1044,Fineliner 10er Set Stabilo Point 88,1,7.99,7.99,0
B00349,Klasse 12,1028,Collegeblock A4 liniert (80 Blatt),5,1.79,8.95,0
B00349,Klasse 12,1060,Prospekthüllen A4 transparent 100er Pack,1,3.99,3.99,0
B00349,Klasse 12,1046,Ordner A4 breit 80mm schwarz,1,3.49,3.49,0
B00350,Klasse 9,1044,Fineliner 10er Set Stabilo Point 88,1,7.99,7.99,0
B00350,Klasse 9,1045,Ringbuch A4 schmal 25mm,3,2.99,8.97,0
B00350,Klasse 9,1027,Collegeblock A4 kariert (80 Blatt),5,1.79,8.95,0
B00351,Klasse 11,1015,Radiergummi soft (für Bleistifte),1,0.8,0.8,0
B00351,Klasse 11,1054,Ringbucheinlagen A4 kariert 100 Blatt,2,2.29,4.58,0
B00351,Klasse 11,1028,Collegeblock A4 liniert (80 Blatt),5,1.79,8.95,0
B00351,Klasse 11,1029,Geodreieck 16 cm transparent Aristo,1,1.2,1.2,0
B00352,Klasse 6,1041,Schnellhefter A4 Kunststoff gelb,3,0.5,1.5,0
B00352,Klasse 6,1028,Collegeblock A4 liniert (80 Blatt),5,1.79,8.95,0
B00352,Klasse 6,1044,Fineliner 10er Set Stabilo Point 88,1,7.99,7.99,0
B00352,Klasse 6,1020,Haarpinsel-Set (Größen 2/6/10),1,3.99,3.99,0
B00352,Klasse 6,1040,Schnellhefter A4 Kunststoff grün,2,0.5,1.0,0
B00353,Klasse 1 & 7,1059,Karteikarten A7 liniert 100 Stück,1,1.49,1.49,1
B00353,Klasse 1 & 7,1030,Geodreieck 22 cm Griff transparent,1,2.1,2.1,1
B00353,Klasse 1 & 7,1034,Schulkompass Zirkel Staedtler,1,8.5,8.5,1
B00353,Klasse 1 & 7,1017,Zeichenblock A3 (20 Blatt),1,2.49,2.49,1
B00353,Klasse 1 & 7,1019,Borstenpinsel-Set (Größen 4/8/12),1,3.5,3.5,1
B00353,Klasse 1 & 7,1015,Radiergummi soft (für Bleistifte),1,0.8,0.8,1
B00353,Klasse 1 & 7,1016,Sammelbox A4 Karton blau,5,2.49,12.45,1
B00353,Klasse 1 & 7,1005,Rechenheft A4 Lineatur 7 (7x7mm Kästchen),2,0.99,1.98,1
B00353,Klasse 1 & 7,1014,Doppelanspitzer Dose Trio Grip,1,2.99,2.99,1
B00353,Klasse 1 & 7,1020,Haarpinsel-Set (Größen 2/6/10),1,3.99,3.99,1
B00353,Klasse 1 & 7,1041,Schnellhefter A4 Kunststoff gelb,1,0.5,0.5,1
B00353,Klasse 1 & 7,1001,Schreiblernheft A4 Lineatur 1 (16 Blatt),3,0.99,2.97,1
B00353,Klasse 1 & 7,1038,Schnellhefter A4 Kunststoff blau,2,0.5,1.0,1
B00354,Klasse 1,1041,Schnellhefter A4 Kunststoff gelb,2,0.5,1.0,0
B00354,Klasse 1,1038,Schnellhefter A4 Kunststoff blau,2,0.5,1.0,0
B00354,Klasse 1,1001,Schreiblernheft A4 Lineatur 1 (16 Blatt),5,0.99,4.95,0
B00354,Klasse 1,1015,Radiergummi soft (für Bleistifte),1,0.8,0.8,0
B00355,Klasse 6,1043,Textmarker-Set 4 Farben Stabilo Boss,1,4.99,4.99,0
B00355,Klasse 6,1046,Ordner A4 breit 80mm schwarz,2,3.49,6.98,0
B00355,Klasse 6,1041,Schnellhefter A4 Kunststoff gelb,2,0.5,1.0,0
B00355,Klasse 6,1020,Haarpinsel-Set (Größen 2/6/10),1,3.99,3.99,0
B00355,Klasse 6,1042,Schnellhefter A4 Kunststoff orange,3,0.5,1.5,0
B00355,Klasse 6,1036,Bleistift HB Grip 2001 Faber-Castell,1,1.5,1.5,0
B00356,Klasse 10,1056,Kugelschreiber Grip 2011 M schwarz,2,4.5,9.0,0
B00356,Klasse 10,1033,Tintenkiller Super Pirat (2er Pack),2,2.49,4.98,0
B00356,Klasse 10,1030,Geodreieck 22 cm Griff transparent,1,2.1,2.1,0
B00357,Klasse 6,1040,Schnellhefter A4 Kunststoff grün,2,0.5,1.0,0
B00357,Klasse 6,1035,Buntstifte 24er Set dreikant,1,8.99,8.99,0
B00357,Klasse 6,1026,Vokabelheft A5 Lineatur 53 (32 Blatt),2,1.29,2.58,0
B00357,Klasse 6,1037,Lineal 30cm Kunststoff transparent,1,1.1,1.1,0
B00357,Klasse 6,1019,Borstenpinsel-Set (Größen 4/8/12),1,3.5,3.5,0
B00357,Klasse 6,1043,Textmarker-Set 4 Farben Stabilo Boss,1,4.99,4.99,0
B00357,Klasse 6,1048,Hausaufgabenheft A5 Classic,1,1.99,1.99,0
B00358,Klasse 1,1023,Hausaufgabenheft Grundschule A5,1,1.99,1.99,0
B00358,Klasse 1,1012,Bastelschere rund 13cm Linkshänder,1,2.2,2.2,0
B00358,Klasse 1,1010,Knetmasse 10 Farben,1,3.49,3.49,0
B00358,Klasse 1,1022,Schreiblern-Füller Lamy ABC,1,14.5,14.5,0
B00359,Klasse 2 & 3,1013,Klebestift Uhu Renature 21g,1,1.89,1.89,1
B00359,Klasse 2 & 3,1010,Knetmasse 10 Farben,1,3.49,3.49,1
B00359,Klasse 2 & 3,1012,Bastelschere rund 13cm Linkshänder,1,2.2,2.2,1
B00359,Klasse 2 & 3,1014,Doppelanspitzer Dose Trio Grip,1,2.99,2.99,1
B00359,Klasse 2 & 3,1019,Borstenpinsel-Set (Größen 4/8/12),1,3.5,3.5,1
B00359,Klasse 2 & 3,1011,Bastelschere rund 13cm Rechtshänder,1,2.2,2.2,1
B00359,Klasse 2 & 3,1009,Wachsmalkreiden 12er Set (wasservermalbar),1,6.99,6.99,1
B00359,Klasse 2 & 3,1017,Zeichenblock A3 (20 Blatt),1,2.49,2.49,1
B00359,Klasse 2 & 3,1023,Hausaufgabenheft Grundschule A5,1,1.99,1.99,1
B00359,Klasse 2 & 3,1020,Haarpinsel-Set (Größen 2/6/10),1,3.99,3.99,1
B00359,Klasse 2 & 3,1042,Schnellhefter A4 Kunststoff orange,5,0.5,2.5,1
B00359,Klasse 2 & 3,1008,Buntstifte 12er Set dreikant (dick),1,5.49,5.49,1
B00360,Klasse 1 & 4,1018,Tuschkasten K12 (12 Farben),1,9.95,9.95,1
B00360,Klasse 1 & 4,1006,Rechenheft A4 Lineatur 8 (5x5mm Kästchen),5,0.99,4.95,1
B00360,Klasse 1 & 4,1040,Schnellhefter A4 Kunststoff grün,2,0.5,1.0,1
B00360,Klasse 1 & 4,1039,Schnellhefter A4 Kunststoff rot,1,0.5,0.5,1
B00360,Klasse 1 & 4,1015,Radiergummi soft (für Bleistifte),1,0.8,0.8,1
B00360,Klasse 1 & 4,1013,Klebestift Uhu Renature 21g,1,1.89,1.89,1
B00360,Klasse 1 & 4,1005,Rechenheft A4 Lineatur 7 (7x7mm Kästchen),3,0.99,2.97,1
B00360,Klasse 1 & 4,1007,Schreiblernbleistift Trio Grip (dick),1,1.99,1.99,1
B00360,Klasse 1 & 4,1021,Knete-Unterlage Kunststoff A3,1,1.99,1.99,1
B00361,Klasse 10,1058,Haftnotizen Post-it 76x76mm gelb,1,1.99,1.99,0
B00361,Klasse 10,1041,Schnellhefter A4 Kunststoff gelb,1,0.5,0.5,0
B00361,Klasse 10,1032,Tintenpatronen blau T10 (5er Pack),5,1.8,9.0,0
B00361,Klasse 10,1038,Schnellhefter A4 Kunststoff blau,3,0.5,1.5,0
B00362,Klasse 3 & 9,1015,Radiergummi soft (für Bleistifte),1,0.8,0.8,1
B00362,Klasse 3 & 9,1016,Sammelbox A4 Karton blau,3,2.49,7.47,1
B00362,Klasse 3 & 9,1014,Doppelanspitzer Dose Trio Grip,1,2.99,2.99,1
B00362,Klasse 3 & 9,1003,Schreiblernheft A4 Lineatur 3 (16 Blatt),2,0.99,1.98,1
B00362,Klasse 3 & 9,1022,Schreiblern-Füller Lamy ABC,1,14.5,14.5,1
B00362,Klasse 3 & 9,1018,Tuschkasten K12 (12 Farben),1,9.95,9.95,1
B00362,Klasse 3 & 9,1012,Bastelschere rund 13cm Linkshänder,1,2.2,2.2,1
B00362,Klasse 3 & 9,1020,Haarpinsel-Set (Größen 2/6/10),1,3.99,3.99,1
B00362,Klasse 3 & 9,1017,Zeichenblock A3 (20 Blatt),1,2.49,2.49,1
B00362,Klasse 3 & 9,1037,Lineal 30cm Kunststoff transparent,1,1.1,1.1,1
B00362,Klasse 3 & 9,1039,Schnellhefter A4 Kunststoff rot,2,0.5,1.0,1
B00362,Klasse 3 & 9,1036,Bleistift HB Grip 2001 Faber-Castell,1,1.5,1.5,1
B00362,Klasse 3 & 9,1048,Hausaufgabenheft A5 Classic,1,1.99,1.99,1
B00362,Klasse 3 & 9,1029,Geodreieck 16 cm transparent Aristo,1,1.2,1.2,1
B00362,Klasse 3 & 9,1027,Collegeblock A4 kariert (80 Blatt),5,1.79,8.95,1
B00363,Klasse 2,1040,Schnellhefter A4 Kunststoff grün,3,0.5,1.5,0
B00363,Klasse 2,1039,Schnellhefter A4 Kunststoff rot,5,0.5,2.5,0
B00363,Klasse 2,1038,Schnellhefter A4 Kunststoff blau,3,0.5,1.5,0
B00363,Klasse 2,1007,Schreiblernbleistift Trio Grip (dick),1,1.99,1.99,0
B00363,Klasse 2,1003,Schreiblernheft A4 Lineatur 3 (16 Blatt),10,0.99,9.9,0
B00363,Klasse 2,1022,Schreiblern-Füller Lamy ABC,1,14.5,14.5,0
B00363,Klasse 2,1018,Tuschkasten K12 (12 Farben),1,9.95,9.95,0
B00363,Klasse 2,1013,Klebestift Uhu Renature 21g,1,1.89,1.89,0
B00363,Klasse 2,1021,Knete-Unterlage Kunststoff A3,1,1.99,1.99,0
B00364,Klasse 7 & 8,1020,Haarpinsel-Set (Größen 2/6/10),1,3.99,3.99,1
B00364,Klasse 7 & 8,1047,Wissenschaftlicher Taschenrechner Casio fx-87DE X,1,24.99,24.99,1
B00364,Klasse 7 & 8,1018,Tuschkasten K12 (12 Farben),1,9.95,9.95,1
B00364,Klasse 7 & 8,1030,Geodreieck 22 cm Griff transparent,1,2.1,2.1,1
B00364,Klasse 7 & 8,1032,Tintenpatronen blau T10 (5er Pack),1,1.8,1.8,1
B00364,Klasse 7 & 8,1028,Collegeblock A4 liniert (80 Blatt),2,1.79,3.58,1
B00364,Klasse 7 & 8,1059,Karteikarten A7 liniert 100 Stück,1,1.49,1.49,1
B00365,Klasse 4,1015,Radiergummi soft (für Bleistifte),1,0.8,0.8,0
B00365,Klasse 4,1039,Schnellhefter A4 Kunststoff rot,1,0.5,0.5,0
B00365,Klasse 4,1017,Zeichenblock A3 (20 Blatt),1,2.49,2.49,0
B00365,Klasse 4,1033,Tintenkiller Super Pirat (2er Pack),1,2.49,2.49,0
B00365,Klasse 4,1004,Schulheft A4 Lineatur 4 (16 Blatt),3,0.99,2.97,0
B00365,Klasse 4,1020,Haarpinsel-Set (Größen 2/6/10),1,3.99,3.99,0
B00365,Klasse 4,1038,Schnellhefter A4 Kunststoff blau,2,0.5,1.0,0
B00366,Klasse 11,1015,Radiergummi soft (für Bleistifte),1,0.8,0.8,0
B00366,Klasse 11,1061,Tintenroller Pilot Frixion Ball 0.7 schwarz,5,3.29,16.45,0
B00366,Klasse 11,1059,Karteikarten A7 liniert 100 Stück,1,1.49,1.49,0
B00367,Klasse 12,1027,Collegeblock A4 kariert (80 Blatt),5,1.79,8.95,0
B00367,Klasse 12,1055,Kugelschreiber Grip 2011 M blau (dokumentenecht),1,4.5,4.5,0
B00367,Klasse 12,1053,Ringbucheinlagen A4 liniert 100 Blatt,3,2.29,6.87,0
B00367,Klasse 12,1036,Bleistift HB Grip 2001 Faber-Castell,1,1.5,1.5,0
B00368,Klasse 6,1030,Geodreieck 22 cm Griff transparent,1,2.1,2.1,0
B00368,Klasse 6,1027,Collegeblock A4 kariert (80 Blatt),3,1.79,5.37,0
B00368,Klasse 6,1031,Füllfederhalter Lamy Safari M,1,19.9,19.9,0
B00368,Klasse 6,1038,Schnellhefter A4 Kunststoff blau,2,0.5,1.0,0
B00368,Klasse 6,1024,Schulheft A4 liniert Lineatur 21 (16 Blatt),3,0.99,2.97,0
B00368,Klasse 6,1013,Klebestift Uhu Renature 21g,1,1.89,1.89,0
B00369,Klasse 2,1018,Tuschkasten K12 (12 Farben),1,9.95,9.95,0
B00369,Klasse 2,1020,Haarpinsel-Set (Größen 2/6/10),1,3.99,3.99,0
B00369,Klasse 2,1015,Radiergummi soft (für Bleistifte),1,0.8,0.8,0
B00369,Klasse 2,1023,Hausaufgabenheft Grundschule A5,1,1.99,1.99,0
B00369,Klasse 2,1008,Buntstifte 12er Set dreikant (dick),1,5.49,5.49,0
B00369,Klasse 2,1010,Knetmasse 10 Farben,1,3.49,3.49,0
B00369,Klasse 2,1038,Schnellhefter A4 Kunststoff blau,2,0.5,1.0,0
B00369,Klasse 2,1002,Schreiblernheft A4 Lineatur 2 (16 Blatt),3,0.99,2.97,0
B00369,Klasse 2,1011,Bastelschere rund 13cm Rechtshänder,1,2.2,2.2,0
B00370,Klasse 5,1015,Radiergummi soft (für Bleistifte),1,0.8,0.8,0
B00370,Klasse 5,1019,Borstenpinsel-Set (Größen 4/8/12),1,3.5,3.5,0
B00370,Klasse 5,1035,Buntstifte 24er Set dreikant,1,8.99,8.99,0
B00370,Klasse 5,1006,Rechenheft A4 Lineatur 8 (5x5mm Kästchen),3,0.99,2.97,0
B00371,Klasse 1,1023,Hausaufgabenheft Grundschule A5,1,1.99,1.99,0
B00371,Klasse 1,1011,Bastelschere rund 13cm Rechtshänder,1,2.2,2.2,0
B00371,Klasse 1,1001,Schreiblernheft A4 Lineatur 1 (16 Blatt),2,0.99,1.98,0
B00371,Klasse 1,1039,Schnellhefter A4 Kunststoff rot,3,0.5,1.5,0
B00371,Klasse 1,1019,Borstenpinsel-Set (Größen 4/8/12),1,3.5,3.5,0
B00371,Klasse 1,1042,Schnellhefter A4 Kunststoff orange,3,0.5,1.5,0
B00371,Klasse 1,1010,Knetmasse 10 Farben,1,3.49,3.49,0
B00371,Klasse 1,1013,Klebestift Uhu Renature 21g,1,1.89,1.89,0
B00372,Klasse 10,1051,Grafikrechner Casio FX-CG50,1,119.0,119.0,0
B00372,Klasse 10,1046,Ordner A4 breit 80mm schwarz,3,3.49,10.47,0
B00372,Klasse 10,1056,Kugelschreiber Grip 2011 M schwarz,2,4.5,9.0,0
B00372,Klasse 10,1041,Schnellhefter A4 Kunststoff gelb,2,0.5,1.0,0
B00372,Klasse 10,1061,Tintenroller Pilot Frixion Ball 0.7 schwarz,2,3.29,6.58,0
B00373,Klasse 3,1014,Doppelanspitzer Dose Trio Grip,1,2.99,2.99,0
B00373,Klasse 3,1040,Schnellhefter A4 Kunststoff grün,2,0.5,1.0,0
B00373,Klasse 3,1039,Schnellhefter A4 Kunststoff rot,2,0.5,1.0,0
B00373,Klasse 3,1020,Haarpinsel-Set (Größen 2/6/10),1,3.99,3.99,0
B00373,Klasse 3,1045,Ringbuch A4 schmal 25mm,3,2.99,8.97,0
B00373,Klasse 3,1023,Hausaufgabenheft Grundschule A5,1,1.99,1.99,0
B00373,Klasse 3,1042,Schnellhefter A4 Kunststoff orange,1,0.5,0.5,0
B00373,Klasse 3,1011,Bastelschere rund 13cm Rechtshänder,1,2.2,2.2,0
B00374,Klasse 10,1051,Grafikrechner Casio FX-CG50,1,119.0,119.0,0
B00374,Klasse 10,1041,Schnellhefter A4 Kunststoff gelb,2,0.5,1.0,0
B00374,Klasse 10,1052,Formelsammlung Mathematik/Physik/Chemie Duden,1,12.99,12.99,0
B00374,Klasse 10,1057,Textmarker-Set Pastell 6 Farben Stabilo Boss,1,6.99,6.99,0
B00374,Klasse 10,1034,Schulkompass Zirkel Staedtler,1,8.5,8.5,0
B00375,Klasse 9,1060,Prospekthüllen A4 transparent 100er Pack,1,3.99,3.99,0
B00375,Klasse 9,1020,Haarpinsel-Set (Größen 2/6/10),1,3.99,3.99,0
B00375,Klasse 9,1043,Textmarker-Set 4 Farben Stabilo Boss,1,4.99,4.99,0
B00376,Klasse 9,1031,Füllfederhalter Lamy Safari M,1,19.9,19.9,0
B00376,Klasse 9,1056,Kugelschreiber Grip 2011 M schwarz,1,4.5,4.5,0
B00376,Klasse 9,1020,Haarpinsel-Set (Größen 2/6/10),1,3.99,3.99,0
B00376,Klasse 9,1050,Oxford Collegeblock A4 liniert (90g Papier),3,2.79,8.37,0
B00376,Klasse 9,1028,Collegeblock A4 liniert (80 Blatt),10,1.79,17.9,0
B00376,Klasse 9,1060,Prospekthüllen A4 transparent 100er Pack,1,3.99,3.99,0
B00377,Klasse 3,1012,Bastelschere rund 13cm Linkshänder,1,2.2,2.2,0
B00377,Klasse 3,1022,Schreiblern-Füller Lamy ABC,1,14.5,14.5,0
B00377,Klasse 3,1016,Sammelbox A4 Karton blau,2,2.49,4.98,0
B00377,Klasse 3,1013,Klebestift Uhu Renature 21g,1,1.89,1.89,0
B00377,Klasse 3,1017,Zeichenblock A3 (20 Blatt),1,2.49,2.49,0
B00377,Klasse 3,1041,Schnellhefter A4 Kunststoff gelb,5,0.5,2.5,0
B00377,Klasse 3,1039,Schnellhefter A4 Kunststoff rot,3,0.5,1.5,0
B00377,Klasse 3,1018,Tuschkasten K12 (12 Farben),1,9.95,9.95,0
B00378,Klasse 8,1037,Lineal 30cm Kunststoff transparent,1,1.1,1.1,0
B00378,Klasse 8,1061,Tintenroller Pilot Frixion Ball 0.7 schwarz,3,3.29,9.87,0
B00378,Klasse 8,1033,Tintenkiller Super Pirat (2er Pack),1,2.49,2.49,0
B00378,Klasse 8,1024,Schulheft A4 liniert Lineatur 21 (16 Blatt),10,0.99,9.9,0
B00378,Klasse 8,1040,Schnellhefter A4 Kunststoff grün,2,0.5,1.0,0
B00379,Klasse 5,1034,Schulkompass Zirkel Staedtler,1,8.5,8.5,0
B00379,Klasse 5,1028,Collegeblock A4 liniert (80 Blatt),1,1.79,1.79,0
B00379,Klasse 5,1032,Tintenpatronen blau T10 (5er Pack),2,1.8,3.6,0
B00380,Klasse 10,1027,Collegeblock A4 kariert (80 Blatt),1,1.79,1.79,0
B00380,Klasse 10,1046,Ordner A4 breit 80mm schwarz,3,3.49,10.47,0
B00380,Klasse 10,1050,Oxford Collegeblock A4 liniert (90g Papier),1,2.79,2.79,0
B00381,Klasse 12,1046,Ordner A4 breit 80mm schwarz,1,3.49,3.49,0
B00381,Klasse 12,1015,Radiergummi soft (für Bleistifte),1,0.8,0.8,0
B00381,Klasse 12,1044,Fineliner 10er Set Stabilo Point 88,1,7.99,7.99,0
B00381,Klasse 12,1061,Tintenroller Pilot Frixion Ball 0.7 schwarz,1,3.29,3.29,0
B00382,Klasse 2,1041,Schnellhefter A4 Kunststoff gelb,3,0.5,1.5,0
B00382,Klasse 2,1019,Borstenpinsel-Set (Größen 4/8/12),1,3.5,3.5,0
B00382,Klasse 2,1022,Schreiblern-Füller Lamy ABC,1,14.5,14.5,0
B00382,Klasse 2,1011,Bastelschere rund 13cm Rechtshänder,1,2.2,2.2,0
B00382,Klasse 2,1042,Schnellhefter A4 Kunststoff orange,5,0.5,2.5,0
B00382,Klasse 2,1007,Schreiblernbleistift Trio Grip (dick),1,1.99,1.99,0
B00383,Klasse 6,1030,Geodreieck 22 cm Griff transparent,1,2.1,2.1,0
B00383,Klasse 6,1041,Schnellhefter A4 Kunststoff gelb,5,0.5,2.5,0
B00383,Klasse 6,1044,Fineliner 10er Set Stabilo Point 88,1,7.99,7.99,0
B00383,Klasse 6,1033,Tintenkiller Super Pirat (2er Pack),3,2.49,7.47,0
B00383,Klasse 6,1038,Schnellhefter A4 Kunststoff blau,1,0.5,0.5,0
B00383,Klasse 6,1037,Lineal 30cm Kunststoff transparent,1,1.1,1.1,0
B00384,Klasse 5 & 6,1025,Schulheft A4 kariert Lineatur 22 (16 Blatt),3,0.99,2.97,1
B00384,Klasse 5 & 6,1046,Ordner A4 breit 80mm schwarz,3,3.49,10.47,1
B00384,Klasse 5 & 6,1019,Borstenpinsel-Set (Größen 4/8/12),1,3.5,3.5,1
B00384,Klasse 5 & 6,1004,Schulheft A4 Lineatur 4 (16 Blatt),5,0.99,4.95,1
B00384,Klasse 5 & 6,1044,Fineliner 10er Set Stabilo Point 88,1,7.99,7.99,1
B00384,Klasse 5 & 6,1036,Bleistift HB Grip 2001 Faber-Castell,1,1.5,1.5,1
B00384,Klasse 5 & 6,1015,Radiergummi soft (für Bleistifte),1,0.8,0.8,1
B00384,Klasse 5 & 6,1041,Schnellhefter A4 Kunststoff gelb,2,0.5,1.0,1
B00385,Klasse 10,1038,Schnellhefter A4 Kunststoff blau,3,0.5,1.5,0
B00385,Klasse 10,1044,Fineliner 10er Set Stabilo Point 88,1,7.99,7.99,0
B00385,Klasse 10,1051,Grafikrechner Casio FX-CG50,1,119.0,119.0,0
B00386,Klasse 7,1019,Borstenpinsel-Set (Größen 4/8/12),1,3.5,3.5,0
B00386,Klasse 7,1032,Tintenpatronen blau T10 (5er Pack),2,1.8,3.6,0
B00386,Klasse 7,1018,Tuschkasten K12 (12 Farben),1,9.95,9.95,0
B00386,Klasse 7,1023,Hausaufgabenheft Grundschule A5,1,1.99,1.99,0
B00386,Klasse 7,1037,Lineal 30cm Kunststoff transparent,1,1.1,1.1,0
B00386,Klasse 7,1042,Schnellhefter A4 Kunststoff orange,2,0.5,1.0,0
B00386,Klasse 7,1044,Fineliner 10er Set Stabilo Point 88,1,7.99,7.99,0
B00387,Klasse 9,1058,Haftnotizen Post-it 76x76mm gelb,1,1.99,1.99,0
B00387,Klasse 9,1018,Tuschkasten K12 (12 Farben),1,9.95,9.95,0
B00387,Klasse 9,1046,Ordner A4 breit 80mm schwarz,2,3.49,6.98,0
B00387,Klasse 9,1019,Borstenpinsel-Set (Größen 4/8/12),1,3.5,3.5,0
B00387,Klasse 9,1032,Tintenpatronen blau T10 (5er Pack),2,1.8,3.6,0
B00388,Klasse 6 & 8,1018,Tuschkasten K12 (12 Farben),1,9.95,9.95,1
B00388,Klasse 6 & 8,1048,Hausaufgabenheft A5 Classic,1,1.99,1.99,1
B00388,Klasse 6 & 8,1031,Füllfederhalter Lamy Safari M,1,19.9,19.9,1
B00388,Klasse 6 & 8,1032,Tintenpatronen blau T10 (5er Pack),2,1.8,3.6,1
B00388,Klasse 6 & 8,1017,Zeichenblock A3 (20 Blatt),1,2.49,2.49,1
B00388,Klasse 6 & 8,1046,Ordner A4 breit 80mm schwarz,2,3.49,6.98,1
B00388,Klasse 6 & 8,1037,Lineal 30cm Kunststoff transparent,1,1.1,1.1,1
B00388,Klasse 6 & 8,1038,Schnellhefter A4 Kunststoff blau,2,0.5,1.0,1
B00388,Klasse 6 & 8,1027,Collegeblock A4 kariert (80 Blatt),5,1.79,8.95,1
B00388,Klasse 6 & 8,1044,Fineliner 10er Set Stabilo Point 88,1,7.99,7.99,1
B00388,Klasse 6 & 8,1019,Borstenpinsel-Set (Größen 4/8/12),1,3.5,3.5,1
B00389,Klasse 6,1038,Schnellhefter A4 Kunststoff blau,3,0.5,1.5,0
B00389,Klasse 6,1019,Borstenpinsel-Set (Größen 4/8/12),1,3.5,3.5,0
B00389,Klasse 6,1046,Ordner A4 breit 80mm schwarz,2,3.49,6.98,0
B00389,Klasse 6,1032,Tintenpatronen blau T10 (5er Pack),2,1.8,3.6,0
B00389,Klasse 6,1060,Prospekthüllen A4 transparent 100er Pack,1,3.99,3.99,0
B00389,Klasse 6,1059,Karteikarten A7 liniert 100 Stück,1,1.49,1.49,0
B00389,Klasse 6,1017,Zeichenblock A3 (20 Blatt),1,2.49,2.49,0
B00390,Klasse 1,1021,Knete-Unterlage Kunststoff A3,1,1.99,1.99,0
B00390,Klasse 1,1016,Sammelbox A4 Karton blau,2,2.49,4.98,0
B00390,Klasse 1,1010,Knetmasse 10 Farben,1,3.49,3.49,0
B00390,Klasse 1,1008,Buntstifte 12er Set dreikant (dick),1,5.49,5.49,0
B00390,Klasse 1,1001,Schreiblernheft A4 Lineatur 1 (16 Blatt),2,0.99,1.98,0
B00390,Klasse 1,1007,Schreiblernbleistift Trio Grip (dick),2,1.99,3.98,0
B00390,Klasse 1,1002,Schreiblernheft A4 Lineatur 2 (16 Blatt),3,0.99,2.97,0
B00390,Klasse 1,1042,Schnellhefter A4 Kunststoff orange,3,0.5,1.5,0
B00391,Klasse 7,1028,Collegeblock A4 liniert (80 Blatt),5,1.79,8.95,0
B00391,Klasse 7,1024,Schulheft A4 liniert Lineatur 21 (16 Blatt),5,0.99,4.95,0
B00391,Klasse 7,1043,Textmarker-Set 4 Farben Stabilo Boss,1,4.99,4.99,0
B00391,Klasse 7,1032,Tintenpatronen blau T10 (5er Pack),2,1.8,3.6,0
B00391,Klasse 7,1015,Radiergummi soft (für Bleistifte),1,0.8,0.8,0
B00392,Klasse 9,1019,Borstenpinsel-Set (Größen 4/8/12),1,3.5,3.5,0
B00392,Klasse 9,1020,Haarpinsel-Set (Größen 2/6/10),1,3.99,3.99,0
B00392,Klasse 9,1029,Geodreieck 16 cm transparent Aristo,1,1.2,1.2,0
B00392,Klasse 9,1036,Bleistift HB Grip 2001 Faber-Castell,1,1.5,1.5,0
B00392,Klasse 9,1040,Schnellhefter A4 Kunststoff grün,2,0.5,1.0,0
B00392,Klasse 9,1033,Tintenkiller Super Pirat (2er Pack),5,2.49,12.45,0
B00392,Klasse 9,1045,Ringbuch A4 schmal 25mm,3,2.99,8.97,0
B00393,Klasse 5,1035,Buntstifte 24er Set dreikant,1,8.99,8.99,0
B00393,Klasse 5,1046,Ordner A4 breit 80mm schwarz,5,3.49,17.45,0
B00393,Klasse 5,1042,Schnellhefter A4 Kunststoff orange,3,0.5,1.5,0
B00393,Klasse 5,1013,Klebestift Uhu Renature 21g,1,1.89,1.89,0
B00394,Klasse 1,1016,Sammelbox A4 Karton blau,2,2.49,4.98,0
B00394,Klasse 1,1010,Knetmasse 10 Farben,1,3.49,3.49,0
B00394,Klasse 1,1007,Schreiblernbleistift Trio Grip (dick),1,1.99,1.99,0
B00394,Klasse 1,1038,Schnellhefter A4 Kunststoff blau,5,0.5,2.5,0
B00394,Klasse 1,1017,Zeichenblock A3 (20 Blatt),1,2.49,2.49,0
B00394,Klasse 1,1009,Wachsmalkreiden 12er Set (wasservermalbar),1,6.99,6.99,0
B00394,Klasse 1,1018,Tuschkasten K12 (12 Farben),1,9.95,9.95,0
B00395,Klasse 1,1019,Borstenpinsel-Set (Größen 4/8/12),1,3.5,3.5,0
B00395,Klasse 1,1016,Sammelbox A4 Karton blau,2,2.49,4.98,0
B00395,Klasse 1,1010,Knetmasse 10 Farben,1,3.49,3.49,0
B00395,Klasse 1,1039,Schnellhefter A4 Kunststoff rot,2,0.5,1.0,0
B00395,Klasse 1,1042,Schnellhefter A4 Kunststoff orange,2,0.5,1.0,0
B00395,Klasse 1,1015,Radiergummi soft (für Bleistifte),1,0.8,0.8,0
B00395,Klasse 1,1005,Rechenheft A4 Lineatur 7 (7x7mm Kästchen),5,0.99,4.95,0
B00395,Klasse 1,1008,Buntstifte 12er Set dreikant (dick),1,5.49,5.49,0
B00396,Klasse 6,1026,Vokabelheft A5 Lineatur 53 (32 Blatt),2,1.29,2.58,0
B00396,Klasse 6,1013,Klebestift Uhu Renature 21g,1,1.89,1.89,0
B00396,Klasse 6,1029,Geodreieck 16 cm transparent Aristo,1,1.2,1.2,0
B00397,Klasse 3 & 10,1030,Geodreieck 22 cm Griff transparent,1,2.1,2.1,1
B00397,Klasse 3 & 10,1053,Ringbucheinlagen A4 liniert 100 Blatt,1,2.29,2.29,1
B00397,Klasse 3 & 10,1043,Textmarker-Set 4 Farben Stabilo Boss,1,4.99,4.99,1
B00397,Klasse 3 & 10,1014,Doppelanspitzer Dose Trio Grip,1,2.99,2.99,1
B00397,Klasse 3 & 10,1016,Sammelbox A4 Karton blau,5,2.49,12.45,1
B00397,Klasse 3 & 10,1042,Schnellhefter A4 Kunststoff orange,3,0.5,1.5,1
B00397,Klasse 3 & 10,1007,Schreiblernbleistift Trio Grip (dick),1,1.99,1.99,1
B00397,Klasse 3 & 10,1041,Schnellhefter A4 Kunststoff gelb,2,0.5,1.0,1
B00397,Klasse 3 & 10,1022,Schreiblern-Füller Lamy ABC,1,14.5,14.5,1
B00398,Klasse 7,1030,Geodreieck 22 cm Griff transparent,1,2.1,2.1,0
B00398,Klasse 7,1041,Schnellhefter A4 Kunststoff gelb,3,0.5,1.5,0
B00398,Klasse 7,1027,Collegeblock A4 kariert (80 Blatt),2,1.79,3.58,0
B00398,Klasse 7,1059,Karteikarten A7 liniert 100 Stück,1,1.49,1.49,0
B00398,Klasse 7,1033,Tintenkiller Super Pirat (2er Pack),2,2.49,4.98,0
B00398,Klasse 7,1047,Wissenschaftlicher Taschenrechner Casio fx-87DE X,1,24.99,24.99,0
B00399,Klasse 9,1057,Textmarker-Set Pastell 6 Farben Stabilo Boss,1,6.99,6.99,0
B00399,Klasse 9,1027,Collegeblock A4 kariert (80 Blatt),3,1.79,5.37,0
B00399,Klasse 9,1025,Schulheft A4 kariert Lineatur 22 (16 Blatt),3,0.99,2.97,0
B00400,Klasse 8,1034,Schulkompass Zirkel Staedtler,1,8.5,8.5,0
B00400,Klasse 8,1040,Schnellhefter A4 Kunststoff grün,2,0.5,1.0,0
B00400,Klasse 8,1026,Vokabelheft A5 Lineatur 53 (32 Blatt),3,1.29,3.87,0
B00401,Klasse 1,1039,Schnellhefter A4 Kunststoff rot,2,0.5,1.0,0
B00401,Klasse 1,1014,Doppelanspitzer Dose Trio Grip,1,2.99,2.99,0
B00401,Klasse 1,1016,Sammelbox A4 Karton blau,5,2.49,12.45,0
B00401,Klasse 1,1008,Buntstifte 12er Set dreikant (dick),1,5.49,5.49,0
B00401,Klasse 1,1022,Schreiblern-Füller Lamy ABC,1,14.5,14.5,0
B00402,Klasse 9,1058,Haftnotizen Post-it 76x76mm gelb,1,1.99,1.99,0
B00402,Klasse 9,1041,Schnellhefter A4 Kunststoff gelb,3,0.5,1.5,0
B00402,Klasse 9,1055,Kugelschreiber Grip 2011 M blau (dokumentenecht),5,4.5,22.5,0
B00403,Klasse 1,1039,Schnellhefter A4 Kunststoff rot,1,0.5,0.5,0
B00403,Klasse 1,1019,Borstenpinsel-Set (Größen 4/8/12),1,3.5,3.5,0
B00403,Klasse 1,1038,Schnellhefter A4 Kunststoff blau,3,0.5,1.5,0
B00403,Klasse 1,1008,Buntstifte 12er Set dreikant (dick),1,5.49,5.49,0
B00404,Klasse 5 & 6,1034,Schulkompass Zirkel Staedtler,1,8.5,8.5,1
B00404,Klasse 5 & 6,1039,Schnellhefter A4 Kunststoff rot,5,0.5,2.5,1
B00404,Klasse 5 & 6,1033,Tintenkiller Super Pirat (2er Pack),5,2.49,12.45,1
B00404,Klasse 5 & 6,1059,Karteikarten A7 liniert 100 Stück,1,1.49,1.49,1
B00404,Klasse 5 & 6,1017,Zeichenblock A3 (20 Blatt),1,2.49,2.49,1
B00404,Klasse 5 & 6,1035,Buntstifte 24er Set dreikant,1,8.99,8.99,1
B00404,Klasse 5 & 6,1024,Schulheft A4 liniert Lineatur 21 (16 Blatt),2,0.99,1.98,1
B00404,Klasse 5 & 6,1029,Geodreieck 16 cm transparent Aristo,1,1.2,1.2,1
B00404,Klasse 5 & 6,1036,Bleistift HB Grip 2001 Faber-Castell,3,1.5,4.5,1
B00405,Klasse 3 & 12,1032,Tintenpatronen blau T10 (5er Pack),2,1.8,3.6,1
B00405,Klasse 3 & 12,1023,Hausaufgabenheft Grundschule A5,1,1.99,1.99,1
B00405,Klasse 3 & 12,1022,Schreiblern-Füller Lamy ABC,1,14.5,14.5,1
B00405,Klasse 3 & 12,1038,Schnellhefter A4 Kunststoff blau,2,0.5,1.0,1
B00405,Klasse 3 & 12,1052,Formelsammlung Mathematik/Physik/Chemie Duden,1,12.99,12.99,1
B00405,Klasse 3 & 12,1004,Schulheft A4 Lineatur 4 (16 Blatt),3,0.99,2.97,1
B00405,Klasse 3 & 12,1016,Sammelbox A4 Karton blau,3,2.49,7.47,1
B00405,Klasse 3 & 12,1018,Tuschkasten K12 (12 Farben),1,9.95,9.95,1
B00405,Klasse 3 & 12,1029,Geodreieck 16 cm transparent Aristo,1,1.2,1.2,1
B00405,Klasse 3 & 12,1036,Bleistift HB Grip 2001 Faber-Castell,3,1.5,4.5,1
B00406,Klasse 8,1024,Schulheft A4 liniert Lineatur 21 (16 Blatt),3,0.99,2.97,0
B00406,Klasse 8,1030,Geodreieck 22 cm Griff transparent,1,2.1,2.1,0
B00406,Klasse 8,1048,Hausaufgabenheft A5 Classic,1,1.99,1.99,0
B00407,Klasse 4,1012,Bastelschere rund 13cm Linkshänder,1,2.2,2.2,0
B00407,Klasse 4,1016,Sammelbox A4 Karton blau,2,2.49,4.98,0
B00407,Klasse 4,1008,Buntstifte 12er Set dreikant (dick),1,5.49,5.49,0
B00407,Klasse 4,1036,Bleistift HB Grip 2001 Faber-Castell,1,1.5,1.5,0
B00407,Klasse 4,1014,Doppelanspitzer Dose Trio Grip,1,2.99,2.99,0
B00407,Klasse 4,1040,Schnellhefter A4 Kunststoff grün,1,0.5,0.5,0
B00407,Klasse 4,1013,Klebestift Uhu Renature 21g,1,1.89,1.89,0
B00408,Klasse 6,1031,Füllfederhalter Lamy Safari M,1,19.9,19.9,0
B00408,Klasse 6,1029,Geodreieck 16 cm transparent Aristo,1,1.2,1.2,0
B00408,Klasse 6,1024,Schulheft A4 liniert Lineatur 21 (16 Blatt),2,0.99,1.98,0
B00408,Klasse 6,1027,Collegeblock A4 kariert (80 Blatt),5,1.79,8.95,0
B00408,Klasse 6,1032,Tintenpatronen blau T10 (5er Pack),1,1.8,1.8,0
B00408,Klasse 6,1042,Schnellhefter A4 Kunststoff orange,3,0.5,1.5,0
B00409,Klasse 7 & 9,1027,Collegeblock A4 kariert (80 Blatt),5,1.79,8.95,1
B00409,Klasse 7 & 9,1042,Schnellhefter A4 Kunststoff orange,2,0.5,1.0,1
B00409,Klasse 7 & 9,1034,Schulkompass Zirkel Staedtler,1,8.5,8.5,1
B00409,Klasse 7 & 9,1061,Tintenroller Pilot Frixion Ball 0.7 schwarz,3,3.29,9.87,1
B00409,Klasse 7 & 9,1030,Geodreieck 22 cm Griff transparent,1,2.1,2.1,1
B00409,Klasse 7 & 9,1048,Hausaufgabenheft A5 Classic,1,1.99,1.99,1
B00410,Klasse 7,1045,Ringbuch A4 schmal 25mm,2,2.99,5.98,0
B00410,Klasse 7,1043,Textmarker-Set 4 Farben Stabilo Boss,1,4.99,4.99,0
B00410,Klasse 7,1040,Schnellhefter A4 Kunststoff grün,2,0.5,1.0,0
B00410,Klasse 7,1034,Schulkompass Zirkel Staedtler,1,8.5,8.5,0
B00411,Klasse 2 & 11,1029,Geodreieck 16 cm transparent Aristo,1,1.2,1.2,1
B00411,Klasse 2 & 11,1036,Bleistift HB Grip 2001 Faber-Castell,1,1.5,1.5,1
B00411,Klasse 2 & 11,1057,Textmarker-Set Pastell 6 Farben Stabilo Boss,1,6.99,6.99,1
B00411,Klasse 2 & 11,1027,Collegeblock A4 kariert (80 Blatt),1,1.79,1.79,1
B00411,Klasse 2 & 11,1050,Oxford Collegeblock A4 liniert (90g Papier),3,2.79,8.37,1
B00411,Klasse 2 & 11,1041,Schnellhefter A4 Kunststoff gelb,2,0.5,1.0,1
B00411,Klasse 2 & 11,1039,Schnellhefter A4 Kunststoff rot,3,0.5,1.5,1
B00411,Klasse 2 & 11,1019,Borstenpinsel-Set (Größen 4/8/12),1,3.5,3.5,1
B00411,Klasse 2 & 11,1017,Zeichenblock A3 (20 Blatt),1,2.49,2.49,1
B00411,Klasse 2 & 11,1012,Bastelschere rund 13cm Linkshänder,1,2.2,2.2,1
B00411,Klasse 2 & 11,1020,Haarpinsel-Set (Größen 2/6/10),1,3.99,3.99,1
B00411,Klasse 2 & 11,1038,Schnellhefter A4 Kunststoff blau,3,0.5,1.5,1
B00411,Klasse 2 & 11,1023,Hausaufgabenheft Grundschule A5,1,1.99,1.99,1
B00411,Klasse 2 & 11,1005,Rechenheft A4 Lineatur 7 (7x7mm Kästchen),10,0.99,9.9,1
B00412,Klasse 3,1039,Schnellhefter A4 Kunststoff rot,2,0.5,1.0,0
B00412,Klasse 3,1013,Klebestift Uhu Renature 21g,1,1.89,1.89,0
B00412,Klasse 3,1023,Hausaufgabenheft Grundschule A5,1,1.99,1.99,0
B00412,Klasse 3,1003,Schreiblernheft A4 Lineatur 3 (16 Blatt),3,0.99,2.97,0
B00412,Klasse 3,1014,Doppelanspitzer Dose Trio Grip,1,2.99,2.99,0
B00412,Klasse 3,1038,Schnellhefter A4 Kunststoff blau,1,0.5,0.5,0
B00412,Klasse 3,1008,Buntstifte 12er Set dreikant (dick),1,5.49,5.49,0
B00412,Klasse 3,1042,Schnellhefter A4 Kunststoff orange,3,0.5,1.5,0
B00413,Klasse 8,1029,Geodreieck 16 cm transparent Aristo,1,1.2,1.2,0
B00413,Klasse 8,1039,Schnellhefter A4 Kunststoff rot,1,0.5,0.5,0
B00413,Klasse 8,1045,Ringbuch A4 schmal 25mm,1,2.99,2.99,0
B00413,Klasse 8,1043,Textmarker-Set 4 Farben Stabilo Boss,1,4.99,4.99,0
B00413,Klasse 8,1025,Schulheft A4 kariert Lineatur 22 (16 Blatt),2,0.99,1.98,0
B00414,Klasse 3,1038,Schnellhefter A4 Kunststoff blau,2,0.5,1.0,0
B00414,Klasse 3,1015,Radiergummi soft (für Bleistifte),1,0.8,0.8,0
B00414,Klasse 3,1003,Schreiblernheft A4 Lineatur 3 (16 Blatt),1,0.99,0.99,0
B00414,Klasse 3,1016,Sammelbox A4 Karton blau,1,2.49,2.49,0
B00414,Klasse 3,1020,Haarpinsel-Set (Größen 2/6/10),1,3.99,3.99,0
B00415,Klasse 6,1045,Ringbuch A4 schmal 25mm,5,2.99,14.95,0
B00415,Klasse 6,1046,Ordner A4 breit 80mm schwarz,2,3.49,6.98,0
B00415,Klasse 6,1037,Lineal 30cm Kunststoff transparent,1,1.1,1.1,0
B00415,Klasse 6,1031,Füllfederhalter Lamy Safari M,1,19.9,19.9,0
B00416,Klasse 12,1036,Bleistift HB Grip 2001 Faber-Castell,3,1.5,4.5,0
B00416,Klasse 12,1030,Geodreieck 22 cm Griff transparent,1,2.1,2.1,0
B00416,Klasse 12,1050,Oxford Collegeblock A4 liniert (90g Papier),5,2.79,13.95,0
B00416,Klasse 12,1053,Ringbucheinlagen A4 liniert 100 Blatt,1,2.29,2.29,0
B00416,Klasse 12,1054,Ringbucheinlagen A4 kariert 100 Blatt,10,2.29,22.9,0
B00417,Klasse 1 & 3,1023,Hausaufgabenheft Grundschule A5,1,1.99,1.99,1
B00417,Klasse 1 & 3,1010,Knetmasse 10 Farben,1,3.49,3.49,1
B00417,Klasse 1 & 3,1019,Borstenpinsel-Set (Größen 4/8/12),1,3.5,3.5,1
B00417,Klasse 1 & 3,1017,Zeichenblock A3 (20 Blatt),1,2.49,2.49,1
B00417,Klasse 1 & 3,1039,Schnellhefter A4 Kunststoff rot,2,0.5,1.0,1
B00417,Klasse 1 & 3,1012,Bastelschere rund 13cm Linkshänder,1,2.2,2.2,1
B00417,Klasse 1 & 3,1013,Klebestift Uhu Renature 21g,1,1.89,1.89,1
B00417,Klasse 1 & 3,1011,Bastelschere rund 13cm Rechtshänder,1,2.2,2.2,1
B00417,Klasse 1 & 3,1041,Schnellhefter A4 Kunststoff gelb,1,0.5,0.5,1
B00417,Klasse 1 & 3,1042,Schnellhefter A4 Kunststoff orange,2,0.5,1.0,1
B00417,Klasse 1 & 3,1014,Doppelanspitzer Dose Trio Grip,1,2.99,2.99,1
B00417,Klasse 1 & 3,1006,Rechenheft A4 Lineatur 8 (5x5mm Kästchen),3,0.99,2.97,1
B00417,Klasse 1 & 3,1018,Tuschkasten K12 (12 Farben),1,9.95,9.95,1
B00417,Klasse 1 & 3,1007,Schreiblernbleistift Trio Grip (dick),3,1.99,5.97,1
B00417,Klasse 1 & 3,1022,Schreiblern-Füller Lamy ABC,1,14.5,14.5,1
B00418,Klasse 8,1044,Fineliner 10er Set Stabilo Point 88,1,7.99,7.99,0
B00418,Klasse 8,1017,Zeichenblock A3 (20 Blatt),1,2.49,2.49,0
B00418,Klasse 8,1020,Haarpinsel-Set (Größen 2/6/10),1,3.99,3.99,0
B00418,Klasse 8,1039,Schnellhefter A4 Kunststoff rot,3,0.5,1.5,0
B00418,Klasse 8,1034,Schulkompass Zirkel Staedtler,1,8.5,8.5,0
B00418,Klasse 8,1031,Füllfederhalter Lamy Safari M,1,19.9,19.9,0
B00418,Klasse 8,1042,Schnellhefter A4 Kunststoff orange,2,0.5,1.0,0
B00419,Klasse 9,1027,Collegeblock A4 kariert (80 Blatt),3,1.79,5.37,0
B00419,Klasse 9,1030,Geodreieck 22 cm Griff transparent,1,2.1,2.1,0
B00419,Klasse 9,1057,Textmarker-Set Pastell 6 Farben Stabilo Boss,1,6.99,6.99,0
B00420,Klasse 12,1036,Bleistift HB Grip 2001 Faber-Castell,3,1.5,4.5,0
B00420,Klasse 12,1051,Grafikrechner Casio FX-CG50,1,119.0,119.0,0
B00420,Klasse 12,1049,Oxford Collegeblock A4 kariert (90g Papier),1,2.79,2.79,0
B00420,Klasse 12,1029,Geodreieck 16 cm transparent Aristo,1,1.2,1.2,0
B00420,Klasse 12,1043,Textmarker-Set 4 Farben Stabilo Boss,1,4.99,4.99,0
B00421,Klasse 12,1052,Formelsammlung Mathematik/Physik/Chemie Duden,1,12.99,12.99,0
B00421,Klasse 12,1036,Bleistift HB Grip 2001 Faber-Castell,5,1.5,7.5,0
B00421,Klasse 12,1044,Fineliner 10er Set Stabilo Point 88,1,7.99,7.99,0
B00422,Klasse 2,1006,Rechenheft A4 Lineatur 8 (5x5mm Kästchen),3,0.99,2.97,0
B00422,Klasse 2,1005,Rechenheft A4 Lineatur 7 (7x7mm Kästchen),5,0.99,4.95,0
B00422,Klasse 2,1010,Knetmasse 10 Farben,1,3.49,3.49,0
B00422,Klasse 2,1009,Wachsmalkreiden 12er Set (wasservermalbar),1,6.99,6.99,0
B00422,Klasse 2,1002,Schreiblernheft A4 Lineatur 2 (16 Blatt),3,0.99,2.97,0
B00422,Klasse 2,1016,Sammelbox A4 Karton blau,3,2.49,7.47,0
B00422,Klasse 2,1012,Bastelschere rund 13cm Linkshänder,1,2.2,2.2,0
B00422,Klasse 2,1021,Knete-Unterlage Kunststoff A3,1,1.99,1.99,0
B00423,Klasse 4,1019,Borstenpinsel-Set (Größen 4/8/12),1,3.5,3.5,0
B00423,Klasse 4,1015,Radiergummi soft (für Bleistifte),1,0.8,0.8,0
B00423,Klasse 4,1022,Schreiblern-Füller Lamy ABC,1,14.5,14.5,0
B00423,Klasse 4,1013,Klebestift Uhu Renature 21g,1,1.89,1.89,0
B00424,Klasse 3 & 10,1019,Borstenpinsel-Set (Größen 4/8/12),1,3.5,3.5,1
B00424,Klasse 3 & 10,1022,Schreiblern-Füller Lamy ABC,1,14.5,14.5,1
B00424,Klasse 3 & 10,1023,Hausaufgabenheft Grundschule A5,1,1.99,1.99,1
B00424,Klasse 3 & 10,1018,Tuschkasten K12 (12 Farben),1,9.95,9.95,1
B00424,Klasse 3 & 10,1016,Sammelbox A4 Karton blau,3,2.49,7.47,1
B00424,Klasse 3 & 10,1003,Schreiblernheft A4 Lineatur 3 (16 Blatt),2,0.99,1.98,1
B00424,Klasse 3 & 10,1043,Textmarker-Set 4 Farben Stabilo Boss,1,4.99,4.99,1
B00424,Klasse 3 & 10,1030,Geodreieck 22 cm Griff transparent,1,2.1,2.1,1
B00424,Klasse 3 & 10,1028,Collegeblock A4 liniert (80 Blatt),3,1.79,5.37,1
B00424,Klasse 3 & 10,1045,Ringbuch A4 schmal 25mm,2,2.99,5.98,1
B00425,Klasse 3,1021,Knete-Unterlage Kunststoff A3,1,1.99,1.99,0
B00425,Klasse 3,1038,Schnellhefter A4 Kunststoff blau,3,0.5,1.5,0
B00425,Klasse 3,1011,Bastelschere rund 13cm Rechtshänder,1,2.2,2.2,0
B00425,Klasse 3,1019,Borstenpinsel-Set (Größen 4/8/12),1,3.5,3.5,0
B00425,Klasse 3,1017,Zeichenblock A3 (20 Blatt),1,2.49,2.49,0
B00425,Klasse 3,1018,Tuschkasten K12 (12 Farben),1,9.95,9.95,0
B00425,Klasse 3,1012,Bastelschere rund 13cm Linkshänder,1,2.2,2.2,0
B00426,Klasse 12,1029,Geodreieck 16 cm transparent Aristo,1,1.2,1.2,0
B00426,Klasse 12,1056,Kugelschreiber Grip 2011 M schwarz,1,4.5,4.5,0
B00426,Klasse 12,1046,Ordner A4 breit 80mm schwarz,1,3.49,3.49,0
B00427,Klasse 10,1042,Schnellhefter A4 Kunststoff orange,5,0.5,2.5,0
B00427,Klasse 10,1057,Textmarker-Set Pastell 6 Farben Stabilo Boss,1,6.99,6.99,0
B00428,Klasse 7,1020,Haarpinsel-Set (Größen 2/6/10),1,3.99,3.99,0
B00428,Klasse 7,1024,Schulheft A4 liniert Lineatur 21 (16 Blatt),3,0.99,2.97,0
B00428,Klasse 7,1015,Radiergummi soft (für Bleistifte),1,0.8,0.8,0
B00429,Klasse 8 & 11,1019,Borstenpinsel-Set (Größen 4/8/12),1,3.5,3.5,1
B00429,Klasse 8 & 11,1060,Prospekthüllen A4 transparent 100er Pack,1,3.99,3.99,1
B00429,Klasse 8 & 11,1044,Fineliner 10er Set Stabilo Point 88,1,7.99,7.99,1
B00429,Klasse 8 & 11,1042,Schnellhefter A4 Kunststoff orange,2,0.5,1.0,1
B00429,Klasse 8 & 11,1052,Formelsammlung Mathematik/Physik/Chemie Duden,1,12.99,12.99,1
B00429,Klasse 8 & 11,1036,Bleistift HB Grip 2001 Faber-Castell,1,1.5,1.5,1
B00429,Klasse 8 & 11,1053,Ringbucheinlagen A4 liniert 100 Blatt,5,2.29,11.45,1
B00430,Klasse 3,1011,Bastelschere rund 13cm Rechtshänder,1,2.2,2.2,0
B00430,Klasse 3,1060,Prospekthüllen A4 transparent 100er Pack,1,3.99,3.99,0
B00430,Klasse 3,1022,Schreiblern-Füller Lamy ABC,1,14.5,14.5,0
B00430,Klasse 3,1019,Borstenpinsel-Set (Größen 4/8/12),1,3.5,3.5,0
B00430,Klasse 3,1003,Schreiblernheft A4 Lineatur 3 (16 Blatt),5,0.99,4.95,0
B00431,Klasse 8,1036,Bleistift HB Grip 2001 Faber-Castell,1,1.5,1.5,0
B00431,Klasse 8,1061,Tintenroller Pilot Frixion Ball 0.7 schwarz,5,3.29,16.45,0
B00431,Klasse 8,1039,Schnellhefter A4 Kunststoff rot,1,0.5,0.5,0
B00431,Klasse 8,1026,Vokabelheft A5 Lineatur 53 (32 Blatt),3,1.29,3.87,0
B00431,Klasse 8,1034,Schulkompass Zirkel Staedtler,1,8.5,8.5,0
B00431,Klasse 8,1059,Karteikarten A7 liniert 100 Stück,1,1.49,1.49,0
B00431,Klasse 8,1057,Textmarker-Set Pastell 6 Farben Stabilo Boss,1,6.99,6.99,0
B00432,Klasse 9,1026,Vokabelheft A5 Lineatur 53 (32 Blatt),5,1.29,6.45,0
B00432,Klasse 9,1030,Geodreieck 22 cm Griff transparent,1,2.1,2.1,0
B00432,Klasse 9,1028,Collegeblock A4 liniert (80 Blatt),5,1.79,8.95,0
B00432,Klasse 9,1036,Bleistift HB Grip 2001 Faber-Castell,5,1.5,7.5,0
B00433,Klasse 6,1060,Prospekthüllen A4 transparent 100er Pack,1,3.99,3.99,0
B00433,Klasse 6,1018,Tuschkasten K12 (12 Farben),1,9.95,9.95,0
B00433,Klasse 6,1043,Textmarker-Set 4 Farben Stabilo Boss,1,4.99,4.99,0
B00433,Klasse 6,1033,Tintenkiller Super Pirat (2er Pack),3,2.49,7.47,0
B00433,Klasse 6,1027,Collegeblock A4 kariert (80 Blatt),5,1.79,8.95,0
B00434,Klasse 1,1023,Hausaufgabenheft Grundschule A5,1,1.99,1.99,0
B00434,Klasse 1,1007,Schreiblernbleistift Trio Grip (dick),5,1.99,9.95,0
B00434,Klasse 1,1039,Schnellhefter A4 Kunststoff rot,3,0.5,1.5,0
B00434,Klasse 1,1001,Schreiblernheft A4 Lineatur 1 (16 Blatt),2,0.99,1.98,0
B00434,Klasse 1,1017,Zeichenblock A3 (20 Blatt),1,2.49,2.49,0
B00434,Klasse 1,1009,Wachsmalkreiden 12er Set (wasservermalbar),1,6.99,6.99,0
B00435,Klasse 11,1030,Geodreieck 22 cm Griff transparent,1,2.1,2.1,0
B00435,Klasse 11,1053,Ringbucheinlagen A4 liniert 100 Blatt,2,2.29,4.58,0
B00435,Klasse 11,1029,Geodreieck 16 cm transparent Aristo,1,1.2,1.2,0
B00435,Klasse 11,1057,Textmarker-Set Pastell 6 Farben Stabilo Boss,1,6.99,6.99,0
B00436,Klasse 10,1040,Schnellhefter A4 Kunststoff grün,2,0.5,1.0,0
B00436,Klasse 10,1059,Karteikarten A7 liniert 100 Stück,1,1.49,1.49,0
B00437,Klasse 10,1036,Bleistift HB Grip 2001 Faber-Castell,1,1.5,1.5,0
B00437,Klasse 10,1056,Kugelschreiber Grip 2011 M schwarz,2,4.5,9.0,0
B00437,Klasse 10,1018,Tuschkasten K12 (12 Farben),1,9.95,9.95,0
B00438,Klasse 6,1013,Klebestift Uhu Renature 21g,1,1.89,1.89,0
B00438,Klasse 6,1024,Schulheft A4 liniert Lineatur 21 (16 Blatt),5,0.99,4.95,0
B00438,Klasse 6,1028,Collegeblock A4 liniert (80 Blatt),2,1.79,3.58,0
B00438,Klasse 6,1040,Schnellhefter A4 Kunststoff grün,2,0.5,1.0,0
B00439,Klasse 7,1040,Schnellhefter A4 Kunststoff grün,2,0.5,1.0,0
B00439,Klasse 7,1032,Tintenpatronen blau T10 (5er Pack),2,1.8,3.6,0
B00439,Klasse 7,1041,Schnellhefter A4 Kunststoff gelb,1,0.5,0.5,0
B00439,Klasse 7,1044,Fineliner 10er Set Stabilo Point 88,1,7.99,7.99,0
B00439,Klasse 7,1020,Haarpinsel-Set (Größen 2/6/10),1,3.99,3.99,0
B00439,Klasse 7,1035,Buntstifte 24er Set dreikant,1,8.99,8.99,0
B00440,Klasse 7,1017,Zeichenblock A3 (20 Blatt),1,2.49,2.49,0
B00440,Klasse 7,1032,Tintenpatronen blau T10 (5er Pack),3,1.8,5.4,0
B00440,Klasse 7,1027,Collegeblock A4 kariert (80 Blatt),5,1.79,8.95,0
B00440,Klasse 7,1044,Fineliner 10er Set Stabilo Point 88,1,7.99,7.99,0
B00440,Klasse 7,1031,Füllfederhalter Lamy Safari M,1,19.9,19.9,0
B00441,Klasse 5,1028,Collegeblock A4 liniert (80 Blatt),10,1.79,17.9,0
B00441,Klasse 5,1031,Füllfederhalter Lamy Safari M,1,19.9,19.9,0
B00441,Klasse 5,1060,Prospekthüllen A4 transparent 100er Pack,1,3.99,3.99,0
B00441,Klasse 5,1046,Ordner A4 breit 80mm schwarz,2,3.49,6.98,0
B00442,Klasse 6,1031,Füllfederhalter Lamy Safari M,1,19.9,19.9,0
B00442,Klasse 6,1048,Hausaufgabenheft A5 Classic,1,1.99,1.99,0
B00442,Klasse 6,1013,Klebestift Uhu Renature 21g,1,1.89,1.89,0
B00442,Klasse 6,1024,Schulheft A4 liniert Lineatur 21 (16 Blatt),1,0.99,0.99,0
B00442,Klasse 6,1017,Zeichenblock A3 (20 Blatt),1,2.49,2.49,0
B00442,Klasse 6,1039,Schnellhefter A4 Kunststoff rot,3,0.5,1.5,0
B00443,Klasse 3 & 5,1016,Sammelbox A4 Karton blau,3,2.49,7.47,1
B00443,Klasse 3 & 5,1038,Schnellhefter A4 Kunststoff blau,3,0.5,1.5,1
B00443,Klasse 3 & 5,1017,Zeichenblock A3 (20 Blatt),1,2.49,2.49,1
B00443,Klasse 3 & 5,1042,Schnellhefter A4 Kunststoff orange,1,0.5,0.5,1
B00443,Klasse 3 & 5,1002,Schreiblernheft A4 Lineatur 2 (16 Blatt),2,0.99,1.98,1
B00443,Klasse 3 & 5,1019,Borstenpinsel-Set (Größen 4/8/12),1,3.5,3.5,1
B00443,Klasse 3 & 5,1032,Tintenpatronen blau T10 (5er Pack),1,1.8,1.8,1
B00443,Klasse 3 & 5,1044,Fineliner 10er Set Stabilo Point 88,1,7.99,7.99,1
B00443,Klasse 3 & 5,1027,Collegeblock A4 kariert (80 Blatt),5,1.79,8.95,1
B00444,Klasse 12,1056,Kugelschreiber Grip 2011 M schwarz,5,4.5,22.5,0
B00444,Klasse 12,1029,Geodreieck 16 cm transparent Aristo,1,1.2,1.2,0
B00444,Klasse 12,1027,Collegeblock A4 kariert (80 Blatt),2,1.79,3.58,0
B00445,Klasse 11,1027,Collegeblock A4 kariert (80 Blatt),10,1.79,17.9,0
B00445,Klasse 11,1057,Textmarker-Set Pastell 6 Farben Stabilo Boss,1,6.99,6.99,0
B00445,Klasse 11,1034,Schulkompass Zirkel Staedtler,1,8.5,8.5,0
B00446,Klasse 2,1014,Doppelanspitzer Dose Trio Grip,1,2.99,2.99,0
B00446,Klasse 2,1039,Schnellhefter A4 Kunststoff rot,3,0.5,1.5,0
B00446,Klasse 2,1011,Bastelschere rund 13cm Rechtshänder,1,2.2,2.2,0
B00446,Klasse 2,1040,Schnellhefter A4 Kunststoff grün,1,0.5,0.5,0
B00446,Klasse 2,1038,Schnellhefter A4 Kunststoff blau,2,0.5,1.0,0
B00446,Klasse 2,1042,Schnellhefter A4 Kunststoff orange,3,0.5,1.5,0
B00446,Klasse 2,1018,Tuschkasten K12 (12 Farben),1,9.95,9.95,0
B00447,Klasse 10,1027,Collegeblock A4 kariert (80 Blatt),2,1.79,3.58,0
B00447,Klasse 10,1059,Karteikarten A7 liniert 100 Stück,1,1.49,1.49,0
B00447,Klasse 10,1045,Ringbuch A4 schmal 25mm,2,2.99,5.98,0
B00448,Klasse 2,1015,Radiergummi soft (für Bleistifte),1,0.8,0.8,0
B00448,Klasse 2,1010,Knetmasse 10 Farben,1,3.49,3.49,0
B00448,Klasse 2,1011,Bastelschere rund 13cm Rechtshänder,1,2.2,2.2,0
B00448,Klasse 2,1016,Sammelbox A4 Karton blau,3,2.49,7.47,0
B00448,Klasse 2,1020,Haarpinsel-Set (Größen 2/6/10),1,3.99,3.99,0
B00449,Klasse 2,1020,Haarpinsel-Set (Größen 2/6/10),1,3.99,3.99,0
B00449,Klasse 2,1015,Radiergummi soft (für Bleistifte),1,0.8,0.8,0
B00449,Klasse 2,1018,Tuschkasten K12 (12 Farben),1,9.95,9.95,0
B00449,Klasse 2,1019,Borstenpinsel-Set (Größen 4/8/12),1,3.5,3.5,0
B00450,Klasse 7,1043,Textmarker-Set 4 Farben Stabilo Boss,1,4.99,4.99,0
B00450,Klasse 7,1040,Schnellhefter A4 Kunststoff grün,2,0.5,1.0,0
B00450,Klasse 7,1038,Schnellhefter A4 Kunststoff blau,5,0.5,2.5,0
B00451,Klasse 3,1006,Rechenheft A4 Lineatur 8 (5x5mm Kästchen),3,0.99,2.97,0
B00451,Klasse 3,1015,Radiergummi soft (für Bleistifte),1,0.8,0.8,0
B00451,Klasse 3,1011,Bastelschere rund 13cm Rechtshänder,1,2.2,2.2,0
B00451,Klasse 3,1008,Buntstifte 12er Set dreikant (dick),1,5.49,5.49,0
B00451,Klasse 3,1012,Bastelschere rund 13cm Linkshänder,1,2.2,2.2,0
B00451,Klasse 3,1014,Doppelanspitzer Dose Trio Grip,1,2.99,2.99,0
B00451,Klasse 3,1022,Schreiblern-Füller Lamy ABC,1,14.5,14.5,0
B00452,Klasse 6 & 12,1048,Hausaufgabenheft A5 Classic,1,1.99,1.99,1
B00452,Klasse 6 & 12,1039,Schnellhefter A4 Kunststoff rot,2,0.5,1.0,1
B00452,Klasse 6 & 12,1045,Ringbuch A4 schmal 25mm,3,2.99,8.97,1
B00452,Klasse 6 & 12,1038,Schnellhefter A4 Kunststoff blau,3,0.5,1.5,1
B00452,Klasse 6 & 12,1053,Ringbucheinlagen A4 liniert 100 Blatt,3,2.29,6.87,1
B00452,Klasse 6 & 12,1055,Kugelschreiber Grip 2011 M blau (dokumentenecht),3,4.5,13.5,1
B00452,Klasse 6 & 12,1059,Karteikarten A7 liniert 100 Stück,1,1.49,1.49,1
B00453,Klasse 7,1018,Tuschkasten K12 (12 Farben),1,9.95,9.95,0
B00453,Klasse 7,1024,Schulheft A4 liniert Lineatur 21 (16 Blatt),5,0.99,4.95,0
B00453,Klasse 7,1028,Collegeblock A4 liniert (80 Blatt),3,1.79,5.37,0
B00454,Klasse 2,1008,Buntstifte 12er Set dreikant (dick),1,5.49,5.49,0
B00454,Klasse 2,1010,Knetmasse 10 Farben,1,3.49,3.49,0
B00454,Klasse 2,1022,Schreiblern-Füller Lamy ABC,1,14.5,14.5,0
B00454,Klasse 2,1009,Wachsmalkreiden 12er Set (wasservermalbar),1,6.99,6.99,0
B00454,Klasse 2,1039,Schnellhefter A4 Kunststoff rot,2,0.5,1.0,0
B00454,Klasse 2,1041,Schnellhefter A4 Kunststoff gelb,2,0.5,1.0,0
B00455,Klasse 12,1036,Bleistift HB Grip 2001 Faber-Castell,2,1.5,3.0,0
B00455,Klasse 12,1059,Karteikarten A7 liniert 100 Stück,1,1.49,1.49,0
B00455,Klasse 12,1037,Lineal 30cm Kunststoff transparent,1,1.1,1.1,0
B00455,Klasse 12,1055,Kugelschreiber Grip 2011 M blau (dokumentenecht),1,4.5,4.5,0
B00456,Klasse 6,1045,Ringbuch A4 schmal 25mm,3,2.99,8.97,0
B00456,Klasse 6,1046,Ordner A4 breit 80mm schwarz,1,3.49,3.49,0
B00456,Klasse 6,1017,Zeichenblock A3 (20 Blatt),1,2.49,2.49,0
B00456,Klasse 6,1060,Prospekthüllen A4 transparent 100er Pack,1,3.99,3.99,0
B00457,Klasse 10,1061,Tintenroller Pilot Frixion Ball 0.7 schwarz,1,3.29,3.29,0
B00457,Klasse 10,1059,Karteikarten A7 liniert 100 Stück,1,1.49,1.49,0
B00457,Klasse 10,1043,Textmarker-Set 4 Farben Stabilo Boss,1,4.99,4.99,0
B00457,Klasse 10,1037,Lineal 30cm Kunststoff transparent,1,1.1,1.1,0
B00457,Klasse 10,1050,Oxford Collegeblock A4 liniert (90g Papier),10,2.79,27.9,0
B00458,Klasse 2,1021,Knete-Unterlage Kunststoff A3,1,1.99,1.99,0
B00458,Klasse 2,1018,Tuschkasten K12 (12 Farben),1,9.95,9.95,0
B00458,Klasse 2,1008,Buntstifte 12er Set dreikant (dick),1,5.49,5.49,0
B00458,Klasse 2,1017,Zeichenblock A3 (20 Blatt),1,2.49,2.49,0
B00458,Klasse 2,1012,Bastelschere rund 13cm Linkshänder,1,2.2,2.2,0
B00458,Klasse 2,1016,Sammelbox A4 Karton blau,2,2.49,4.98,0
B00458,Klasse 2,1019,Borstenpinsel-Set (Größen 4/8/12),1,3.5,3.5,0
B00458,Klasse 2,1010,Knetmasse 10 Farben,1,3.49,3.49,0
B00459,Klasse 12,1058,Haftnotizen Post-it 76x76mm gelb,1,1.99,1.99,0
B00459,Klasse 12,1045,Ringbuch A4 schmal 25mm,5,2.99,14.95,0
B00460,Klasse 9,1017,Zeichenblock A3 (20 Blatt),1,2.49,2.49,0
B00460,Klasse 9,1037,Lineal 30cm Kunststoff transparent,1,1.1,1.1,0
B00460,Klasse 9,1045,Ringbuch A4 schmal 25mm,2,2.99,5.98,0
B00460,Klasse 9,1032,Tintenpatronen blau T10 (5er Pack),1,1.8,1.8,0
B00460,Klasse 9,1040,Schnellhefter A4 Kunststoff grün,2,0.5,1.0,0
B00461,Klasse 1 & 6,1042,Schnellhefter A4 Kunststoff orange,2,0.5,1.0,1
B00461,Klasse 1 & 6,1012,Bastelschere rund 13cm Linkshänder,1,2.2,2.2,1
B00461,Klasse 1 & 6,1016,Sammelbox A4 Karton blau,3,2.49,7.47,1
B00461,Klasse 1 & 6,1038,Schnellhefter A4 Kunststoff blau,2,0.5,1.0,1
B00461,Klasse 1 & 6,1040,Schnellhefter A4 Kunststoff grün,3,0.5,1.5,1
B00461,Klasse 1 & 6,1019,Borstenpinsel-Set (Größen 4/8/12),1,3.5,3.5,1
B00461,Klasse 1 & 6,1009,Wachsmalkreiden 12er Set (wasservermalbar),1,6.99,6.99,1
B00461,Klasse 1 & 6,1035,Buntstifte 24er Set dreikant,1,8.99,8.99,1
B00461,Klasse 1 & 6,1060,Prospekthüllen A4 transparent 100er Pack,1,3.99,3.99,1
B00461,Klasse 1 & 6,1034,Schulkompass Zirkel Staedtler,1,8.5,8.5,1
B00462,Klasse 1,1022,Schreiblern-Füller Lamy ABC,1,14.5,14.5,0
B00462,Klasse 1,1014,Doppelanspitzer Dose Trio Grip,1,2.99,2.99,0
B00462,Klasse 1,1020,Haarpinsel-Set (Größen 2/6/10),1,3.99,3.99,0
B00462,Klasse 1,1013,Klebestift Uhu Renature 21g,1,1.89,1.89,0
B00462,Klasse 1,1001,Schreiblernheft A4 Lineatur 1 (16 Blatt),5,0.99,4.95,0
B00462,Klasse 1,1007,Schreiblernbleistift Trio Grip (dick),1,1.99,1.99,0
B00462,Klasse 1,1041,Schnellhefter A4 Kunststoff gelb,2,0.5,1.0,0
B00462,Klasse 1,1021,Knete-Unterlage Kunststoff A3,1,1.99,1.99,0
B00462,Klasse 1,1040,Schnellhefter A4 Kunststoff grün,2,0.5,1.0,0
B00463,Klasse 4,1048,Hausaufgabenheft A5 Classic,1,1.99,1.99,0
B00463,Klasse 4,1004,Schulheft A4 Lineatur 4 (16 Blatt),3,0.99,2.97,0
B00463,Klasse 4,1008,Buntstifte 12er Set dreikant (dick),1,5.49,5.49,0
B00463,Klasse 4,1036,Bleistift HB Grip 2001 Faber-Castell,1,1.5,1.5,0
B00463,Klasse 4,1060,Prospekthüllen A4 transparent 100er Pack,1,3.99,3.99,0
B00463,Klasse 4,1032,Tintenpatronen blau T10 (5er Pack),2,1.8,3.6,0
B00464,Klasse 5,1015,Radiergummi soft (für Bleistifte),1,0.8,0.8,0
B00464,Klasse 5,1024,Schulheft A4 liniert Lineatur 21 (16 Blatt),2,0.99,1.98,0
B00464,Klasse 5,1021,Knete-Unterlage Kunststoff A3,1,1.99,1.99,0
B00465,Klasse 10,1059,Karteikarten A7 liniert 100 Stück,1,1.49,1.49,0
B00465,Klasse 10,1046,Ordner A4 breit 80mm schwarz,2,3.49,6.98,0
B00466,Klasse 3 & 4,1017,Zeichenblock A3 (20 Blatt),1,2.49,2.49,1
B00466,Klasse 3 & 4,1040,Schnellhefter A4 Kunststoff grün,3,0.5,1.5,1
B00466,Klasse 3 & 4,1038,Schnellhefter A4 Kunststoff blau,1,0.5,0.5,1
B00466,Klasse 3 & 4,1042,Schnellhefter A4 Kunststoff orange,2,0.5,1.0,1
B00466,Klasse 3 & 4,1003,Schreiblernheft A4 Lineatur 3 (16 Blatt),2,0.99,1.98,1
B00466,Klasse 3 & 4,1012,Bastelschere rund 13cm Linkshänder,1,2.2,2.2,1
B00466,Klasse 3 & 4,1008,Buntstifte 12er Set dreikant (dick),1,5.49,5.49,1
B00466,Klasse 3 & 4,1013,Klebestift Uhu Renature 21g,1,1.89,1.89,1
B00466,Klasse 3 & 4,1043,Textmarker-Set 4 Farben Stabilo Boss,1,4.99,4.99,1
B00466,Klasse 3 & 4,1014,Doppelanspitzer Dose Trio Grip,1,2.99,2.99,1
B00466,Klasse 3 & 4,1036,Bleistift HB Grip 2001 Faber-Castell,3,1.5,4.5,1
B00466,Klasse 3 & 4,1041,Schnellhefter A4 Kunststoff gelb,3,0.5,1.5,1
B00467,Klasse 7,1028,Collegeblock A4 liniert (80 Blatt),5,1.79,8.95,0
B00467,Klasse 7,1042,Schnellhefter A4 Kunststoff orange,2,0.5,1.0,0
B00467,Klasse 7,1031,Füllfederhalter Lamy Safari M,1,19.9,19.9,0
B00467,Klasse 7,1059,Karteikarten A7 liniert 100 Stück,1,1.49,1.49,0
B00467,Klasse 7,1017,Zeichenblock A3 (20 Blatt),1,2.49,2.49,0
B00468,Klasse 4,1016,Sammelbox A4 Karton blau,2,2.49,4.98,0
B00468,Klasse 4,1032,Tintenpatronen blau T10 (5er Pack),3,1.8,5.4,0
B00468,Klasse 4,1039,Schnellhefter A4 Kunststoff rot,3,0.5,1.5,0
B00468,Klasse 4,1013,Klebestift Uhu Renature 21g,1,1.89,1.89,0
B00468,Klasse 4,1038,Schnellhefter A4 Kunststoff blau,2,0.5,1.0,0
B00468,Klasse 4,1006,Rechenheft A4 Lineatur 8 (5x5mm Kästchen),5,0.99,4.95,0
B00468,Klasse 4,1041,Schnellhefter A4 Kunststoff gelb,2,0.5,1.0,0
B00468,Klasse 4,1017,Zeichenblock A3 (20 Blatt),1,2.49,2.49,0
B00468,Klasse 4,1042,Schnellhefter A4 Kunststoff orange,2,0.5,1.0,0
B00469,Klasse 1,1018,Tuschkasten K12 (12 Farben),1,9.95,9.95,0
B00469,Klasse 1,1010,Knetmasse 10 Farben,1,3.49,3.49,0
B00469,Klasse 1,1009,Wachsmalkreiden 12er Set (wasservermalbar),1,6.99,6.99,0
B00469,Klasse 1,1042,Schnellhefter A4 Kunststoff orange,1,0.5,0.5,0
B00469,Klasse 1,1039,Schnellhefter A4 Kunststoff rot,2,0.5,1.0,0
B00470,Klasse 9,1031,Füllfederhalter Lamy Safari M,1,19.9,19.9,0
B00470,Klasse 9,1047,Wissenschaftlicher Taschenrechner Casio fx-87DE X,1,24.99,24.99,0
B00470,Klasse 9,1032,Tintenpatronen blau T10 (5er Pack),1,1.8,1.8,0
B00470,Klasse 9,1061,Tintenroller Pilot Frixion Ball 0.7 schwarz,3,3.29,9.87,0
B00470,Klasse 9,1055,Kugelschreiber Grip 2011 M blau (dokumentenecht),2,4.5,9.0,0
B00470,Klasse 9,1028,Collegeblock A4 liniert (80 Blatt),5,1.79,8.95,0
B00470,Klasse 9,1060,Prospekthüllen A4 transparent 100er Pack,1,3.99,3.99,0
B00471,Klasse 6,1035,Buntstifte 24er Set dreikant,1,8.99,8.99,0
B00471,Klasse 6,1036,Bleistift HB Grip 2001 Faber-Castell,2,1.5,3.0,0
B00471,Klasse 6,1046,Ordner A4 breit 80mm schwarz,2,3.49,6.98,0
B00471,Klasse 6,1030,Geodreieck 22 cm Griff transparent,1,2.1,2.1,0
B00471,Klasse 6,1020,Haarpinsel-Set (Größen 2/6/10),1,3.99,3.99,0
B00471,Klasse 6,1033,Tintenkiller Super Pirat (2er Pack),3,2.49,7.47,0
B00472,Klasse 11,1051,Grafikrechner Casio FX-CG50,1,119.0,119.0,0
B00472,Klasse 11,1028,Collegeblock A4 liniert (80 Blatt),5,1.79,8.95,0
B00472,Klasse 11,1057,Textmarker-Set Pastell 6 Farben Stabilo Boss,1,6.99,6.99,0
B00472,Klasse 11,1045,Ringbuch A4 schmal 25mm,3,2.99,8.97,0
B00472,Klasse 11,1043,Textmarker-Set 4 Farben Stabilo Boss,1,4.99,4.99,0
B00473,Klasse 9,1015,Radiergummi soft (für Bleistifte),1,0.8,0.8,0
B00473,Klasse 9,1034,Schulkompass Zirkel Staedtler,1,8.5,8.5,0
B00473,Klasse 9,1055,Kugelschreiber Grip 2011 M blau (dokumentenecht),3,4.5,13.5,0
B00473,Klasse 9,1039,Schnellhefter A4 Kunststoff rot,3,0.5,1.5,0
B00473,Klasse 9,1061,Tintenroller Pilot Frixion Ball 0.7 schwarz,2,3.29,6.58,0
B00473,Klasse 9,1019,Borstenpinsel-Set (Größen 4/8/12),1,3.5,3.5,0
B00474,Klasse 9,1036,Bleistift HB Grip 2001 Faber-Castell,3,1.5,4.5,0
B00474,Klasse 9,1034,Schulkompass Zirkel Staedtler,1,8.5,8.5,0
B00474,Klasse 9,1019,Borstenpinsel-Set (Größen 4/8/12),1,3.5,3.5,0
B00474,Klasse 9,1043,Textmarker-Set 4 Farben Stabilo Boss,1,4.99,4.99,0
B00475,Klasse 9,1025,Schulheft A4 kariert Lineatur 22 (16 Blatt),5,0.99,4.95,0
B00475,Klasse 9,1017,Zeichenblock A3 (20 Blatt),1,2.49,2.49,0
B00475,Klasse 9,1026,Vokabelheft A5 Lineatur 53 (32 Blatt),5,1.29,6.45,0
B00475,Klasse 9,1041,Schnellhefter A4 Kunststoff gelb,3,0.5,1.5,0
B00475,Klasse 9,1059,Karteikarten A7 liniert 100 Stück,1,1.49,1.49,0
B00475,Klasse 9,1061,Tintenroller Pilot Frixion Ball 0.7 schwarz,2,3.29,6.58,0
B00475,Klasse 9,1048,Hausaufgabenheft A5 Classic,1,1.99,1.99,0
B00476,Klasse 5,1059,Karteikarten A7 liniert 100 Stück,1,1.49,1.49,0
B00476,Klasse 5,1027,Collegeblock A4 kariert (80 Blatt),2,1.79,3.58,0
B00476,Klasse 5,1020,Haarpinsel-Set (Größen 2/6/10),1,3.99,3.99,0
B00476,Klasse 5,1026,Vokabelheft A5 Lineatur 53 (32 Blatt),5,1.29,6.45,0
B00477,Klasse 2,1041,Schnellhefter A4 Kunststoff gelb,2,0.5,1.0,0
B00477,Klasse 2,1013,Klebestift Uhu Renature 21g,1,1.89,1.89,0
B00477,Klasse 2,1005,Rechenheft A4 Lineatur 7 (7x7mm Kästchen),10,0.99,9.9,0
B00477,Klasse 2,1038,Schnellhefter A4 Kunststoff blau,3,0.5,1.5,0
B00477,Klasse 2,1014,Doppelanspitzer Dose Trio Grip,1,2.99,2.99,0
B00477,Klasse 2,1040,Schnellhefter A4 Kunststoff grün,2,0.5,1.0,0
B00477,Klasse 2,1018,Tuschkasten K12 (12 Farben),1,9.95,9.95,0
B00478,Klasse 1 & 6,1019,Borstenpinsel-Set (Größen 4/8/12),1,3.5,3.5,1
B00478,Klasse 1 & 6,1039,Schnellhefter A4 Kunststoff rot,2,0.5,1.0,1
B00478,Klasse 1 & 6,1009,Wachsmalkreiden 12er Set (wasservermalbar),1,6.99,6.99,1
B00478,Klasse 1 & 6,1023,Hausaufgabenheft Grundschule A5,1,1.99,1.99,1
B00478,Klasse 1 & 6,1007,Schreiblernbleistift Trio Grip (dick),3,1.99,5.97,1
B00478,Klasse 1 & 6,1021,Knete-Unterlage Kunststoff A3,1,1.99,1.99,1
B00478,Klasse 1 & 6,1005,Rechenheft A4 Lineatur 7 (7x7mm Kästchen),10,0.99,9.9,1
B00478,Klasse 1 & 6,1040,Schnellhefter A4 Kunststoff grün,5,0.5,2.5,1
B00478,Klasse 1 & 6,1002,Schreiblernheft A4 Lineatur 2 (16 Blatt),1,0.99,0.99,1
B00478,Klasse 1 & 6,1033,Tintenkiller Super Pirat (2er Pack),3,2.49,7.47,1
B00478,Klasse 1 & 6,1034,Schulkompass Zirkel Staedtler,1,8.5,8.5,1
B00478,Klasse 1 & 6,1059,Karteikarten A7 liniert 100 Stück,1,1.49,1.49,1
B00478,Klasse 1 & 6,1025,Schulheft A4 kariert Lineatur 22 (16 Blatt),1,0.99,0.99,1
B00479,Klasse 9 & 12,1044,Fineliner 10er Set Stabilo Point 88,1,7.99,7.99,1
B00479,Klasse 9 & 12,1029,Geodreieck 16 cm transparent Aristo,1,1.2,1.2,1
B00479,Klasse 9 & 12,1053,Ringbucheinlagen A4 liniert 100 Blatt,3,2.29,6.87,1
B00479,Klasse 9 & 12,1027,Collegeblock A4 kariert (80 Blatt),10,1.79,17.9,1
B00479,Klasse 9 & 12,1041,Schnellhefter A4 Kunststoff gelb,2,0.5,1.0,1
B00479,Klasse 9 & 12,1035,Buntstifte 24er Set dreikant,1,8.99,8.99,1
B00479,Klasse 9 & 12,1031,Füllfederhalter Lamy Safari M,1,19.9,19.9,1
B00480,Klasse 2,1016,Sammelbox A4 Karton blau,2,2.49,4.98,0
B00480,Klasse 2,1023,Hausaufgabenheft Grundschule A5,1,1.99,1.99,0
B00480,Klasse 2,1003,Schreiblernheft A4 Lineatur 3 (16 Blatt),3,0.99,2.97,0
B00480,Klasse 2,1020,Haarpinsel-Set (Größen 2/6/10),1,3.99,3.99,0
B00480,Klasse 2,1039,Schnellhefter A4 Kunststoff rot,5,0.5,2.5,0
B00480,Klasse 2,1008,Buntstifte 12er Set dreikant (dick),1,5.49,5.49,0
B00481,Klasse 1,1040,Schnellhefter A4 Kunststoff grün,2,0.5,1.0,0
B00481,Klasse 1,1021,Knete-Unterlage Kunststoff A3,1,1.99,1.99,0
B00481,Klasse 1,1041,Schnellhefter A4 Kunststoff gelb,5,0.5,2.5,0
B00481,Klasse 1,1011,Bastelschere rund 13cm Rechtshänder,1,2.2,2.2,0
B00481,Klasse 1,1010,Knetmasse 10 Farben,1,3.49,3.49,0
B00481,Klasse 1,1017,Zeichenblock A3 (20 Blatt),1,2.49,2.49,0
B00481,Klasse 1,1023,Hausaufgabenheft Grundschule A5,1,1.99,1.99,0
B00481,Klasse 1,1042,Schnellhefter A4 Kunststoff orange,1,0.5,0.5,0
B00482,Klasse 6,1019,Borstenpinsel-Set (Größen 4/8/12),1,3.5,3.5,0
B00482,Klasse 6,1061,Tintenroller Pilot Frixion Ball 0.7 schwarz,1,3.29,3.29,0
B00482,Klasse 6,1046,Ordner A4 breit 80mm schwarz,3,3.49,10.47,0
B00482,Klasse 6,1034,Schulkompass Zirkel Staedtler,1,8.5,8.5,0
B00482,Klasse 6,1027,Collegeblock A4 kariert (80 Blatt),2,1.79,3.58,0
B00482,Klasse 6,1033,Tintenkiller Super Pirat (2er Pack),2,2.49,4.98,0
B00482,Klasse 6,1025,Schulheft A4 kariert Lineatur 22 (16 Blatt),3,0.99,2.97,0
B00483,Klasse 1 & 9,1015,Radiergummi soft (für Bleistifte),1,0.8,0.8,1
B00483,Klasse 1 & 9,1007,Schreiblernbleistift Trio Grip (dick),2,1.99,3.98,1
B00483,Klasse 1 & 9,1038,Schnellhefter A4 Kunststoff blau,2,0.5,1.0,1
B00483,Klasse 1 & 9,1023,Hausaufgabenheft Grundschule A5,1,1.99,1.99,1
B00483,Klasse 1 & 9,1042,Schnellhefter A4 Kunststoff orange,3,0.5,1.5,1
B00483,Klasse 1 & 9,1014,Doppelanspitzer Dose Trio Grip,1,2.99,2.99,1
B00483,Klasse 1 & 9,1041,Schnellhefter A4 Kunststoff gelb,3,0.5,1.5,1
B00483,Klasse 1 & 9,1048,Hausaufgabenheft A5 Classic,1,1.99,1.99,1
B00483,Klasse 1 & 9,1030,Geodreieck 22 cm Griff transparent,1,2.1,2.1,1
B00483,Klasse 1 & 9,1044,Fineliner 10er Set Stabilo Point 88,1,7.99,7.99,1
B00483,Klasse 1 & 9,1026,Vokabelheft A5 Lineatur 53 (32 Blatt),5,1.29,6.45,1
B00483,Klasse 1 & 9,1043,Textmarker-Set 4 Farben Stabilo Boss,1,4.99,4.99,1
B00483,Klasse 1 & 9,1018,Tuschkasten K12 (12 Farben),1,9.95,9.95,1
B00483,Klasse 1 & 9,1059,Karteikarten A7 liniert 100 Stück,1,1.49,1.49,1
B00484,Klasse 4 & 5,1046,Ordner A4 breit 80mm schwarz,2,3.49,6.98,1
B00484,Klasse 4 & 5,1024,Schulheft A4 liniert Lineatur 21 (16 Blatt),1,0.99,0.99,1
B00484,Klasse 4 & 5,1033,Tintenkiller Super Pirat (2er Pack),2,2.49,4.98,1
B00484,Klasse 4 & 5,1020,Haarpinsel-Set (Größen 2/6/10),1,3.99,3.99,1
B00484,Klasse 4 & 5,1023,Hausaufgabenheft Grundschule A5,1,1.99,1.99,1
B00484,Klasse 4 & 5,1036,Bleistift HB Grip 2001 Faber-Castell,2,1.5,3.0,1
B00484,Klasse 4 & 5,1011,Bastelschere rund 13cm Rechtshänder,1,2.2,2.2,1
B00485,Klasse 9,1042,Schnellhefter A4 Kunststoff orange,2,0.5,1.0,0
B00485,Klasse 9,1037,Lineal 30cm Kunststoff transparent,1,1.1,1.1,0
B00485,Klasse 9,1044,Fineliner 10er Set Stabilo Point 88,1,7.99,7.99,0
B00486,Klasse 8,1027,Collegeblock A4 kariert (80 Blatt),10,1.79,17.9,0
B00486,Klasse 8,1015,Radiergummi soft (für Bleistifte),1,0.8,0.8,0
B00486,Klasse 8,1017,Zeichenblock A3 (20 Blatt),1,2.49,2.49,0
B00486,Klasse 8,1048,Hausaufgabenheft A5 Classic,1,1.99,1.99,0
B00486,Klasse 8,1061,Tintenroller Pilot Frixion Ball 0.7 schwarz,1,3.29,3.29,0
B00487,Klasse 3,1042,Schnellhefter A4 Kunststoff orange,2,0.5,1.0,0
B00487,Klasse 3,1022,Schreiblern-Füller Lamy ABC,1,14.5,14.5,0
B00487,Klasse 3,1017,Zeichenblock A3 (20 Blatt),1,2.49,2.49,0
B00487,Klasse 3,1039,Schnellhefter A4 Kunststoff rot,3,0.5,1.5,0
B00488,Klasse 6,1018,Tuschkasten K12 (12 Farben),1,9.95,9.95,0
B00488,Klasse 6,1032,Tintenpatronen blau T10 (5er Pack),2,1.8,3.6,0
B00488,Klasse 6,1046,Ordner A4 breit 80mm schwarz,2,3.49,6.98,0
B00488,Klasse 6,1029,Geodreieck 16 cm transparent Aristo,1,1.2,1.2,0
B00489,Klasse 4 & 12,1040,Schnellhefter A4 Kunststoff grün,2,0.5,1.0,1
B00489,Klasse 4 & 12,1052,Formelsammlung Mathematik/Physik/Chemie Duden,1,12.99,12.99,1
B00489,Klasse 4 & 12,1030,Geodreieck 22 cm Griff transparent,1,2.1,2.1,1
B00489,Klasse 4 & 12,1017,Zeichenblock A3 (20 Blatt),1,2.49,2.49,1
B00489,Klasse 4 & 12,1018,Tuschkasten K12 (12 Farben),1,9.95,9.95,1
B00489,Klasse 4 & 12,1004,Schulheft A4 Lineatur 4 (16 Blatt),5,0.99,4.95,1
B00489,Klasse 4 & 12,1015,Radiergummi soft (für Bleistifte),1,0.8,0.8,1
B00489,Klasse 4 & 12,1012,Bastelschere rund 13cm Linkshänder,1,2.2,2.2,1
B00489,Klasse 4 & 12,1011,Bastelschere rund 13cm Rechtshänder,1,2.2,2.2,1
B00489,Klasse 4 & 12,1036,Bleistift HB Grip 2001 Faber-Castell,3,1.5,4.5,1
B00489,Klasse 4 & 12,1019,Borstenpinsel-Set (Größen 4/8/12),1,3.5,3.5,1
B00490,Klasse 4,1041,Schnellhefter A4 Kunststoff gelb,3,0.5,1.5,0
B00490,Klasse 4,1019,Borstenpinsel-Set (Größen 4/8/12),1,3.5,3.5,0
B00490,Klasse 4,1015,Radiergummi soft (für Bleistifte),1,0.8,0.8,0
B00490,Klasse 4,1042,Schnellhefter A4 Kunststoff orange,1,0.5,0.5,0
B00491,Klasse 1,1008,Buntstifte 12er Set dreikant (dick),1,5.49,5.49,0
B00491,Klasse 1,1023,Hausaufgabenheft Grundschule A5,1,1.99,1.99,0
B00491,Klasse 1,1005,Rechenheft A4 Lineatur 7 (7x7mm Kästchen),3,0.99,2.97,0
B00491,Klasse 1,1017,Zeichenblock A3 (20 Blatt),1,2.49,2.49,0
B00491,Klasse 1,1013,Klebestift Uhu Renature 21g,1,1.89,1.89,0
B00491,Klasse 1,1016,Sammelbox A4 Karton blau,2,2.49,4.98,0
B00491,Klasse 1,1019,Borstenpinsel-Set (Größen 4/8/12),1,3.5,3.5,0
B00491,Klasse 1,1021,Knete-Unterlage Kunststoff A3,1,1.99,1.99,0
B00491,Klasse 1,1039,Schnellhefter A4 Kunststoff rot,2,0.5,1.0,0
B00492,Klasse 4,1042,Schnellhefter A4 Kunststoff orange,2,0.5,1.0,0
B00492,Klasse 4,1008,Buntstifte 12er Set dreikant (dick),1,5.49,5.49,0
B00492,Klasse 4,1039,Schnellhefter A4 Kunststoff rot,1,0.5,0.5,0
B00492,Klasse 4,1041,Schnellhefter A4 Kunststoff gelb,1,0.5,0.5,0
B00492,Klasse 4,1038,Schnellhefter A4 Kunststoff blau,2,0.5,1.0,0
B00492,Klasse 4,1016,Sammelbox A4 Karton blau,1,2.49,2.49,0
B00492,Klasse 4,1011,Bastelschere rund 13cm Rechtshänder,1,2.2,2.2,0
B00493,Klasse 1 & 12,1036,Bleistift HB Grip 2001 Faber-Castell,3,1.5,4.5,1
B00493,Klasse 1 & 12,1060,Prospekthüllen A4 transparent 100er Pack,1,3.99,3.99,1
B00493,Klasse 1 & 12,1005,Rechenheft A4 Lineatur 7 (7x7mm Kästchen),2,0.99,1.98,1
B00493,Klasse 1 & 12,1042,Schnellhefter A4 Kunststoff orange,2,0.5,1.0,1
B00493,Klasse 1 & 12,1039,Schnellhefter A4 Kunststoff rot,1,0.5,0.5,1
B00493,Klasse 1 & 12,1020,Haarpinsel-Set (Größen 2/6/10),1,3.99,3.99,1
B00493,Klasse 1 & 12,1040,Schnellhefter A4 Kunststoff grün,2,0.5,1.0,1
B00493,Klasse 1 & 12,1021,Knete-Unterlage Kunststoff A3,1,1.99,1.99,1
B00493,Klasse 1 & 12,1041,Schnellhefter A4 Kunststoff gelb,2,0.5,1.0,1
B00493,Klasse 1 & 12,1018,Tuschkasten K12 (12 Farben),1,9.95,9.95,1
B00494,Klasse 3,1019,Borstenpinsel-Set (Größen 4/8/12),1,3.5,3.5,0
B00494,Klasse 3,1015,Radiergummi soft (für Bleistifte),1,0.8,0.8,0
B00494,Klasse 3,1023,Hausaufgabenheft Grundschule A5,1,1.99,1.99,0
B00494,Klasse 3,1039,Schnellhefter A4 Kunststoff rot,3,0.5,1.5,0
B00494,Klasse 3,1016,Sammelbox A4 Karton blau,2,2.49,4.98,0
B00495,Klasse 8,1060,Prospekthüllen A4 transparent 100er Pack,1,3.99,3.99,0
B00495,Klasse 8,1039,Schnellhefter A4 Kunststoff rot,2,0.5,1.0,0
B00495,Klasse 8,1026,Vokabelheft A5 Lineatur 53 (32 Blatt),2,1.29,2.58,0
B00495,Klasse 8,1020,Haarpinsel-Set (Größen 2/6/10),1,3.99,3.99,0
B00496,Klasse 1,1013,Klebestift Uhu Renature 21g,1,1.89,1.89,0
B00496,Klasse 1,1011,Bastelschere rund 13cm Rechtshänder,1,2.2,2.2,0
B00496,Klasse 1,1015,Radiergummi soft (für Bleistifte),1,0.8,0.8,0
B00496,Klasse 1,1014,Doppelanspitzer Dose Trio Grip,1,2.99,2.99,0
B00496,Klasse 1,1016,Sammelbox A4 Karton blau,3,2.49,7.47,0
B00496,Klasse 1,1042,Schnellhefter A4 Kunststoff orange,3,0.5,1.5,0
B00496,Klasse 1,1007,Schreiblernbleistift Trio Grip (dick),1,1.99,1.99,0
B00496,Klasse 1,1009,Wachsmalkreiden 12er Set (wasservermalbar),1,6.99,6.99,0
B00497,Klasse 6,1036,Bleistift HB Grip 2001 Faber-Castell,1,1.5,1.5,0
B00497,Klasse 6,1042,Schnellhefter A4 Kunststoff orange,2,0.5,1.0,0
B00497,Klasse 6,1038,Schnellhefter A4 Kunststoff blau,1,0.5,0.5,0
B00497,Klasse 6,1040,Schnellhefter A4 Kunststoff grün,2,0.5,1.0,0
B00497,Klasse 6,1035,Buntstifte 24er Set dreikant,1,8.99,8.99,0
B00497,Klasse 6,1025,Schulheft A4 kariert Lineatur 22 (16 Blatt),2,0.99,1.98,0
B00497,Klasse 6,1032,Tintenpatronen blau T10 (5er Pack),1,1.8,1.8,0
B00498,Klasse 4,1011,Bastelschere rund 13cm Rechtshänder,1,2.2,2.2,0
B00498,Klasse 4,1004,Schulheft A4 Lineatur 4 (16 Blatt),3,0.99,2.97,0
B00498,Klasse 4,1042,Schnellhefter A4 Kunststoff orange,2,0.5,1.0,0
B00498,Klasse 4,1040,Schnellhefter A4 Kunststoff grün,5,0.5,2.5,0
B00499,Klasse 10,1043,Textmarker-Set 4 Farben Stabilo Boss,1,4.99,4.99,0
B00499,Klasse 10,1061,Tintenroller Pilot Frixion Ball 0.7 schwarz,3,3.29,9.87,0
B00499,Klasse 10,1028,Collegeblock A4 liniert (80 Blatt),3,1.79,5.37,0
B00499,Klasse 10,1054,Ringbucheinlagen A4 kariert 100 Blatt,5,2.29,11.45,0
B00499,Klasse 10,1051,Grafikrechner Casio FX-CG50,1,119.0,119.0,0
B00500,Klasse 12,1036,Bleistift HB Grip 2001 Faber-Castell,3,1.5,4.5,0
B00500,Klasse 12,1052,Formelsammlung Mathematik/Physik/Chemie Duden,1,12.99,12.99,0
B00501,Klasse 8,1039,Schnellhefter A4 Kunststoff rot,3,0.5,1.5,0
B00501,Klasse 8,1060,Prospekthüllen A4 transparent 100er Pack,1,3.99,3.99,0
B00501,Klasse 8,1019,Borstenpinsel-Set (Größen 4/8/12),1,3.5,3.5,0
B00501,Klasse 8,1032,Tintenpatronen blau T10 (5er Pack),3,1.8,5.4,0
B00502,Klasse 9,1048,Hausaufgabenheft A5 Classic,1,1.99,1.99,0
B00502,Klasse 9,1018,Tuschkasten K12 (12 Farben),1,9.95,9.95,0
B00502,Klasse 9,1047,Wissenschaftlicher Taschenrechner Casio fx-87DE X,1,24.99,24.99,0
B00503,Klasse 1 & 12,1030,Geodreieck 22 cm Griff transparent,1,2.1,2.1,1
B00503,Klasse 1 & 12,1061,Tintenroller Pilot Frixion Ball 0.7 schwarz,3,3.29,9.87,1
B00503,Klasse 1 & 12,1058,Haftnotizen Post-it 76x76mm gelb,1,1.99,1.99,1
B00503,Klasse 1 & 12,1015,Radiergummi soft (für Bleistifte),1,0.8,0.8,1
B00503,Klasse 1 & 12,1008,Buntstifte 12er Set dreikant (dick),1,5.49,5.49,1
B00503,Klasse 1 & 12,1019,Borstenpinsel-Set (Größen 4/8/12),1,3.5,3.5,1
B00503,Klasse 1 & 12,1042,Schnellhefter A4 Kunststoff orange,2,0.5,1.0,1
B00503,Klasse 1 & 12,1041,Schnellhefter A4 Kunststoff gelb,2,0.5,1.0,1
B00503,Klasse 1 & 12,1021,Knete-Unterlage Kunststoff A3,1,1.99,1.99,1
B00503,Klasse 1 & 12,1023,Hausaufgabenheft Grundschule A5,1,1.99,1.99,1
B00503,Klasse 1 & 12,1001,Schreiblernheft A4 Lineatur 1 (16 Blatt),5,0.99,4.95,1
B00503,Klasse 1 & 12,1038,Schnellhefter A4 Kunststoff blau,2,0.5,1.0,1
B00504,Klasse 5,1020,Haarpinsel-Set (Größen 2/6/10),1,3.99,3.99,0
B00504,Klasse 5,1013,Klebestift Uhu Renature 21g,1,1.89,1.89,0
B00504,Klasse 5,1042,Schnellhefter A4 Kunststoff orange,1,0.5,0.5,0
B00504,Klasse 5,1028,Collegeblock A4 liniert (80 Blatt),1,1.79,1.79,0
B00504,Klasse 5,1015,Radiergummi soft (für Bleistifte),1,0.8,0.8,0
B00504,Klasse 5,1019,Borstenpinsel-Set (Größen 4/8/12),1,3.5,3.5,0
B00504,Klasse 5,1011,Bastelschere rund 13cm Rechtshänder,1,2.2,2.2,0
B00505,Klasse 8,1046,Ordner A4 breit 80mm schwarz,1,3.49,3.49,0
B00505,Klasse 8,1048,Hausaufgabenheft A5 Classic,1,1.99,1.99,0
B00505,Klasse 8,1059,Karteikarten A7 liniert 100 Stück,1,1.49,1.49,0
B00506,Klasse 9,1039,Schnellhefter A4 Kunststoff rot,5,0.5,2.5,0
B00506,Klasse 9,1042,Schnellhefter A4 Kunststoff orange,3,0.5,1.5,0
B00506,Klasse 9,1061,Tintenroller Pilot Frixion Ball 0.7 schwarz,2,3.29,6.58,0
B00507,Klasse 11 & 12,1029,Geodreieck 16 cm transparent Aristo,1,1.2,1.2,1
B00507,Klasse 11 & 12,1043,Textmarker-Set 4 Farben Stabilo Boss,1,4.99,4.99,1
B00507,Klasse 11 & 12,1058,Haftnotizen Post-it 76x76mm gelb,1,1.99,1.99,1
B00507,Klasse 11 & 12,1057,Textmarker-Set Pastell 6 Farben Stabilo Boss,1,6.99,6.99,1
B00507,Klasse 11 & 12,1039,Schnellhefter A4 Kunststoff rot,1,0.5,0.5,1
B00507,Klasse 11 & 12,1054,Ringbucheinlagen A4 kariert 100 Blatt,3,2.29,6.87,1
B00508,Klasse 3,1041,Schnellhefter A4 Kunststoff gelb,3,0.5,1.5,0
B00508,Klasse 3,1006,Rechenheft A4 Lineatur 8 (5x5mm Kästchen),5,0.99,4.95,0
B00508,Klasse 3,1019,Borstenpinsel-Set (Größen 4/8/12),1,3.5,3.5,0
B00508,Klasse 3,1020,Haarpinsel-Set (Größen 2/6/10),1,3.99,3.99,0
B00508,Klasse 3,1012,Bastelschere rund 13cm Linkshänder,1,2.2,2.2,0
B00508,Klasse 3,1031,Füllfederhalter Lamy Safari M,1,19.9,19.9,0
B00508,Klasse 3,1038,Schnellhefter A4 Kunststoff blau,2,0.5,1.0,0
B00509,Klasse 9,1060,Prospekthüllen A4 transparent 100er Pack,1,3.99,3.99,0
B00509,Klasse 9,1036,Bleistift HB Grip 2001 Faber-Castell,2,1.5,3.0,0
B00509,Klasse 9,1027,Collegeblock A4 kariert (80 Blatt),10,1.79,17.9,0
B00509,Klasse 9,1057,Textmarker-Set Pastell 6 Farben Stabilo Boss,1,6.99,6.99,0
B00509,Klasse 9,1035,Buntstifte 24er Set dreikant,1,8.99,8.99,0
B00509,Klasse 9,1042,Schnellhefter A4 Kunststoff orange,3,0.5,1.5,0
B00510,Klasse 11,1051,Grafikrechner Casio FX-CG50,1,119.0,119.0,0
B00510,Klasse 11,1053,Ringbucheinlagen A4 liniert 100 Blatt,3,2.29,6.87,0
B00511,Klasse 9,1058,Haftnotizen Post-it 76x76mm gelb,1,1.99,1.99,0
B00511,Klasse 9,1018,Tuschkasten K12 (12 Farben),1,9.95,9.95,0
B00511,Klasse 9,1031,Füllfederhalter Lamy Safari M,1,19.9,19.9,0
B00511,Klasse 9,1020,Haarpinsel-Set (Größen 2/6/10),1,3.99,3.99,0
B00512,Klasse 10,1015,Radiergummi soft (für Bleistifte),1,0.8,0.8,0
B00512,Klasse 10,1056,Kugelschreiber Grip 2011 M schwarz,1,4.5,4.5,0
B00512,Klasse 10,1050,Oxford Collegeblock A4 liniert (90g Papier),1,2.79,2.79,0
B00512,Klasse 10,1028,Collegeblock A4 liniert (80 Blatt),3,1.79,5.37,0
B00513,Klasse 2,1005,Rechenheft A4 Lineatur 7 (7x7mm Kästchen),5,0.99,4.95,0
B00513,Klasse 2,1021,Knete-Unterlage Kunststoff A3,1,1.99,1.99,0
B00513,Klasse 2,1017,Zeichenblock A3 (20 Blatt),1,2.49,2.49,0
B00513,Klasse 2,1022,Schreiblern-Füller Lamy ABC,1,14.5,14.5,0
B00513,Klasse 2,1040,Schnellhefter A4 Kunststoff grün,3,0.5,1.5,0
B00513,Klasse 2,1023,Hausaufgabenheft Grundschule A5,1,1.99,1.99,0
B00513,Klasse 2,1011,Bastelschere rund 13cm Rechtshänder,1,2.2,2.2,0
B00514,Klasse 4,1031,Füllfederhalter Lamy Safari M,1,19.9,19.9,0
B00514,Klasse 4,1008,Buntstifte 12er Set dreikant (dick),1,5.49,5.49,0
B00514,Klasse 4,1012,Bastelschere rund 13cm Linkshänder,1,2.2,2.2,0
B00514,Klasse 4,1004,Schulheft A4 Lineatur 4 (16 Blatt),5,0.99,4.95,0
B00514,Klasse 4,1013,Klebestift Uhu Renature 21g,1,1.89,1.89,0
B00514,Klasse 4,1042,Schnellhefter A4 Kunststoff orange,2,0.5,1.0,0
B00515,Klasse 9,1056,Kugelschreiber Grip 2011 M schwarz,5,4.5,22.5,0
B00515,Klasse 9,1029,Geodreieck 16 cm transparent Aristo,1,1.2,1.2,0
B00515,Klasse 9,1033,Tintenkiller Super Pirat (2er Pack),2,2.49,4.98,0
B00516,Klasse 2,1040,Schnellhefter A4 Kunststoff grün,2,0.5,1.0,0
B00516,Klasse 2,1013,Klebestift Uhu Renature 21g,1,1.89,1.89,0
B00516,Klasse 2,1011,Bastelschere rund 13cm Rechtshänder,1,2.2,2.2,0
B00516,Klasse 2,1010,Knetmasse 10 Farben,1,3.49,3.49,0
B00516,Klasse 2,1005,Rechenheft A4 Lineatur 7 (7x7mm Kästchen),3,0.99,2.97,0
B00516,Klasse 2,1007,Schreiblernbleistift Trio Grip (dick),1,1.99,1.99,0
B00516,Klasse 2,1016,Sammelbox A4 Karton blau,2,2.49,4.98,0
B00516,Klasse 2,1012,Bastelschere rund 13cm Linkshänder,1,2.2,2.2,0
B00516,Klasse 2,1001,Schreiblernheft A4 Lineatur 1 (16 Blatt),5,0.99,4.95,0
B00517,Klasse 9,1019,Borstenpinsel-Set (Größen 4/8/12),1,3.5,3.5,0
B00517,Klasse 9,1055,Kugelschreiber Grip 2011 M blau (dokumentenecht),5,4.5,22.5,0
B00517,Klasse 9,1060,Prospekthüllen A4 transparent 100er Pack,1,3.99,3.99,0
B00517,Klasse 9,1027,Collegeblock A4 kariert (80 Blatt),5,1.79,8.95,0
B00517,Klasse 9,1054,Ringbucheinlagen A4 kariert 100 Blatt,3,2.29,6.87,0
B00517,Klasse 9,1015,Radiergummi soft (für Bleistifte),1,0.8,0.8,0
B00517,Klasse 9,1034,Schulkompass Zirkel Staedtler,1,8.5,8.5,0
B00518,Klasse 12,1051,Grafikrechner Casio FX-CG50,1,119.0,119.0,0
B00518,Klasse 12,1044,Fineliner 10er Set Stabilo Point 88,1,7.99,7.99,0
B00518,Klasse 12,1056,Kugelschreiber Grip 2011 M schwarz,5,4.5,22.5,0
B00518,Klasse 12,1015,Radiergummi soft (für Bleistifte),1,0.8,0.8,0
B00519,Klasse 5,1042,Schnellhefter A4 Kunststoff orange,2,0.5,1.0,0
B00519,Klasse 5,1032,Tintenpatronen blau T10 (5er Pack),2,1.8,3.6,0
B00519,Klasse 5,1015,Radiergummi soft (für Bleistifte),1,0.8,0.8,0
B00519,Klasse 5,1041,Schnellhefter A4 Kunststoff gelb,1,0.5,0.5,0
B00520,Klasse 9,1020,Haarpinsel-Set (Größen 2/6/10),1,3.99,3.99,0
B00520,Klasse 9,1019,Borstenpinsel-Set (Größen 4/8/12),1,3.5,3.5,0
B00520,Klasse 9,1024,Schulheft A4 liniert Lineatur 21 (16 Blatt),3,0.99,2.97,0
B00520,Klasse 9,1036,Bleistift HB Grip 2001 Faber-Castell,2,1.5,3.0,0
B00520,Klasse 9,1017,Zeichenblock A3 (20 Blatt),1,2.49,2.49,0
B00520,Klasse 9,1055,Kugelschreiber Grip 2011 M blau (dokumentenecht),1,4.5,4.5,0
B00521,Klasse 1 & 2,1019,Borstenpinsel-Set (Größen 4/8/12),1,3.5,3.5,1
B00521,Klasse 1 & 2,1011,Bastelschere rund 13cm Rechtshänder,1,2.2,2.2,1
B00521,Klasse 1 & 2,1016,Sammelbox A4 Karton blau,2,2.49,4.98,1
B00521,Klasse 1 & 2,1023,Hausaufgabenheft Grundschule A5,1,1.99,1.99,1
B00521,Klasse 1 & 2,1015,Radiergummi soft (für Bleistifte),1,0.8,0.8,1
B00521,Klasse 1 & 2,1018,Tuschkasten K12 (12 Farben),1,9.95,9.95,1
B00521,Klasse 1 & 2,1039,Schnellhefter A4 Kunststoff rot,3,0.5,1.5,1
B00521,Klasse 1 & 2,1038,Schnellhefter A4 Kunststoff blau,2,0.5,1.0,1
B00521,Klasse 1 & 2,1041,Schnellhefter A4 Kunststoff gelb,1,0.5,0.5,1
B00521,Klasse 1 & 2,1009,Wachsmalkreiden 12er Set (wasservermalbar),1,6.99,6.99,1
B00521,Klasse 1 & 2,1008,Buntstifte 12er Set dreikant (dick),1,5.49,5.49,1
B00522,Klasse 5,1042,Schnellhefter A4 Kunststoff orange,3,0.5,1.5,0
B00522,Klasse 5,1046,Ordner A4 breit 80mm schwarz,3,3.49,10.47,0
B00522,Klasse 5,1060,Prospekthüllen A4 transparent 100er Pack,1,3.99,3.99,0
B00522,Klasse 5,1044,Fineliner 10er Set Stabilo Point 88,1,7.99,7.99,0
B00522,Klasse 5,1033,Tintenkiller Super Pirat (2er Pack),1,2.49,2.49,0
B00523,Klasse 1,1019,Borstenpinsel-Set (Größen 4/8/12),1,3.5,3.5,0
B00523,Klasse 1,1016,Sammelbox A4 Karton blau,2,2.49,4.98,0
B00523,Klasse 1,1012,Bastelschere rund 13cm Linkshänder,1,2.2,2.2,0
B00523,Klasse 1,1041,Schnellhefter A4 Kunststoff gelb,2,0.5,1.0,0
B00523,Klasse 1,1015,Radiergummi soft (für Bleistifte),1,0.8,0.8,0
B00524,Klasse 11,1050,Oxford Collegeblock A4 liniert (90g Papier),5,2.79,13.95,0
B00524,Klasse 11,1028,Collegeblock A4 liniert (80 Blatt),2,1.79,3.58,0
B00525,Klasse 5,1060,Prospekthüllen A4 transparent 100er Pack,1,3.99,3.99,0
B00525,Klasse 5,1043,Textmarker-Set 4 Farben Stabilo Boss,1,4.99,4.99,0
B00525,Klasse 5,1015,Radiergummi soft (für Bleistifte),1,0.8,0.8,0
B00525,Klasse 5,1017,Zeichenblock A3 (20 Blatt),1,2.49,2.49,0
B00525,Klasse 5,1029,Geodreieck 16 cm transparent Aristo,1,1.2,1.2,0
B00525,Klasse 5,1041,Schnellhefter A4 Kunststoff gelb,2,0.5,1.0,0
B00526,Klasse 4,1040,Schnellhefter A4 Kunststoff grün,2,0.5,1.0,0
B00526,Klasse 4,1016,Sammelbox A4 Karton blau,2,2.49,4.98,0
B00526,Klasse 4,1060,Prospekthüllen A4 transparent 100er Pack,1,3.99,3.99,0
B00526,Klasse 4,1008,Buntstifte 12er Set dreikant (dick),1,5.49,5.49,0
B00526,Klasse 4,1039,Schnellhefter A4 Kunststoff rot,1,0.5,0.5,0
B00526,Klasse 4,1023,Hausaufgabenheft Grundschule A5,1,1.99,1.99,0
B00526,Klasse 4,1041,Schnellhefter A4 Kunststoff gelb,2,0.5,1.0,0
B00526,Klasse 4,1012,Bastelschere rund 13cm Linkshänder,1,2.2,2.2,0
B00526,Klasse 4,1015,Radiergummi soft (für Bleistifte),1,0.8,0.8,0
B00527,Klasse 7,1040,Schnellhefter A4 Kunststoff grün,5,0.5,2.5,0
B00527,Klasse 7,1061,Tintenroller Pilot Frixion Ball 0.7 schwarz,3,3.29,9.87,0
B00527,Klasse 7,1028,Collegeblock A4 liniert (80 Blatt),5,1.79,8.95,0
B00527,Klasse 7,1015,Radiergummi soft (für Bleistifte),1,0.8,0.8,0
B00527,Klasse 7,1027,Collegeblock A4 kariert (80 Blatt),5,1.79,8.95,0
B00527,Klasse 7,1036,Bleistift HB Grip 2001 Faber-Castell,3,1.5,4.5,0
B00527,Klasse 7,1033,Tintenkiller Super Pirat (2er Pack),1,2.49,2.49,0
B00528,Klasse 7,1037,Lineal 30cm Kunststoff transparent,1,1.1,1.1,0
B00528,Klasse 7,1042,Schnellhefter A4 Kunststoff orange,3,0.5,1.5,0
B00528,Klasse 7,1032,Tintenpatronen blau T10 (5er Pack),2,1.8,3.6,0
B00528,Klasse 7,1061,Tintenroller Pilot Frixion Ball 0.7 schwarz,1,3.29,3.29,0
B00528,Klasse 7,1060,Prospekthüllen A4 transparent 100er Pack,1,3.99,3.99,0
B00529,Klasse 7,1046,Ordner A4 breit 80mm schwarz,3,3.49,10.47,0
B00529,Klasse 7,1061,Tintenroller Pilot Frixion Ball 0.7 schwarz,1,3.29,3.29,0
B00529,Klasse 7,1053,Ringbucheinlagen A4 liniert 100 Blatt,3,2.29,6.87,0
B00529,Klasse 7,1017,Zeichenblock A3 (20 Blatt),1,2.49,2.49,0
B00530,Klasse 6 & 8,1031,Füllfederhalter Lamy Safari M,1,19.9,19.9,1
B00530,Klasse 6 & 8,1034,Schulkompass Zirkel Staedtler,1,8.5,8.5,1
B00530,Klasse 6 & 8,1030,Geodreieck 22 cm Griff transparent,1,2.1,2.1,1
B00530,Klasse 6 & 8,1020,Haarpinsel-Set (Größen 2/6/10),1,3.99,3.99,1
B00530,Klasse 6 & 8,1045,Ringbuch A4 schmal 25mm,3,2.99,8.97,1
B00530,Klasse 6 & 8,1047,Wissenschaftlicher Taschenrechner Casio fx-87DE X,1,24.99,24.99,1
B00530,Klasse 6 & 8,1032,Tintenpatronen blau T10 (5er Pack),2,1.8,3.6,1
B00530,Klasse 6 & 8,1055,Kugelschreiber Grip 2011 M blau (dokumentenecht),3,4.5,13.5,1
B00531,Klasse 6,1025,Schulheft A4 kariert Lineatur 22 (16 Blatt),3,0.99,2.97,0
B00531,Klasse 6,1045,Ringbuch A4 schmal 25mm,2,2.99,5.98,0
B00531,Klasse 6,1015,Radiergummi soft (für Bleistifte),1,0.8,0.8,0
B00531,Klasse 6,1024,Schulheft A4 liniert Lineatur 21 (16 Blatt),5,0.99,4.95,0
B00531,Klasse 6,1030,Geodreieck 22 cm Griff transparent,1,2.1,2.1,0
B00531,Klasse 6,1027,Collegeblock A4 kariert (80 Blatt),2,1.79,3.58,0
B00531,Klasse 6,1060,Prospekthüllen A4 transparent 100er Pack,1,3.99,3.99,0
B00532,Klasse 8,1038,Schnellhefter A4 Kunststoff blau,1,0.5,0.5,0
B00532,Klasse 8,1060,Prospekthüllen A4 transparent 100er Pack,1,3.99,3.99,0
B00532,Klasse 8,1030,Geodreieck 22 cm Griff transparent,1,2.1,2.1,0
B00532,Klasse 8,1025,Schulheft A4 kariert Lineatur 22 (16 Blatt),5,0.99,4.95,0
B00532,Klasse 8,1047,Wissenschaftlicher Taschenrechner Casio fx-87DE X,1,24.99,24.99,0
B00533,Klasse 2,1021,Knete-Unterlage Kunststoff A3,1,1.99,1.99,0
B00533,Klasse 2,1022,Schreiblern-Füller Lamy ABC,1,14.5,14.5,0
B00533,Klasse 2,1013,Klebestift Uhu Renature 21g,1,1.89,1.89,0
B00533,Klasse 2,1017,Zeichenblock A3 (20 Blatt),1,2.49,2.49,0
B00533,Klasse 2,1041,Schnellhefter A4 Kunststoff gelb,3,0.5,1.5,0
B00533,Klasse 2,1002,Schreiblernheft A4 Lineatur 2 (16 Blatt),5,0.99,4.95,0
B00533,Klasse 2,1018,Tuschkasten K12 (12 Farben),1,9.95,9.95,0
B00533,Klasse 2,1008,Buntstifte 12er Set dreikant (dick),1,5.49,5.49,0
B00533,Klasse 2,1042,Schnellhefter A4 Kunststoff orange,2,0.5,1.0,0
B00534,Klasse 3 & 12,1012,Bastelschere rund 13cm Linkshänder,1,2.2,2.2,1
B00534,Klasse 3 & 12,1019,Borstenpinsel-Set (Größen 4/8/12),1,3.5,3.5,1
B00534,Klasse 3 & 12,1015,Radiergummi soft (für Bleistifte),1,0.8,0.8,1
B00534,Klasse 3 & 12,1039,Schnellhefter A4 Kunststoff rot,2,0.5,1.0,1
B00534,Klasse 3 & 12,1013,Klebestift Uhu Renature 21g,1,1.89,1.89,1
B00534,Klasse 3 & 12,1040,Schnellhefter A4 Kunststoff grün,3,0.5,1.5,1
B00534,Klasse 3 & 12,1014,Doppelanspitzer Dose Trio Grip,1,2.99,2.99,1
B00534,Klasse 3 & 12,1055,Kugelschreiber Grip 2011 M blau (dokumentenecht),1,4.5,4.5,1
B00534,Klasse 3 & 12,1054,Ringbucheinlagen A4 kariert 100 Blatt,5,2.29,11.45,1
B00535,Klasse 7 & 11,1058,Haftnotizen Post-it 76x76mm gelb,1,1.99,1.99,1
B00535,Klasse 7 & 11,1049,Oxford Collegeblock A4 kariert (90g Papier),5,2.79,13.95,1
B00535,Klasse 7 & 11,1015,Radiergummi soft (für Bleistifte),1,0.8,0.8,1
B00535,Klasse 7 & 11,1037,Lineal 30cm Kunststoff transparent,1,1.1,1.1,1
B00535,Klasse 7 & 11,1045,Ringbuch A4 schmal 25mm,3,2.99,8.97,1
B00535,Klasse 7 & 11,1043,Textmarker-Set 4 Farben Stabilo Boss,1,4.99,4.99,1
B00535,Klasse 7 & 11,1035,Buntstifte 24er Set dreikant,1,8.99,8.99,1
B00535,Klasse 7 & 11,1027,Collegeblock A4 kariert (80 Blatt),3,1.79,5.37,1
B00535,Klasse 7 & 11,1041,Schnellhefter A4 Kunststoff gelb,2,0.5,1.0,1
B00536,Klasse 4,1016,Sammelbox A4 Karton blau,2,2.49,4.98,0
B00536,Klasse 4,1012,Bastelschere rund 13cm Linkshänder,1,2.2,2.2,0
B00536,Klasse 4,1023,Hausaufgabenheft Grundschule A5,1,1.99,1.99,0
B00536,Klasse 4,1039,Schnellhefter A4 Kunststoff rot,1,0.5,0.5,0
B00537,Klasse 5,1017,Zeichenblock A3 (20 Blatt),1,2.49,2.49,0
B00537,Klasse 5,1035,Buntstifte 24er Set dreikant,1,8.99,8.99,0
B00537,Klasse 5,1031,Füllfederhalter Lamy Safari M,1,19.9,19.9,0
B00537,Klasse 5,1036,Bleistift HB Grip 2001 Faber-Castell,2,1.5,3.0,0
B00537,Klasse 5,1019,Borstenpinsel-Set (Größen 4/8/12),1,3.5,3.5,0
B00537,Klasse 5,1029,Geodreieck 16 cm transparent Aristo,1,1.2,1.2,0
B00537,Klasse 5,1033,Tintenkiller Super Pirat (2er Pack),1,2.49,2.49,0
B00538,Klasse 5,1036,Bleistift HB Grip 2001 Faber-Castell,3,1.5,4.5,0
B00538,Klasse 5,1042,Schnellhefter A4 Kunststoff orange,2,0.5,1.0,0
B00538,Klasse 5,1041,Schnellhefter A4 Kunststoff gelb,1,0.5,0.5,0
B00538,Klasse 5,1032,Tintenpatronen blau T10 (5er Pack),1,1.8,1.8,0
B00538,Klasse 5,1045,Ringbuch A4 schmal 25mm,1,2.99,2.99,0
B00538,Klasse 5,1015,Radiergummi soft (für Bleistifte),1,0.8,0.8,0
B00539,Klasse 2,1012,Bastelschere rund 13cm Linkshänder,1,2.2,2.2,0
B00539,Klasse 2,1041,Schnellhefter A4 Kunststoff gelb,2,0.5,1.0,0
B00539,Klasse 2,1010,Knetmasse 10 Farben,1,3.49,3.49,0
B00539,Klasse 2,1007,Schreiblernbleistift Trio Grip (dick),2,1.99,3.98,0
B00539,Klasse 2,1013,Klebestift Uhu Renature 21g,1,1.89,1.89,0
B00539,Klasse 2,1008,Buntstifte 12er Set dreikant (dick),1,5.49,5.49,0
B00540,Klasse 12,1059,Karteikarten A7 liniert 100 Stück,1,1.49,1.49,0
B00540,Klasse 12,1061,Tintenroller Pilot Frixion Ball 0.7 schwarz,2,3.29,6.58,0
B00540,Klasse 12,1045,Ringbuch A4 schmal 25mm,2,2.99,5.98,0
B00540,Klasse 12,1027,Collegeblock A4 kariert (80 Blatt),5,1.79,8.95,0
B00541,Klasse 12,1057,Textmarker-Set Pastell 6 Farben Stabilo Boss,1,6.99,6.99,0
B00541,Klasse 12,1015,Radiergummi soft (für Bleistifte),1,0.8,0.8,0
B00541,Klasse 12,1055,Kugelschreiber Grip 2011 M blau (dokumentenecht),2,4.5,9.0,0
B00541,Klasse 12,1052,Formelsammlung Mathematik/Physik/Chemie Duden,1,12.99,12.99,0
B00542,Klasse 12,1043,Textmarker-Set 4 Farben Stabilo Boss,1,4.99,4.99,0
B00542,Klasse 12,1037,Lineal 30cm Kunststoff transparent,1,1.1,1.1,0
B00542,Klasse 12,1046,Ordner A4 breit 80mm schwarz,3,3.49,10.47,0
B00543,Klasse 2,1038,Schnellhefter A4 Kunststoff blau,2,0.5,1.0,0
B00543,Klasse 2,1020,Haarpinsel-Set (Größen 2/6/10),1,3.99,3.99,0
B00543,Klasse 2,1002,Schreiblernheft A4 Lineatur 2 (16 Blatt),1,0.99,0.99,0
B00543,Klasse 2,1039,Schnellhefter A4 Kunststoff rot,2,0.5,1.0,0
B00544,Klasse 7,1041,Schnellhefter A4 Kunststoff gelb,1,0.5,0.5,0
B00544,Klasse 7,1047,Wissenschaftlicher Taschenrechner Casio fx-87DE X,1,24.99,24.99,0
B00544,Klasse 7,1061,Tintenroller Pilot Frixion Ball 0.7 schwarz,1,3.29,3.29,0
B00544,Klasse 7,1020,Haarpinsel-Set (Größen 2/6/10),1,3.99,3.99,0
B00544,Klasse 7,1038,Schnellhefter A4 Kunststoff blau,2,0.5,1.0,0
B00544,Klasse 7,1040,Schnellhefter A4 Kunststoff grün,1,0.5,0.5,0
B00545,Klasse 5,1019,Borstenpinsel-Set (Größen 4/8/12),1,3.5,3.5,0
B00545,Klasse 5,1024,Schulheft A4 liniert Lineatur 21 (16 Blatt),3,0.99,2.97,0
B00545,Klasse 5,1046,Ordner A4 breit 80mm schwarz,2,3.49,6.98,0
B00545,Klasse 5,1042,Schnellhefter A4 Kunststoff orange,1,0.5,0.5,0
B00545,Klasse 5,1015,Radiergummi soft (für Bleistifte),1,0.8,0.8,0
B00545,Klasse 5,1059,Karteikarten A7 liniert 100 Stück,1,1.49,1.49,0
B00546,Klasse 11,1050,Oxford Collegeblock A4 liniert (90g Papier),5,2.79,13.95,0
B00546,Klasse 11,1027,Collegeblock A4 kariert (80 Blatt),2,1.79,3.58,0
B00547,Klasse 1 & 4,1042,Schnellhefter A4 Kunststoff orange,5,0.5,2.5,1
B00547,Klasse 1 & 4,1016,Sammelbox A4 Karton blau,1,2.49,2.49,1
B00547,Klasse 1 & 4,1035,Buntstifte 24er Set dreikant,1,8.99,8.99,1
B00547,Klasse 1 & 4,1036,Bleistift HB Grip 2001 Faber-Castell,3,1.5,4.5,1
B00547,Klasse 1 & 4,1014,Doppelanspitzer Dose Trio Grip,1,2.99,2.99,1
B00547,Klasse 1 & 4,1038,Schnellhefter A4 Kunststoff blau,5,0.5,2.5,1
B00547,Klasse 1 & 4,1005,Rechenheft A4 Lineatur 7 (7x7mm Kästchen),10,0.99,9.9,1
B00548,Klasse 5,1020,Haarpinsel-Set (Größen 2/6/10),1,3.99,3.99,0
B00548,Klasse 5,1019,Borstenpinsel-Set (Größen 4/8/12),1,3.5,3.5,0
B00548,Klasse 5,1038,Schnellhefter A4 Kunststoff blau,3,0.5,1.5,0
B00548,Klasse 5,1042,Schnellhefter A4 Kunststoff orange,2,0.5,1.0,0
B00548,Klasse 5,1017,Zeichenblock A3 (20 Blatt),1,2.49,2.49,0
B00548,Klasse 5,1033,Tintenkiller Super Pirat (2er Pack),2,2.49,4.98,0
B00548,Klasse 5,1026,Vokabelheft A5 Lineatur 53 (32 Blatt),3,1.29,3.87,0
B00549,Klasse 4 & 11,1028,Collegeblock A4 liniert (80 Blatt),5,1.79,8.95,1
B00549,Klasse 4 & 11,1056,Kugelschreiber Grip 2011 M schwarz,1,4.5,4.5,1
B00549,Klasse 4 & 11,1049,Oxford Collegeblock A4 kariert (90g Papier),2,2.79,5.58,1
B00549,Klasse 4 & 11,1059,Karteikarten A7 liniert 100 Stück,1,1.49,1.49,1
B00549,Klasse 4 & 11,1017,Zeichenblock A3 (20 Blatt),1,2.49,2.49,1
B00549,Klasse 4 & 11,1003,Schreiblernheft A4 Lineatur 3 (16 Blatt),3,0.99,2.97,1
B00549,Klasse 4 & 11,1040,Schnellhefter A4 Kunststoff grün,1,0.5,0.5,1
B00549,Klasse 4 & 11,1002,Schreiblernheft A4 Lineatur 2 (16 Blatt),2,0.99,1.98,1
B00549,Klasse 4 & 11,1042,Schnellhefter A4 Kunststoff orange,2,0.5,1.0,1
B00549,Klasse 4 & 11,1032,Tintenpatronen blau T10 (5er Pack),3,1.8,5.4,1
B00549,Klasse 4 & 11,1039,Schnellhefter A4 Kunststoff rot,2,0.5,1.0,1
B00549,Klasse 4 & 11,1008,Buntstifte 12er Set dreikant (dick),1,5.49,5.49,1
B00549,Klasse 4 & 11,1041,Schnellhefter A4 Kunststoff gelb,2,0.5,1.0,1
B00550,Klasse 6,1020,Haarpinsel-Set (Größen 2/6/10),1,3.99,3.99,0
B00550,Klasse 6,1033,Tintenkiller Super Pirat (2er Pack),3,2.49,7.47,0
B00550,Klasse 6,1042,Schnellhefter A4 Kunststoff orange,2,0.5,1.0,0
B00551,Klasse 4,1004,Schulheft A4 Lineatur 4 (16 Blatt),3,0.99,2.97,0
B00551,Klasse 4,1036,Bleistift HB Grip 2001 Faber-Castell,2,1.5,3.0,0
B00551,Klasse 4,1042,Schnellhefter A4 Kunststoff orange,1,0.5,0.5,0
B00551,Klasse 4,1019,Borstenpinsel-Set (Größen 4/8/12),1,3.5,3.5,0
B00551,Klasse 4,1016,Sammelbox A4 Karton blau,2,2.49,4.98,0
B00552,Klasse 1 & 6,1040,Schnellhefter A4 Kunststoff grün,2,0.5,1.0,1
B00552,Klasse 1 & 6,1019,Borstenpinsel-Set (Größen 4/8/12),1,3.5,3.5,1
B00552,Klasse 1 & 6,1048,Hausaufgabenheft A5 Classic,1,1.99,1.99,1
B00552,Klasse 1 & 6,1038,Schnellhefter A4 Kunststoff blau,2,0.5,1.0,1
B00552,Klasse 1 & 6,1046,Ordner A4 breit 80mm schwarz,2,3.49,6.98,1
B00552,Klasse 1 & 6,1043,Textmarker-Set 4 Farben Stabilo Boss,1,4.99,4.99,1
B00552,Klasse 1 & 6,1007,Schreiblernbleistift Trio Grip (dick),1,1.99,1.99,1
B00552,Klasse 1 & 6,1008,Buntstifte 12er Set dreikant (dick),1,5.49,5.49,1
B00552,Klasse 1 & 6,1042,Schnellhefter A4 Kunststoff orange,3,0.5,1.5,1
B00552,Klasse 1 & 6,1018,Tuschkasten K12 (12 Farben),1,9.95,9.95,1
B00552,Klasse 1 & 6,1020,Haarpinsel-Set (Größen 2/6/10),1,3.99,3.99,1
B00553,Klasse 4,1043,Textmarker-Set 4 Farben Stabilo Boss,1,4.99,4.99,0
B00553,Klasse 4,1026,Vokabelheft A5 Lineatur 53 (32 Blatt),3,1.29,3.87,0
B00553,Klasse 4,1042,Schnellhefter A4 Kunststoff orange,1,0.5,0.5,0
B00553,Klasse 4,1032,Tintenpatronen blau T10 (5er Pack),2,1.8,3.6,0
B00553,Klasse 4,1004,Schulheft A4 Lineatur 4 (16 Blatt),3,0.99,2.97,0
B00553,Klasse 4,1031,Füllfederhalter Lamy Safari M,1,19.9,19.9,0
B00554,Klasse 12,1015,Radiergummi soft (für Bleistifte),1,0.8,0.8,0
B00554,Klasse 12,1060,Prospekthüllen A4 transparent 100er Pack,1,3.99,3.99,0
B00554,Klasse 12,1044,Fineliner 10er Set Stabilo Point 88,1,7.99,7.99,0
B00554,Klasse 12,1061,Tintenroller Pilot Frixion Ball 0.7 schwarz,1,3.29,3.29,0
B00555,Klasse 10,1030,Geodreieck 22 cm Griff transparent,1,2.1,2.1,0
B00555,Klasse 10,1061,Tintenroller Pilot Frixion Ball 0.7 schwarz,5,3.29,16.45,0
B00555,Klasse 10,1055,Kugelschreiber Grip 2011 M blau (dokumentenecht),1,4.5,4.5,0
B00556,Klasse 5,1042,Schnellhefter A4 Kunststoff orange,2,0.5,1.0,0
B00556,Klasse 5,1020,Haarpinsel-Set (Größen 2/6/10),1,3.99,3.99,0
B00556,Klasse 5,1013,Klebestift Uhu Renature 21g,1,1.89,1.89,0
B00556,Klasse 5,1043,Textmarker-Set 4 Farben Stabilo Boss,1,4.99,4.99,0
B00557,Klasse 5,1043,Textmarker-Set 4 Farben Stabilo Boss,1,4.99,4.99,0
B00557,Klasse 5,1033,Tintenkiller Super Pirat (2er Pack),1,2.49,2.49,0
B00557,Klasse 5,1036,Bleistift HB Grip 2001 Faber-Castell,2,1.5,3.0,0
B00557,Klasse 5,1041,Schnellhefter A4 Kunststoff gelb,2,0.5,1.0,0
B00558,Klasse 2,1009,Wachsmalkreiden 12er Set (wasservermalbar),1,6.99,6.99,0
B00558,Klasse 2,1021,Knete-Unterlage Kunststoff A3,1,1.99,1.99,0
B00558,Klasse 2,1039,Schnellhefter A4 Kunststoff rot,2,0.5,1.0,0
B00558,Klasse 2,1022,Schreiblern-Füller Lamy ABC,1,14.5,14.5,0
B00558,Klasse 2,1023,Hausaufgabenheft Grundschule A5,1,1.99,1.99,0
B00558,Klasse 2,1040,Schnellhefter A4 Kunststoff grün,2,0.5,1.0,0
B00559,Klasse 9,1037,Lineal 30cm Kunststoff transparent,1,1.1,1.1,0
B00559,Klasse 9,1057,Textmarker-Set Pastell 6 Farben Stabilo Boss,1,6.99,6.99,0
B00559,Klasse 9,1026,Vokabelheft A5 Lineatur 53 (32 Blatt),3,1.29,3.87,0
B00560,Klasse 2 & 8,1055,Kugelschreiber Grip 2011 M blau (dokumentenecht),2,4.5,9.0,1
B00560,Klasse 2 & 8,1039,Schnellhefter A4 Kunststoff rot,2,0.5,1.0,1
B00560,Klasse 2 & 8,1048,Hausaufgabenheft A5 Classic,1,1.99,1.99,1
B00560,Klasse 2 & 8,1020,Haarpinsel-Set (Größen 2/6/10),1,3.99,3.99,1
B00560,Klasse 2 & 8,1017,Zeichenblock A3 (20 Blatt),1,2.49,2.49,1
B00560,Klasse 2 & 8,1056,Kugelschreiber Grip 2011 M schwarz,3,4.5,13.5,1
B00560,Klasse 2 & 8,1042,Schnellhefter A4 Kunststoff orange,3,0.5,1.5,1
B00560,Klasse 2 & 8,1023,Hausaufgabenheft Grundschule A5,1,1.99,1.99,1
B00560,Klasse 2 & 8,1040,Schnellhefter A4 Kunststoff grün,2,0.5,1.0,1
B00560,Klasse 2 & 8,1021,Knete-Unterlage Kunststoff A3,1,1.99,1.99,1
B00561,Klasse 10,1056,Kugelschreiber Grip 2011 M schwarz,2,4.5,9.0,0
B00561,Klasse 10,1029,Geodreieck 16 cm transparent Aristo,1,1.2,1.2,0
B00562,Klasse 2,1023,Hausaufgabenheft Grundschule A5,1,1.99,1.99,0
B00562,Klasse 2,1041,Schnellhefter A4 Kunststoff gelb,1,0.5,0.5,0
B00562,Klasse 2,1016,Sammelbox A4 Karton blau,1,2.49,2.49,0
B00562,Klasse 2,1042,Schnellhefter A4 Kunststoff orange,3,0.5,1.5,0
B00562,Klasse 2,1010,Knetmasse 10 Farben,1,3.49,3.49,0
B00562,Klasse 2,1011,Bastelschere rund 13cm Rechtshänder,1,2.2,2.2,0
B00562,Klasse 2,1018,Tuschkasten K12 (12 Farben),1,9.95,9.95,0
B00562,Klasse 2,1017,Zeichenblock A3 (20 Blatt),1,2.49,2.49,0
B00563,Klasse 7,1047,Wissenschaftlicher Taschenrechner Casio fx-87DE X,1,24.99,24.99,0
B00563,Klasse 7,1027,Collegeblock A4 kariert (80 Blatt),3,1.79,5.37,0
B00563,Klasse 7,1048,Hausaufgabenheft A5 Classic,1,1.99,1.99,0
B00564,Klasse 4,1011,Bastelschere rund 13cm Rechtshänder,1,2.2,2.2,0
B00564,Klasse 4,1019,Borstenpinsel-Set (Größen 4/8/12),1,3.5,3.5,0
B00564,Klasse 4,1039,Schnellhefter A4 Kunststoff rot,3,0.5,1.5,0
B00564,Klasse 4,1036,Bleistift HB Grip 2001 Faber-Castell,3,1.5,4.5,0
B00564,Klasse 4,1003,Schreiblernheft A4 Lineatur 3 (16 Blatt),3,0.99,2.97,0
B00565,Klasse 2 & 9,1029,Geodreieck 16 cm transparent Aristo,1,1.2,1.2,1
B00565,Klasse 2 & 9,1060,Prospekthüllen A4 transparent 100er Pack,1,3.99,3.99,1
B00565,Klasse 2 & 9,1055,Kugelschreiber Grip 2011 M blau (dokumentenecht),2,4.5,9.0,1
B00565,Klasse 2 & 9,1032,Tintenpatronen blau T10 (5er Pack),2,1.8,3.6,1
B00565,Klasse 2 & 9,1017,Zeichenblock A3 (20 Blatt),1,2.49,2.49,1
B00565,Klasse 2 & 9,1015,Radiergummi soft (für Bleistifte),1,0.8,0.8,1
B00565,Klasse 2 & 9,1012,Bastelschere rund 13cm Linkshänder,1,2.2,2.2,1
B00565,Klasse 2 & 9,1022,Schreiblern-Füller Lamy ABC,1,14.5,14.5,1
B00565,Klasse 2 & 9,1008,Buntstifte 12er Set dreikant (dick),1,5.49,5.49,1
B00565,Klasse 2 & 9,1014,Doppelanspitzer Dose Trio Grip,1,2.99,2.99,1
B00565,Klasse 2 & 9,1002,Schreiblernheft A4 Lineatur 2 (16 Blatt),5,0.99,4.95,1
B00566,Klasse 1,1019,Borstenpinsel-Set (Größen 4/8/12),1,3.5,3.5,0
B00566,Klasse 1,1005,Rechenheft A4 Lineatur 7 (7x7mm Kästchen),5,0.99,4.95,0
B00566,Klasse 1,1039,Schnellhefter A4 Kunststoff rot,3,0.5,1.5,0
B00566,Klasse 1,1042,Schnellhefter A4 Kunststoff orange,2,0.5,1.0,0
B00566,Klasse 1,1008,Buntstifte 12er Set dreikant (dick),1,5.49,5.49,0
B00566,Klasse 1,1007,Schreiblernbleistift Trio Grip (dick),2,1.99,3.98,0
B00566,Klasse 1,1013,Klebestift Uhu Renature 21g,1,1.89,1.89,0
B00566,Klasse 1,1023,Hausaufgabenheft Grundschule A5,1,1.99,1.99,0
B00567,Klasse 6,1041,Schnellhefter A4 Kunststoff gelb,1,0.5,0.5,0
B00567,Klasse 6,1018,Tuschkasten K12 (12 Farben),1,9.95,9.95,0
B00567,Klasse 6,1015,Radiergummi soft (für Bleistifte),1,0.8,0.8,0
B00567,Klasse 6,1060,Prospekthüllen A4 transparent 100er Pack,1,3.99,3.99,0
B00567,Klasse 6,1024,Schulheft A4 liniert Lineatur 21 (16 Blatt),1,0.99,0.99,0
B00567,Klasse 6,1034,Schulkompass Zirkel Staedtler,1,8.5,8.5,0
B00568,Klasse 4,1013,Klebestift Uhu Renature 21g,1,1.89,1.89,0
B00568,Klasse 4,1029,Geodreieck 16 cm transparent Aristo,1,1.2,1.2,0
B00568,Klasse 4,1016,Sammelbox A4 Karton blau,3,2.49,7.47,0
B00568,Klasse 4,1036,Bleistift HB Grip 2001 Faber-Castell,3,1.5,4.5,0
B00568,Klasse 4,1033,Tintenkiller Super Pirat (2er Pack),3,2.49,7.47,0
B00569,Klasse 3,1006,Rechenheft A4 Lineatur 8 (5x5mm Kästchen),5,0.99,4.95,0
B00569,Klasse 3,1016,Sammelbox A4 Karton blau,1,2.49,2.49,0
B00569,Klasse 3,1007,Schreiblernbleistift Trio Grip (dick),3,1.99,5.97,0
B00569,Klasse 3,1023,Hausaufgabenheft Grundschule A5,1,1.99,1.99,0
B00570,Klasse 4,1042,Schnellhefter A4 Kunststoff orange,5,0.5,2.5,0
B00570,Klasse 4,1015,Radiergummi soft (für Bleistifte),1,0.8,0.8,0
B00570,Klasse 4,1040,Schnellhefter A4 Kunststoff grün,3,0.5,1.5,0
B00570,Klasse 4,1011,Bastelschere rund 13cm Rechtshänder,1,2.2,2.2,0
B00571,Klasse 12,1060,Prospekthüllen A4 transparent 100er Pack,1,3.99,3.99,0
B00571,Klasse 12,1049,Oxford Collegeblock A4 kariert (90g Papier),10,2.79,27.9,0
B00571,Klasse 12,1054,Ringbucheinlagen A4 kariert 100 Blatt,5,2.29,11.45,0
B00572,Klasse 5,1045,Ringbuch A4 schmal 25mm,2,2.99,5.98,0
B00572,Klasse 5,1043,Textmarker-Set 4 Farben Stabilo Boss,1,4.99,4.99,0
B00572,Klasse 5,1039,Schnellhefter A4 Kunststoff rot,2,0.5,1.0,0
B00572,Klasse 5,1038,Schnellhefter A4 Kunststoff blau,2,0.5,1.0,0
B00573,Klasse 4,1004,Schulheft A4 Lineatur 4 (16 Blatt),2,0.99,1.98,0
B00573,Klasse 4,1013,Klebestift Uhu Renature 21g,1,1.89,1.89,0
B00573,Klasse 4,1023,Hausaufgabenheft Grundschule A5,1,1.99,1.99,0
B00573,Klasse 4,1015,Radiergummi soft (für Bleistifte),1,0.8,0.8,0
B00573,Klasse 4,1042,Schnellhefter A4 Kunststoff orange,3,0.5,1.5,0
B00573,Klasse 4,1016,Sammelbox A4 Karton blau,1,2.49,2.49,0
B00573,Klasse 4,1017,Zeichenblock A3 (20 Blatt),1,2.49,2.49,0
B00574,Klasse 4,1032,Tintenpatronen blau T10 (5er Pack),5,1.8,9.0,0
B00574,Klasse 4,1011,Bastelschere rund 13cm Rechtshänder,1,2.2,2.2,0
B00574,Klasse 4,1042,Schnellhefter A4 Kunststoff orange,5,0.5,2.5,0
B00574,Klasse 4,1029,Geodreieck 16 cm transparent Aristo,1,1.2,1.2,0
B00574,Klasse 4,1006,Rechenheft A4 Lineatur 8 (5x5mm Kästchen),3,0.99,2.97,0
B00574,Klasse 4,1038,Schnellhefter A4 Kunststoff blau,3,0.5,1.5,0
B00574,Klasse 4,1036,Bleistift HB Grip 2001 Faber-Castell,2,1.5,3.0,0
B00574,Klasse 4,1033,Tintenkiller Super Pirat (2er Pack),3,2.49,7.47,0
B00575,Klasse 9,1015,Radiergummi soft (für Bleistifte),1,0.8,0.8,0
B00575,Klasse 9,1058,Haftnotizen Post-it 76x76mm gelb,1,1.99,1.99,0
B00575,Klasse 9,1018,Tuschkasten K12 (12 Farben),1,9.95,9.95,0
B00575,Klasse 9,1035,Buntstifte 24er Set dreikant,1,8.99,8.99,0
B00575,Klasse 9,1043,Textmarker-Set 4 Farben Stabilo Boss,1,4.99,4.99,0
B00576,Klasse 2,1021,Knete-Unterlage Kunststoff A3,1,1.99,1.99,0
B00576,Klasse 2,1014,Doppelanspitzer Dose Trio Grip,1,2.99,2.99,0
B00576,Klasse 2,1023,Hausaufgabenheft Grundschule A5,1,1.99,1.99,0
B00576,Klasse 2,1008,Buntstifte 12er Set dreikant (dick),1,5.49,5.49,0
B00577,Klasse 7,1060,Prospekthüllen A4 transparent 100er Pack,1,3.99,3.99,0
B00577,Klasse 7,1047,Wissenschaftlicher Taschenrechner Casio fx-87DE X,1,24.99,24.99,0
B00577,Klasse 7,1034,Schulkompass Zirkel Staedtler,1,8.5,8.5,0
B00577,Klasse 7,1028,Collegeblock A4 liniert (80 Blatt),2,1.79,3.58,0
B00577,Klasse 7,1020,Haarpinsel-Set (Größen 2/6/10),1,3.99,3.99,0
B00577,Klasse 7,1046,Ordner A4 breit 80mm schwarz,1,3.49,3.49,0
B00577,Klasse 7,1038,Schnellhefter A4 Kunststoff blau,2,0.5,1.0,0
B00578,Klasse 3,1020,Haarpinsel-Set (Größen 2/6/10),1,3.99,3.99,0
B00578,Klasse 3,1022,Schreiblern-Füller Lamy ABC,1,14.5,14.5,0
B00578,Klasse 3,1042,Schnellhefter A4 Kunststoff orange,2,0.5,1.0,0
B00578,Klasse 3,1014,Doppelanspitzer Dose Trio Grip,1,2.99,2.99,0
B00578,Klasse 3,1011,Bastelschere rund 13cm Rechtshänder,1,2.2,2.2,0
B00578,Klasse 3,1041,Schnellhefter A4 Kunststoff gelb,1,0.5,0.5,0
B00579,Klasse 9,1028,Collegeblock A4 liniert (80 Blatt),10,1.79,17.9,0
B00579,Klasse 9,1029,Geodreieck 16 cm transparent Aristo,1,1.2,1.2,0
B00579,Klasse 9,1026,Vokabelheft A5 Lineatur 53 (32 Blatt),3,1.29,3.87,0
B00579,Klasse 9,1032,Tintenpatronen blau T10 (5er Pack),5,1.8,9.0,0
B00579,Klasse 9,1043,Textmarker-Set 4 Farben Stabilo Boss,1,4.99,4.99,0
B00580,Klasse 10,1041,Schnellhefter A4 Kunststoff gelb,2,0.5,1.0,0
B00580,Klasse 10,1049,Oxford Collegeblock A4 kariert (90g Papier),3,2.79,8.37,0
B00581,Klasse 7,1025,Schulheft A4 kariert Lineatur 22 (16 Blatt),3,0.99,2.97,0
B00581,Klasse 7,1047,Wissenschaftlicher Taschenrechner Casio fx-87DE X,1,24.99,24.99,0
B00581,Klasse 7,1039,Schnellhefter A4 Kunststoff rot,2,0.5,1.0,0
B00581,Klasse 7,1038,Schnellhefter A4 Kunststoff blau,1,0.5,0.5,0
B00581,Klasse 7,1045,Ringbuch A4 schmal 25mm,3,2.99,8.97,0
B00581,Klasse 7,1027,Collegeblock A4 kariert (80 Blatt),5,1.79,8.95,0
B00582,Klasse 2 & 12,1011,Bastelschere rund 13cm Rechtshänder,1,2.2,2.2,1
B00582,Klasse 2 & 12,1021,Knete-Unterlage Kunststoff A3,1,1.99,1.99,1
B00582,Klasse 2 & 12,1005,Rechenheft A4 Lineatur 7 (7x7mm Kästchen),2,0.99,1.98,1
B00582,Klasse 2 & 12,1018,Tuschkasten K12 (12 Farben),1,9.95,9.95,1
B00582,Klasse 2 & 12,1014,Doppelanspitzer Dose Trio Grip,1,2.99,2.99,1
B00582,Klasse 2 & 12,1015,Radiergummi soft (für Bleistifte),1,0.8,0.8,1
B00582,Klasse 2 & 12,1029,Geodreieck 16 cm transparent Aristo,1,1.2,1.2,1
B00582,Klasse 2 & 12,1052,Formelsammlung Mathematik/Physik/Chemie Duden,1,12.99,12.99,1
B00582,Klasse 2 & 12,1036,Bleistift HB Grip 2001 Faber-Castell,5,1.5,7.5,1
B00582,Klasse 2 & 12,1045,Ringbuch A4 schmal 25mm,3,2.99,8.97,1
B00582,Klasse 2 & 12,1037,Lineal 30cm Kunststoff transparent,1,1.1,1.1,1
B00583,Klasse 5,1018,Tuschkasten K12 (12 Farben),1,9.95,9.95,0
B00583,Klasse 5,1025,Schulheft A4 kariert Lineatur 22 (16 Blatt),5,0.99,4.95,0
B00583,Klasse 5,1026,Vokabelheft A5 Lineatur 53 (32 Blatt),2,1.29,2.58,0
B00583,Klasse 5,1039,Schnellhefter A4 Kunststoff rot,2,0.5,1.0,0
B00583,Klasse 5,1046,Ordner A4 breit 80mm schwarz,2,3.49,6.98,0
B00583,Klasse 5,1041,Schnellhefter A4 Kunststoff gelb,3,0.5,1.5,0
B00583,Klasse 5,1036,Bleistift HB Grip 2001 Faber-Castell,1,1.5,1.5,0
B00584,Klasse 1 & 8,1043,Textmarker-Set 4 Farben Stabilo Boss,1,4.99,4.99,1
B00584,Klasse 1 & 8,1029,Geodreieck 16 cm transparent Aristo,1,1.2,1.2,1
B00584,Klasse 1 & 8,1035,Buntstifte 24er Set dreikant,1,8.99,8.99,1
B00584,Klasse 1 & 8,1017,Zeichenblock A3 (20 Blatt),1,2.49,2.49,1
B00584,Klasse 1 & 8,1010,Knetmasse 10 Farben,1,3.49,3.49,1
B00584,Klasse 1 & 8,1009,Wachsmalkreiden 12er Set (wasservermalbar),1,6.99,6.99,1
B00584,Klasse 1 & 8,1018,Tuschkasten K12 (12 Farben),1,9.95,9.95,1
B00585,Klasse 8,1055,Kugelschreiber Grip 2011 M blau (dokumentenecht),2,4.5,9.0,0
B00585,Klasse 8,1045,Ringbuch A4 schmal 25mm,2,2.99,5.98,0
B00585,Klasse 8,1038,Schnellhefter A4 Kunststoff blau,5,0.5,2.5,0
B00585,Klasse 8,1042,Schnellhefter A4 Kunststoff orange,3,0.5,1.5,0
B00586,Klasse 11,1027,Collegeblock A4 kariert (80 Blatt),3,1.79,5.37,0
B00586,Klasse 11,1057,Textmarker-Set Pastell 6 Farben Stabilo Boss,1,6.99,6.99,0
B00586,Klasse 11,1037,Lineal 30cm Kunststoff transparent,1,1.1,1.1,0
B00586,Klasse 11,1046,Ordner A4 breit 80mm schwarz,2,3.49,6.98,0
B00587,Klasse 10,1031,Füllfederhalter Lamy Safari M,1,19.9,19.9,0
B00587,Klasse 10,1056,Kugelschreiber Grip 2011 M schwarz,1,4.5,4.5,0
B00587,Klasse 10,1042,Schnellhefter A4 Kunststoff orange,2,0.5,1.0,0
B00588,Klasse 12,1036,Bleistift HB Grip 2001 Faber-Castell,2,1.5,3.0,0
B00588,Klasse 12,1058,Haftnotizen Post-it 76x76mm gelb,1,1.99,1.99,0
B00588,Klasse 12,1059,Karteikarten A7 liniert 100 Stück,1,1.49,1.49,0
B00588,Klasse 12,1056,Kugelschreiber Grip 2011 M schwarz,2,4.5,9.0,0
B00588,Klasse 12,1030,Geodreieck 22 cm Griff transparent,1,2.1,2.1,0
B00589,Klasse 5,1027,Collegeblock A4 kariert (80 Blatt),5,1.79,8.95,0
B00589,Klasse 5,1038,Schnellhefter A4 Kunststoff blau,1,0.5,0.5,0
B00589,Klasse 5,1042,Schnellhefter A4 Kunststoff orange,3,0.5,1.5,0
B00589,Klasse 5,1016,Sammelbox A4 Karton blau,2,2.49,4.98,0
B00590,Klasse 8,1031,Füllfederhalter Lamy Safari M,1,19.9,19.9,0
B00590,Klasse 8,1036,Bleistift HB Grip 2001 Faber-Castell,5,1.5,7.5,0
B00590,Klasse 8,1061,Tintenroller Pilot Frixion Ball 0.7 schwarz,5,3.29,16.45,0
B00590,Klasse 8,1055,Kugelschreiber Grip 2011 M blau (dokumentenecht),1,4.5,4.5,0
B00590,Klasse 8,1024,Schulheft A4 liniert Lineatur 21 (16 Blatt),5,0.99,4.95,0
B00590,Klasse 8,1030,Geodreieck 22 cm Griff transparent,1,2.1,2.1,0
B00590,Klasse 8,1044,Fineliner 10er Set Stabilo Point 88,1,7.99,7.99,0
B00591,Klasse 11,1055,Kugelschreiber Grip 2011 M blau (dokumentenecht),2,4.5,9.0,0
B00591,Klasse 11,1049,Oxford Collegeblock A4 kariert (90g Papier),3,2.79,8.37,0
B00591,Klasse 11,1051,Grafikrechner Casio FX-CG50,1,119.0,119.0,0
B00591,Klasse 11,1059,Karteikarten A7 liniert 100 Stück,1,1.49,1.49,0
B00592,Klasse 6,1061,Tintenroller Pilot Frixion Ball 0.7 schwarz,1,3.29,3.29,0
B00592,Klasse 6,1041,Schnellhefter A4 Kunststoff gelb,5,0.5,2.5,0
B00592,Klasse 6,1020,Haarpinsel-Set (Größen 2/6/10),1,3.99,3.99,0
B00593,Klasse 10,1027,Collegeblock A4 kariert (80 Blatt),2,1.79,3.58,0
B00593,Klasse 10,1051,Grafikrechner Casio FX-CG50,1,119.0,119.0,0
B00593,Klasse 10,1055,Kugelschreiber Grip 2011 M blau (dokumentenecht),1,4.5,4.5,0
B00594,Klasse 11,1050,Oxford Collegeblock A4 liniert (90g Papier),5,2.79,13.95,0
B00594,Klasse 11,1054,Ringbucheinlagen A4 kariert 100 Blatt,5,2.29,11.45,0
B00594,Klasse 11,1052,Formelsammlung Mathematik/Physik/Chemie Duden,1,12.99,12.99,0
B00595,Klasse 7,1025,Schulheft A4 kariert Lineatur 22 (16 Blatt),2,0.99,1.98,0
B00595,Klasse 7,1061,Tintenroller Pilot Frixion Ball 0.7 schwarz,2,3.29,6.58,0
B00595,Klasse 7,1044,Fineliner 10er Set Stabilo Point 88,1,7.99,7.99,0
B00595,Klasse 7,1030,Geodreieck 22 cm Griff transparent,1,2.1,2.1,0
B00596,Klasse 4,1033,Tintenkiller Super Pirat (2er Pack),2,2.49,4.98,0
B00596,Klasse 4,1019,Borstenpinsel-Set (Größen 4/8/12),1,3.5,3.5,0
B00596,Klasse 4,1026,Vokabelheft A5 Lineatur 53 (32 Blatt),3,1.29,3.87,0
B00596,Klasse 4,1015,Radiergummi soft (für Bleistifte),1,0.8,0.8,0
B00596,Klasse 4,1031,Füllfederhalter Lamy Safari M,1,19.9,19.9,0
B00597,Klasse 11,1015,Radiergummi soft (für Bleistifte),1,0.8,0.8,0
B00597,Klasse 11,1059,Karteikarten A7 liniert 100 Stück,1,1.49,1.49,0
B00597,Klasse 11,1049,Oxford Collegeblock A4 kariert (90g Papier),5,2.79,13.95,0
B00597,Klasse 11,1050,Oxford Collegeblock A4 liniert (90g Papier),2,2.79,5.58,0
B00598,Klasse 7,1046,Ordner A4 breit 80mm schwarz,2,3.49,6.98,0
B00598,Klasse 7,1061,Tintenroller Pilot Frixion Ball 0.7 schwarz,2,3.29,6.58,0
B00598,Klasse 7,1043,Textmarker-Set 4 Farben Stabilo Boss,1,4.99,4.99,0
B00599,Klasse 8,1056,Kugelschreiber Grip 2011 M schwarz,1,4.5,4.5,0
B00599,Klasse 8,1055,Kugelschreiber Grip 2011 M blau (dokumentenecht),1,4.5,4.5,0
B00599,Klasse 8,1027,Collegeblock A4 kariert (80 Blatt),3,1.79,5.37,0
B00599,Klasse 8,1043,Textmarker-Set 4 Farben Stabilo Boss,1,4.99,4.99,0
B00599,Klasse 8,1029,Geodreieck 16 cm transparent Aristo,1,1.2,1.2,0
B00599,Klasse 8,1045,Ringbuch A4 schmal 25mm,2,2.99,5.98,0
B00600,Klasse 10,1042,Schnellhefter A4 Kunststoff orange,2,0.5,1.0,0
B00600,Klasse 10,1058,Haftnotizen Post-it 76x76mm gelb,1,1.99,1.99,0
B00600,Klasse 10,1015,Radiergummi soft (für Bleistifte),1,0.8,0.8,0
B00600,Klasse 10,1035,Buntstifte 24er Set dreikant,1,8.99,8.99,0
B00600,Klasse 10,1046,Ordner A4 breit 80mm schwarz,3,3.49,10.47,0
B00601,Klasse 9,1055,Kugelschreiber Grip 2011 M blau (dokumentenecht),1,4.5,4.5,0
B00601,Klasse 9,1017,Zeichenblock A3 (20 Blatt),1,2.49,2.49,0
B00601,Klasse 9,1044,Fineliner 10er Set Stabilo Point 88,1,7.99,7.99,0
B00601,Klasse 9,1042,Schnellhefter A4 Kunststoff orange,1,0.5,0.5,0
B00601,Klasse 9,1032,Tintenpatronen blau T10 (5er Pack),2,1.8,3.6,0
B00602,Klasse 4 & 8,1015,Radiergummi soft (für Bleistifte),1,0.8,0.8,1
B00602,Klasse 4 & 8,1014,Doppelanspitzer Dose Trio Grip,1,2.99,2.99,1
B00602,Klasse 4 & 8,1013,Klebestift Uhu Renature 21g,1,1.89,1.89,1
B00602,Klasse 4 & 8,1018,Tuschkasten K12 (12 Farben),1,9.95,9.95,1
B00602,Klasse 4 & 8,1028,Collegeblock A4 liniert (80 Blatt),5,1.79,8.95,1
B00602,Klasse 4 & 8,1012,Bastelschere rund 13cm Linkshänder,1,2.2,2.2,1
B00602,Klasse 4 & 8,1043,Textmarker-Set 4 Farben Stabilo Boss,1,4.99,4.99,1
B00602,Klasse 4 & 8,1017,Zeichenblock A3 (20 Blatt),1,2.49,2.49,1
B00602,Klasse 4 & 8,1047,Wissenschaftlicher Taschenrechner Casio fx-87DE X,1,24.99,24.99,1
B00602,Klasse 4 & 8,1038,Schnellhefter A4 Kunststoff blau,5,0.5,2.5,1
B00603,Klasse 5,1025,Schulheft A4 kariert Lineatur 22 (16 Blatt),3,0.99,2.97,0
B00603,Klasse 5,1036,Bleistift HB Grip 2001 Faber-Castell,1,1.5,1.5,0
B00603,Klasse 5,1032,Tintenpatronen blau T10 (5er Pack),5,1.8,9.0,0
B00603,Klasse 5,1042,Schnellhefter A4 Kunststoff orange,3,0.5,1.5,0
B00603,Klasse 5,1060,Prospekthüllen A4 transparent 100er Pack,1,3.99,3.99,0
B00603,Klasse 5,1027,Collegeblock A4 kariert (80 Blatt),2,1.79,3.58,0
B00604,Klasse 8,1027,Collegeblock A4 kariert (80 Blatt),3,1.79,5.37,0
B00604,Klasse 8,1039,Schnellhefter A4 Kunststoff rot,5,0.5,2.5,0
B00604,Klasse 8,1061,Tintenroller Pilot Frixion Ball 0.7 schwarz,3,3.29,9.87,0
B00604,Klasse 8,1059,Karteikarten A7 liniert 100 Stück,1,1.49,1.49,0
B00604,Klasse 8,1042,Schnellhefter A4 Kunststoff orange,3,0.5,1.5,0
B00604,Klasse 8,1026,Vokabelheft A5 Lineatur 53 (32 Blatt),10,1.29,12.9,0
B00605,Klasse 5,1060,Prospekthüllen A4 transparent 100er Pack,1,3.99,3.99,0
B00605,Klasse 5,1029,Geodreieck 16 cm transparent Aristo,1,1.2,1.2,0
B00605,Klasse 5,1019,Borstenpinsel-Set (Größen 4/8/12),1,3.5,3.5,0
B00605,Klasse 5,1027,Collegeblock A4 kariert (80 Blatt),10,1.79,17.9,0
B00605,Klasse 5,1036,Bleistift HB Grip 2001 Faber-Castell,1,1.5,1.5,0
B00606,Klasse 3 & 9,1041,Schnellhefter A4 Kunststoff gelb,2,0.5,1.0,1
B00606,Klasse 3 & 9,1043,Textmarker-Set 4 Farben Stabilo Boss,1,4.99,4.99,1
B00606,Klasse 3 & 9,1028,Collegeblock A4 liniert (80 Blatt),5,1.79,8.95,1
B00606,Klasse 3 & 9,1032,Tintenpatronen blau T10 (5er Pack),3,1.8,5.4,1
B00606,Klasse 3 & 9,1040,Schnellhefter A4 Kunststoff grün,3,0.5,1.5,1
B00606,Klasse 3 & 9,1022,Schreiblern-Füller Lamy ABC,1,14.5,14.5,1
B00606,Klasse 3 & 9,1011,Bastelschere rund 13cm Rechtshänder,1,2.2,2.2,1
B00606,Klasse 3 & 9,1006,Rechenheft A4 Lineatur 8 (5x5mm Kästchen),3,0.99,2.97,1
B00606,Klasse 3 & 9,1042,Schnellhefter A4 Kunststoff orange,2,0.5,1.0,1
B00606,Klasse 3 & 9,1017,Zeichenblock A3 (20 Blatt),1,2.49,2.49,1
B00607,Klasse 6,1040,Schnellhefter A4 Kunststoff grün,5,0.5,2.5,0
B00607,Klasse 6,1024,Schulheft A4 liniert Lineatur 21 (16 Blatt),2,0.99,1.98,0
B00607,Klasse 6,1033,Tintenkiller Super Pirat (2er Pack),1,2.49,2.49,0
B00607,Klasse 6,1032,Tintenpatronen blau T10 (5er Pack),2,1.8,3.6,0
B00607,Klasse 6,1046,Ordner A4 breit 80mm schwarz,2,3.49,6.98,0
B00607,Klasse 6,1039,Schnellhefter A4 Kunststoff rot,5,0.5,2.5,0
B00608,Klasse 8,1029,Geodreieck 16 cm transparent Aristo,1,1.2,1.2,0
B00608,Klasse 8,1035,Buntstifte 24er Set dreikant,1,8.99,8.99,0
B00608,Klasse 8,1048,Hausaufgabenheft A5 Classic,1,1.99,1.99,0
B00608,Klasse 8,1043,Textmarker-Set 4 Farben Stabilo Boss,1,4.99,4.99,0
B00608,Klasse 8,1015,Radiergummi soft (für Bleistifte),1,0.8,0.8,0
B00609,Klasse 5,1039,Schnellhefter A4 Kunststoff rot,2,0.5,1.0,0
B00609,Klasse 5,1033,Tintenkiller Super Pirat (2er Pack),5,2.49,12.45,0
B00609,Klasse 5,1020,Haarpinsel-Set (Größen 2/6/10),1,3.99,3.99,0
B00609,Klasse 5,1040,Schnellhefter A4 Kunststoff grün,1,0.5,0.5,0
B00610,Klasse 6,1044,Fineliner 10er Set Stabilo Point 88,1,7.99,7.99,0
B00610,Klasse 6,1028,Collegeblock A4 liniert (80 Blatt),2,1.79,3.58,0
B00610,Klasse 6,1040,Schnellhefter A4 Kunststoff grün,1,0.5,0.5,0
B00610,Klasse 6,1026,Vokabelheft A5 Lineatur 53 (32 Blatt),3,1.29,3.87,0
B00610,Klasse 6,1047,Wissenschaftlicher Taschenrechner Casio fx-87DE X,1,24.99,24.99,0
B00611,Klasse 1,1014,Doppelanspitzer Dose Trio Grip,1,2.99,2.99,0
B00611,Klasse 1,1004,Schulheft A4 Lineatur 4 (16 Blatt),3,0.99,2.97,0
B00611,Klasse 1,1005,Rechenheft A4 Lineatur 7 (7x7mm Kästchen),5,0.99,4.95,0
B00611,Klasse 1,1038,Schnellhefter A4 Kunststoff blau,2,0.5,1.0,0
B00611,Klasse 1,1013,Klebestift Uhu Renature 21g,1,1.89,1.89,0
B00611,Klasse 1,1009,Wachsmalkreiden 12er Set (wasservermalbar),1,6.99,6.99,0
B00611,Klasse 1,1021,Knete-Unterlage Kunststoff A3,1,1.99,1.99,0
B00612,Klasse 9,1045,Ringbuch A4 schmal 25mm,5,2.99,14.95,0
B00612,Klasse 9,1024,Schulheft A4 liniert Lineatur 21 (16 Blatt),1,0.99,0.99,0
B00612,Klasse 9,1029,Geodreieck 16 cm transparent Aristo,1,1.2,1.2,0
B00612,Klasse 9,1037,Lineal 30cm Kunststoff transparent,1,1.1,1.1,0
B00613,Klasse 11,1050,Oxford Collegeblock A4 liniert (90g Papier),2,2.79,5.58,0
B00613,Klasse 11,1058,Haftnotizen Post-it 76x76mm gelb,1,1.99,1.99,0
B00613,Klasse 11,1051,Grafikrechner Casio FX-CG50,1,119.0,119.0,0
B00613,Klasse 11,1053,Ringbucheinlagen A4 liniert 100 Blatt,1,2.29,2.29,0
B00614,Klasse 2,1042,Schnellhefter A4 Kunststoff orange,1,0.5,0.5,0
B00614,Klasse 2,1038,Schnellhefter A4 Kunststoff blau,2,0.5,1.0,0
B00614,Klasse 2,1010,Knetmasse 10 Farben,1,3.49,3.49,0
B00614,Klasse 2,1039,Schnellhefter A4 Kunststoff rot,3,0.5,1.5,0
B00614,Klasse 2,1040,Schnellhefter A4 Kunststoff grün,3,0.5,1.5,0
B00614,Klasse 2,1041,Schnellhefter A4 Kunststoff gelb,2,0.5,1.0,0
B00614,Klasse 2,1019,Borstenpinsel-Set (Größen 4/8/12),1,3.5,3.5,0
B00614,Klasse 2,1021,Knete-Unterlage Kunststoff A3,1,1.99,1.99,0
B00614,Klasse 2,1013,Klebestift Uhu Renature 21g,1,1.89,1.89,0
B00615,Klasse 7 & 11,1061,Tintenroller Pilot Frixion Ball 0.7 schwarz,2,3.29,6.58,1
B00615,Klasse 7 & 11,1057,Textmarker-Set Pastell 6 Farben Stabilo Boss,1,6.99,6.99,1
B00615,Klasse 7 & 11,1027,Collegeblock A4 kariert (80 Blatt),3,1.79,5.37,1
B00615,Klasse 7 & 11,1054,Ringbucheinlagen A4 kariert 100 Blatt,3,2.29,6.87,1
B00615,Klasse 7 & 11,1059,Karteikarten A7 liniert 100 Stück,1,1.49,1.49,1
B00615,Klasse 7 & 11,1047,Wissenschaftlicher Taschenrechner Casio fx-87DE X,1,24.99,24.99,1
B00615,Klasse 7 & 11,1028,Collegeblock A4 liniert (80 Blatt),5,1.79,8.95,1
B00616,Klasse 9,1040,Schnellhefter A4 Kunststoff grün,3,0.5,1.5,0
B00616,Klasse 9,1025,Schulheft A4 kariert Lineatur 22 (16 Blatt),3,0.99,2.97,0
B00616,Klasse 9,1036,Bleistift HB Grip 2001 Faber-Castell,2,1.5,3.0,0
B00616,Klasse 9,1017,Zeichenblock A3 (20 Blatt),1,2.49,2.49,0
B00617,Klasse 5 & 10,1059,Karteikarten A7 liniert 100 Stück,1,1.49,1.49,1
B00617,Klasse 5 & 10,1055,Kugelschreiber Grip 2011 M blau (dokumentenecht),2,4.5,9.0,1
B00617,Klasse 5 & 10,1032,Tintenpatronen blau T10 (5er Pack),1,1.8,1.8,1
B00617,Klasse 5 & 10,1017,Zeichenblock A3 (20 Blatt),1,2.49,2.49,1
B00617,Klasse 5 & 10,1015,Radiergummi soft (für Bleistifte),1,0.8,0.8,1
B00617,Klasse 5 & 10,1060,Prospekthüllen A4 transparent 100er Pack,1,3.99,3.99,1
B00618,Klasse 8,1042,Schnellhefter A4 Kunststoff orange,2,0.5,1.0,0
B00618,Klasse 8,1047,Wissenschaftlicher Taschenrechner Casio fx-87DE X,1,24.99,24.99,0
B00618,Klasse 8,1041,Schnellhefter A4 Kunststoff gelb,3,0.5,1.5,0
B00619,Klasse 11,1061,Tintenroller Pilot Frixion Ball 0.7 schwarz,2,3.29,6.58,0
B00619,Klasse 11,1052,Formelsammlung Mathematik/Physik/Chemie Duden,1,12.99,12.99,0
B00619,Klasse 11,1049,Oxford Collegeblock A4 kariert (90g Papier),10,2.79,27.9,0
B00619,Klasse 11,1058,Haftnotizen Post-it 76x76mm gelb,1,1.99,1.99,0
B00619,Klasse 11,1053,Ringbucheinlagen A4 liniert 100 Blatt,3,2.29,6.87,0
B00620,Klasse 2,1020,Haarpinsel-Set (Größen 2/6/10),1,3.99,3.99,0
B00620,Klasse 2,1008,Buntstifte 12er Set dreikant (dick),1,5.49,5.49,0
B00620,Klasse 2,1038,Schnellhefter A4 Kunststoff blau,2,0.5,1.0,0
B00620,Klasse 2,1014,Doppelanspitzer Dose Trio Grip,1,2.99,2.99,0
B00620,Klasse 2,1005,Rechenheft A4 Lineatur 7 (7x7mm Kästchen),2,0.99,1.98,0
B00621,Klasse 4,1018,Tuschkasten K12 (12 Farben),1,9.95,9.95,0
B00621,Klasse 4,1012,Bastelschere rund 13cm Linkshänder,1,2.2,2.2,0
B00621,Klasse 4,1006,Rechenheft A4 Lineatur 8 (5x5mm Kästchen),3,0.99,2.97,0
B00621,Klasse 4,1015,Radiergummi soft (für Bleistifte),1,0.8,0.8,0
B00621,Klasse 4,1041,Schnellhefter A4 Kunststoff gelb,2,0.5,1.0,0
B00621,Klasse 4,1031,Füllfederhalter Lamy Safari M,1,19.9,19.9,0
B00622,Klasse 2,1007,Schreiblernbleistift Trio Grip (dick),1,1.99,1.99,0
B00622,Klasse 2,1038,Schnellhefter A4 Kunststoff blau,2,0.5,1.0,0
B00622,Klasse 2,1014,Doppelanspitzer Dose Trio Grip,1,2.99,2.99,0
B00622,Klasse 2,1005,Rechenheft A4 Lineatur 7 (7x7mm Kästchen),5,0.99,4.95,0
B00622,Klasse 2,1009,Wachsmalkreiden 12er Set (wasservermalbar),1,6.99,6.99,0
B00622,Klasse 2,1011,Bastelschere rund 13cm Rechtshänder,1,2.2,2.2,0
B00622,Klasse 2,1017,Zeichenblock A3 (20 Blatt),1,2.49,2.49,0
B00622,Klasse 2,1015,Radiergummi soft (für Bleistifte),1,0.8,0.8,0
B00623,Klasse 8,1060,Prospekthüllen A4 transparent 100er Pack,1,3.99,3.99,0
B00623,Klasse 8,1034,Schulkompass Zirkel Staedtler,1,8.5,8.5,0
B00623,Klasse 8,1035,Buntstifte 24er Set dreikant,1,8.99,8.99,0
B00623,Klasse 8,1027,Collegeblock A4 kariert (80 Blatt),10,1.79,17.9,0
B00623,Klasse 8,1039,Schnellhefter A4 Kunststoff rot,2,0.5,1.0,0
B00624,Klasse 12,1037,Lineal 30cm Kunststoff transparent,1,1.1,1.1,0
B00624,Klasse 12,1049,Oxford Collegeblock A4 kariert (90g Papier),2,2.79,5.58,0
B00624,Klasse 12,1015,Radiergummi soft (für Bleistifte),1,0.8,0.8,0
B00625,Klasse 7,1033,Tintenkiller Super Pirat (2er Pack),3,2.49,7.47,0
B00625,Klasse 7,1034,Schulkompass Zirkel Staedtler,1,8.5,8.5,0
B00625,Klasse 7,1030,Geodreieck 22 cm Griff transparent,1,2.1,2.1,0
B00625,Klasse 7,1028,Collegeblock A4 liniert (80 Blatt),3,1.79,5.37,0
B00625,Klasse 7,1026,Vokabelheft A5 Lineatur 53 (32 Blatt),3,1.29,3.87,0
B00625,Klasse 7,1060,Prospekthüllen A4 transparent 100er Pack,1,3.99,3.99,0
B00625,Klasse 7,1015,Radiergummi soft (für Bleistifte),1,0.8,0.8,0
B00626,Klasse 11,1060,Prospekthüllen A4 transparent 100er Pack,1,3.99,3.99,0
B00626,Klasse 11,1043,Textmarker-Set 4 Farben Stabilo Boss,1,4.99,4.99,0
B00627,Klasse 4,1039,Schnellhefter A4 Kunststoff rot,3,0.5,1.5,0
B00627,Klasse 4,1014,Doppelanspitzer Dose Trio Grip,1,2.99,2.99,0
B00627,Klasse 4,1020,Haarpinsel-Set (Größen 2/6/10),1,3.99,3.99,0
B00627,Klasse 4,1041,Schnellhefter A4 Kunststoff gelb,3,0.5,1.5,0
B00627,Klasse 4,1042,Schnellhefter A4 Kunststoff orange,5,0.5,2.5,0
B00627,Klasse 4,1038,Schnellhefter A4 Kunststoff blau,1,0.5,0.5,0
B00627,Klasse 4,1006,Rechenheft A4 Lineatur 8 (5x5mm Kästchen),3,0.99,2.97,0
B00627,Klasse 4,1008,Buntstifte 12er Set dreikant (dick),1,5.49,5.49,0
B00628,Klasse 2 & 10,1021,Knete-Unterlage Kunststoff A3,1,1.99,1.99,1
B00628,Klasse 2 & 10,1022,Schreiblern-Füller Lamy ABC,1,14.5,14.5,1
B00628,Klasse 2 & 10,1039,Schnellhefter A4 Kunststoff rot,2,0.5,1.0,1
B00628,Klasse 2 & 10,1016,Sammelbox A4 Karton blau,1,2.49,2.49,1
B00628,Klasse 2 & 10,1002,Schreiblernheft A4 Lineatur 2 (16 Blatt),2,0.99,1.98,1
B00628,Klasse 2 & 10,1037,Lineal 30cm Kunststoff transparent,1,1.1,1.1,1
B00628,Klasse 2 & 10,1028,Collegeblock A4 liniert (80 Blatt),5,1.79,8.95,1
B00629,Klasse 12,1044,Fineliner 10er Set Stabilo Point 88,1,7.99,7.99,0
B00629,Klasse 12,1027,Collegeblock A4 kariert (80 Blatt),3,1.79,5.37,0
B00629,Klasse 12,1036,Bleistift HB Grip 2001 Faber-Castell,5,1.5,7.5,0
B00629,Klasse 12,1060,Prospekthüllen A4 transparent 100er Pack,1,3.99,3.99,0
B00629,Klasse 12,1045,Ringbuch A4 schmal 25mm,1,2.99,2.99,0
B00630,Klasse 4 & 8,1045,Ringbuch A4 schmal 25mm,3,2.99,8.97,1
B00630,Klasse 4 & 8,1020,Haarpinsel-Set (Größen 2/6/10),1,3.99,3.99,1
B00630,Klasse 4 & 8,1015,Radiergummi soft (für Bleistifte),1,0.8,0.8,1
B00630,Klasse 4 & 8,1030,Geodreieck 22 cm Griff transparent,1,2.1,2.1,1
B00630,Klasse 4 & 8,1040,Schnellhefter A4 Kunststoff grün,3,0.5,1.5,1
B00630,Klasse 4 & 8,1036,Bleistift HB Grip 2001 Faber-Castell,1,1.5,1.5,1
B00630,Klasse 4 & 8,1004,Schulheft A4 Lineatur 4 (16 Blatt),3,0.99,2.97,1
B00630,Klasse 4 & 8,1039,Schnellhefter A4 Kunststoff rot,5,0.5,2.5,1
B00630,Klasse 4 & 8,1038,Schnellhefter A4 Kunststoff blau,2,0.5,1.0,1
B00630,Klasse 4 & 8,1041,Schnellhefter A4 Kunststoff gelb,2,0.5,1.0,1
B00631,Klasse 3,1003,Schreiblernheft A4 Lineatur 3 (16 Blatt),2,0.99,1.98,0
B00631,Klasse 3,1041,Schnellhefter A4 Kunststoff gelb,5,0.5,2.5,0
B00631,Klasse 3,1022,Schreiblern-Füller Lamy ABC,1,14.5,14.5,0
B00631,Klasse 3,1006,Rechenheft A4 Lineatur 8 (5x5mm Kästchen),10,0.99,9.9,0
B00631,Klasse 3,1038,Schnellhefter A4 Kunststoff blau,2,0.5,1.0,0
B00631,Klasse 3,1011,Bastelschere rund 13cm Rechtshänder,1,2.2,2.2,0
B00631,Klasse 3,1032,Tintenpatronen blau T10 (5er Pack),1,1.8,1.8,0
B00632,Klasse 7,1031,Füllfederhalter Lamy Safari M,1,19.9,19.9,0
B00632,Klasse 7,1040,Schnellhefter A4 Kunststoff grün,1,0.5,0.5,0
B00632,Klasse 7,1027,Collegeblock A4 kariert (80 Blatt),3,1.79,5.37,0
B00632,Klasse 7,1039,Schnellhefter A4 Kunststoff rot,2,0.5,1.0,0
B00633,Klasse 3,1012,Bastelschere rund 13cm Linkshänder,1,2.2,2.2,0
B00633,Klasse 3,1018,Tuschkasten K12 (12 Farben),1,9.95,9.95,0
B00633,Klasse 3,1006,Rechenheft A4 Lineatur 8 (5x5mm Kästchen),1,0.99,0.99,0
B00633,Klasse 3,1023,Hausaufgabenheft Grundschule A5,1,1.99,1.99,0
B00633,Klasse 3,1041,Schnellhefter A4 Kunststoff gelb,2,0.5,1.0,0
B00634,Klasse 11,1027,Collegeblock A4 kariert (80 Blatt),2,1.79,3.58,0
B00634,Klasse 11,1015,Radiergummi soft (für Bleistifte),1,0.8,0.8,0
B00634,Klasse 11,1056,Kugelschreiber Grip 2011 M schwarz,2,4.5,9.0,0
B00635,Klasse 12,1018,Tuschkasten K12 (12 Farben),1,9.95,9.95,0
B00635,Klasse 12,1046,Ordner A4 breit 80mm schwarz,2,3.49,6.98,0
B00635,Klasse 12,1051,Grafikrechner Casio FX-CG50,1,119.0,119.0,0
B00635,Klasse 12,1028,Collegeblock A4 liniert (80 Blatt),3,1.79,5.37,0
B00636,Klasse 10,1015,Radiergummi soft (für Bleistifte),1,0.8,0.8,0
B00636,Klasse 10,1043,Textmarker-Set 4 Farben Stabilo Boss,1,4.99,4.99,0
B00636,Klasse 10,1055,Kugelschreiber Grip 2011 M blau (dokumentenecht),3,4.5,13.5,0
B00637,Klasse 5,1025,Schulheft A4 kariert Lineatur 22 (16 Blatt),5,0.99,4.95,0
B00637,Klasse 5,1043,Textmarker-Set 4 Farben Stabilo Boss,1,4.99,4.99,0
B00637,Klasse 5,1046,Ordner A4 breit 80mm schwarz,2,3.49,6.98,0
B00637,Klasse 5,1033,Tintenkiller Super Pirat (2er Pack),3,2.49,7.47,0
B00637,Klasse 5,1019,Borstenpinsel-Set (Größen 4/8/12),1,3.5,3.5,0
B00637,Klasse 5,1028,Collegeblock A4 liniert (80 Blatt),1,1.79,1.79,0
B00638,Klasse 2 & 11,1008,Buntstifte 12er Set dreikant (dick),1,5.49,5.49,1
B00638,Klasse 2 & 11,1018,Tuschkasten K12 (12 Farben),1,9.95,9.95,1
B00638,Klasse 2 & 11,1020,Haarpinsel-Set (Größen 2/6/10),1,3.99,3.99,1
B00638,Klasse 2 & 11,1006,Rechenheft A4 Lineatur 8 (5x5mm Kästchen),3,0.99,2.97,1
B00638,Klasse 2 & 11,1039,Schnellhefter A4 Kunststoff rot,2,0.5,1.0,1
B00638,Klasse 2 & 11,1060,Prospekthüllen A4 transparent 100er Pack,1,3.99,3.99,1
B00638,Klasse 2 & 11,1002,Schreiblernheft A4 Lineatur 2 (16 Blatt),3,0.99,2.97,1
B00638,Klasse 2 & 11,1054,Ringbucheinlagen A4 kariert 100 Blatt,3,2.29,6.87,1
B00638,Klasse 2 & 11,1053,Ringbucheinlagen A4 liniert 100 Blatt,2,2.29,4.58,1
B00639,Klasse 7,1041,Schnellhefter A4 Kunststoff gelb,2,0.5,1.0,0
B00639,Klasse 7,1039,Schnellhefter A4 Kunststoff rot,5,0.5,2.5,0
B00639,Klasse 7,1043,Textmarker-Set 4 Farben Stabilo Boss,1,4.99,4.99,0
B00639,Klasse 7,1038,Schnellhefter A4 Kunststoff blau,3,0.5,1.5,0
B00639,Klasse 7,1026,Vokabelheft A5 Lineatur 53 (32 Blatt),5,1.29,6.45,0
B00639,Klasse 7,1031,Füllfederhalter Lamy Safari M,1,19.9,19.9,0
B00640,Klasse 7 & 12,1036,Bleistift HB Grip 2001 Faber-Castell,1,1.5,1.5,1
B00640,Klasse 7 & 12,1028,Collegeblock A4 liniert (80 Blatt),3,1.79,5.37,1
B00640,Klasse 7 & 12,1054,Ringbucheinlagen A4 kariert 100 Blatt,3,2.29,6.87,1
B00640,Klasse 7 & 12,1027,Collegeblock A4 kariert (80 Blatt),3,1.79,5.37,1
B00640,Klasse 7 & 12,1020,Haarpinsel-Set (Größen 2/6/10),1,3.99,3.99,1
B00640,Klasse 7 & 12,1060,Prospekthüllen A4 transparent 100er Pack,1,3.99,3.99,1
B00640,Klasse 7 & 12,1046,Ordner A4 breit 80mm schwarz,3,3.49,10.47,1
B00640,Klasse 7 & 12,1019,Borstenpinsel-Set (Größen 4/8/12),1,3.5,3.5,1
B00641,Klasse 6,1048,Hausaufgabenheft A5 Classic,1,1.99,1.99,0
B00641,Klasse 6,1032,Tintenpatronen blau T10 (5er Pack),1,1.8,1.8,0
B00641,Klasse 6,1046,Ordner A4 breit 80mm schwarz,2,3.49,6.98,0
B00642,Klasse 7 & 9,1037,Lineal 30cm Kunststoff transparent,1,1.1,1.1,1
B00642,Klasse 7 & 9,1026,Vokabelheft A5 Lineatur 53 (32 Blatt),3,1.29,3.87,1
B00642,Klasse 7 & 9,1013,Klebestift Uhu Renature 21g,1,1.89,1.89,1
B00642,Klasse 7 & 9,1031,Füllfederhalter Lamy Safari M,1,19.9,19.9,1
B00642,Klasse 7 & 9,1045,Ringbuch A4 schmal 25mm,3,2.99,8.97,1
B00642,Klasse 7 & 9,1030,Geodreieck 22 cm Griff transparent,1,2.1,2.1,1
B00642,Klasse 7 & 9,1032,Tintenpatronen blau T10 (5er Pack),1,1.8,1.8,1
B00642,Klasse 7 & 9,1025,Schulheft A4 kariert Lineatur 22 (16 Blatt),5,0.99,4.95,1
B00642,Klasse 7 & 9,1034,Schulkompass Zirkel Staedtler,1,8.5,8.5,1
B00642,Klasse 7 & 9,1055,Kugelschreiber Grip 2011 M blau (dokumentenecht),2,4.5,9.0,1
B00643,Klasse 12,1044,Fineliner 10er Set Stabilo Point 88,1,7.99,7.99,0
B00643,Klasse 12,1028,Collegeblock A4 liniert (80 Blatt),3,1.79,5.37,0
B00643,Klasse 12,1036,Bleistift HB Grip 2001 Faber-Castell,2,1.5,3.0,0
B00644,Klasse 6,1059,Karteikarten A7 liniert 100 Stück,1,1.49,1.49,0
B00644,Klasse 6,1028,Collegeblock A4 liniert (80 Blatt),3,1.79,5.37,0
B00644,Klasse 6,1030,Geodreieck 22 cm Griff transparent,1,2.1,2.1,0
B00644,Klasse 6,1019,Borstenpinsel-Set (Größen 4/8/12),1,3.5,3.5,0
B00644,Klasse 6,1040,Schnellhefter A4 Kunststoff grün,1,0.5,0.5,0
B00645,Klasse 1,1038,Schnellhefter A4 Kunststoff blau,3,0.5,1.5,0
B00645,Klasse 1,1041,Schnellhefter A4 Kunststoff gelb,2,0.5,1.0,0
B00645,Klasse 1,1021,Knete-Unterlage Kunststoff A3,1,1.99,1.99,0
B00645,Klasse 1,1011,Bastelschere rund 13cm Rechtshänder,1,2.2,2.2,0
B00645,Klasse 1,1013,Klebestift Uhu Renature 21g,1,1.89,1.89,0
B00645,Klasse 1,1040,Schnellhefter A4 Kunststoff grün,2,0.5,1.0,0
B00646,Klasse 5,1045,Ringbuch A4 schmal 25mm,1,2.99,2.99,0
B00646,Klasse 5,1048,Hausaufgabenheft A5 Classic,1,1.99,1.99,0
B00646,Klasse 5,1032,Tintenpatronen blau T10 (5er Pack),2,1.8,3.6,0
B00646,Klasse 5,1033,Tintenkiller Super Pirat (2er Pack),3,2.49,7.47,0
B00646,Klasse 5,1026,Vokabelheft A5 Lineatur 53 (32 Blatt),2,1.29,2.58,0
B00647,Klasse 4,1031,Füllfederhalter Lamy Safari M,1,19.9,19.9,0
B00647,Klasse 4,1008,Buntstifte 12er Set dreikant (dick),1,5.49,5.49,0
B00647,Klasse 4,1006,Rechenheft A4 Lineatur 8 (5x5mm Kästchen),2,0.99,1.98,0
B00647,Klasse 4,1032,Tintenpatronen blau T10 (5er Pack),2,1.8,3.6,0
B00647,Klasse 4,1015,Radiergummi soft (für Bleistifte),1,0.8,0.8,0
B00647,Klasse 4,1004,Schulheft A4 Lineatur 4 (16 Blatt),10,0.99,9.9,0
B00647,Klasse 4,1013,Klebestift Uhu Renature 21g,1,1.89,1.89,0
B00647,Klasse 4,1038,Schnellhefter A4 Kunststoff blau,3,0.5,1.5,0
B00647,Klasse 4,1025,Schulheft A4 kariert Lineatur 22 (16 Blatt),3,0.99,2.97,0
B00648,Klasse 11,1029,Geodreieck 16 cm transparent Aristo,1,1.2,1.2,0
B00648,Klasse 11,1050,Oxford Collegeblock A4 liniert (90g Papier),2,2.79,5.58,0
B00649,Klasse 3,1017,Zeichenblock A3 (20 Blatt),1,2.49,2.49,0
B00649,Klasse 3,1031,Füllfederhalter Lamy Safari M,1,19.9,19.9,0
B00649,Klasse 3,1038,Schnellhefter A4 Kunststoff blau,2,0.5,1.0,0
B00649,Klasse 3,1016,Sammelbox A4 Karton blau,1,2.49,2.49,0
B00649,Klasse 3,1018,Tuschkasten K12 (12 Farben),1,9.95,9.95,0
B00650,Klasse 2,1011,Bastelschere rund 13cm Rechtshänder,1,2.2,2.2,0
B00650,Klasse 2,1017,Zeichenblock A3 (20 Blatt),1,2.49,2.49,0
B00650,Klasse 2,1023,Hausaufgabenheft Grundschule A5,1,1.99,1.99,0
B00650,Klasse 2,1041,Schnellhefter A4 Kunststoff gelb,2,0.5,1.0,0
B00650,Klasse 2,1009,Wachsmalkreiden 12er Set (wasservermalbar),1,6.99,6.99,0
B00650,Klasse 2,1016,Sammelbox A4 Karton blau,3,2.49,7.47,0
B00650,Klasse 2,1021,Knete-Unterlage Kunststoff A3,1,1.99,1.99,0
B00651,Klasse 7 & 10,1039,Schnellhefter A4 Kunststoff rot,2,0.5,1.0,1
B00651,Klasse 7 & 10,1019,Borstenpinsel-Set (Größen 4/8/12),1,3.5,3.5,1
B00651,Klasse 7 & 10,1017,Zeichenblock A3 (20 Blatt),1,2.49,2.49,1
B00651,Klasse 7 & 10,1026,Vokabelheft A5 Lineatur 53 (32 Blatt),5,1.29,6.45,1
B00651,Klasse 7 & 10,1029,Geodreieck 16 cm transparent Aristo,1,1.2,1.2,1
B00651,Klasse 7 & 10,1051,Grafikrechner Casio FX-CG50,1,119.0,119.0,1
B00651,Klasse 7 & 10,1041,Schnellhefter A4 Kunststoff gelb,2,0.5,1.0,1
B00651,Klasse 7 & 10,1042,Schnellhefter A4 Kunststoff orange,3,0.5,1.5,1
B00652,Klasse 10,1018,Tuschkasten K12 (12 Farben),1,9.95,9.95,0
B00652,Klasse 10,1036,Bleistift HB Grip 2001 Faber-Castell,1,1.5,1.5,0
B00652,Klasse 10,1040,Schnellhefter A4 Kunststoff grün,1,0.5,0.5,0
B00653,Klasse 9,1047,Wissenschaftlicher Taschenrechner Casio fx-87DE X,1,24.99,24.99,0
B00653,Klasse 9,1052,Formelsammlung Mathematik/Physik/Chemie Duden,1,12.99,12.99,0
B00653,Klasse 9,1044,Fineliner 10er Set Stabilo Point 88,1,7.99,7.99,0
B00653,Klasse 9,1059,Karteikarten A7 liniert 100 Stück,1,1.49,1.49,0
B00653,Klasse 9,1043,Textmarker-Set 4 Farben Stabilo Boss,1,4.99,4.99,0
B00653,Klasse 9,1015,Radiergummi soft (für Bleistifte),1,0.8,0.8,0
B00654,Klasse 7,1046,Ordner A4 breit 80mm schwarz,1,3.49,3.49,0
B00654,Klasse 7,1056,Kugelschreiber Grip 2011 M schwarz,2,4.5,9.0,0
B00654,Klasse 7,1025,Schulheft A4 kariert Lineatur 22 (16 Blatt),3,0.99,2.97,0
B00654,Klasse 7,1060,Prospekthüllen A4 transparent 100er Pack,1,3.99,3.99,0
B00654,Klasse 7,1041,Schnellhefter A4 Kunststoff gelb,5,0.5,2.5,0
B00654,Klasse 7,1030,Geodreieck 22 cm Griff transparent,1,2.1,2.1,0
B00655,Klasse 12,1054,Ringbucheinlagen A4 kariert 100 Blatt,10,2.29,22.9,0
B00655,Klasse 12,1055,Kugelschreiber Grip 2011 M blau (dokumentenecht),2,4.5,9.0,0
B00656,Klasse 3,1017,Zeichenblock A3 (20 Blatt),1,2.49,2.49,0
B00656,Klasse 3,1016,Sammelbox A4 Karton blau,5,2.49,12.45,0
B00656,Klasse 3,1002,Schreiblernheft A4 Lineatur 2 (16 Blatt),5,0.99,4.95,0
B00656,Klasse 3,1013,Klebestift Uhu Renature 21g,1,1.89,1.89,0
B00656,Klasse 3,1022,Schreiblern-Füller Lamy ABC,1,14.5,14.5,0
B00656,Klasse 3,1012,Bastelschere rund 13cm Linkshänder,1,2.2,2.2,0
B00656,Klasse 3,1020,Haarpinsel-Set (Größen 2/6/10),1,3.99,3.99,0
B00656,Klasse 3,1038,Schnellhefter A4 Kunststoff blau,2,0.5,1.0,0
B00657,Klasse 1,1011,Bastelschere rund 13cm Rechtshänder,1,2.2,2.2,0
B00657,Klasse 1,1012,Bastelschere rund 13cm Linkshänder,1,2.2,2.2,0
B00657,Klasse 1,1006,Rechenheft A4 Lineatur 8 (5x5mm Kästchen),1,0.99,0.99,0
B00657,Klasse 1,1041,Schnellhefter A4 Kunststoff gelb,5,0.5,2.5,0
B00658,Klasse 3,1023,Hausaufgabenheft Grundschule A5,1,1.99,1.99,0
B00658,Klasse 3,1039,Schnellhefter A4 Kunststoff rot,3,0.5,1.5,0
B00658,Klasse 3,1016,Sammelbox A4 Karton blau,1,2.49,2.49,0
B00658,Klasse 3,1021,Knete-Unterlage Kunststoff A3,1,1.99,1.99,0
B00658,Klasse 3,1019,Borstenpinsel-Set (Größen 4/8/12),1,3.5,3.5,0
B00659,Klasse 11,1058,Haftnotizen Post-it 76x76mm gelb,1,1.99,1.99,0
B00659,Klasse 11,1054,Ringbucheinlagen A4 kariert 100 Blatt,3,2.29,6.87,0
B00659,Klasse 11,1057,Textmarker-Set Pastell 6 Farben Stabilo Boss,1,6.99,6.99,0
B00659,Klasse 11,1055,Kugelschreiber Grip 2011 M blau (dokumentenecht),2,4.5,9.0,0
B00659,Klasse 11,1027,Collegeblock A4 kariert (80 Blatt),3,1.79,5.37,0
B00660,Klasse 9,1028,Collegeblock A4 liniert (80 Blatt),1,1.79,1.79,0
B00660,Klasse 9,1041,Schnellhefter A4 Kunststoff gelb,5,0.5,2.5,0
B00660,Klasse 9,1017,Zeichenblock A3 (20 Blatt),1,2.49,2.49,0
B00660,Klasse 9,1027,Collegeblock A4 kariert (80 Blatt),3,1.79,5.37,0
B00660,Klasse 9,1057,Textmarker-Set Pastell 6 Farben Stabilo Boss,1,6.99,6.99,0
B00661,Klasse 2 & 7,1012,Bastelschere rund 13cm Linkshänder,1,2.2,2.2,1
B00661,Klasse 2 & 7,1013,Klebestift Uhu Renature 21g,1,1.89,1.89,1
B00661,Klasse 2 & 7,1042,Schnellhefter A4 Kunststoff orange,2,0.5,1.0,1
B00661,Klasse 2 & 7,1010,Knetmasse 10 Farben,1,3.49,3.49,1
B00661,Klasse 2 & 7,1032,Tintenpatronen blau T10 (5er Pack),2,1.8,3.6,1
B00661,Klasse 2 & 7,1025,Schulheft A4 kariert Lineatur 22 (16 Blatt),5,0.99,4.95,1
B00661,Klasse 2 & 7,1038,Schnellhefter A4 Kunststoff blau,5,0.5,2.5,1
B00661,Klasse 2 & 7,1046,Ordner A4 breit 80mm schwarz,5,3.49,17.45,1
B00662,Klasse 3 & 4,1033,Tintenkiller Super Pirat (2er Pack),3,2.49,7.47,1
B00662,Klasse 3 & 4,1040,Schnellhefter A4 Kunststoff grün,2,0.5,1.0,1
B00662,Klasse 3 & 4,1006,Rechenheft A4 Lineatur 8 (5x5mm Kästchen),5,0.99,4.95,1
B00662,Klasse 3 & 4,1016,Sammelbox A4 Karton blau,2,2.49,4.98,1
B00662,Klasse 3 & 4,1042,Schnellhefter A4 Kunststoff orange,5,0.5,2.5,1
B00662,Klasse 3 & 4,1008,Buntstifte 12er Set dreikant (dick),1,5.49,5.49,1
B00662,Klasse 3 & 4,1012,Bastelschere rund 13cm Linkshänder,1,2.2,2.2,1
B00662,Klasse 3 & 4,1032,Tintenpatronen blau T10 (5er Pack),1,1.8,1.8,1
B00662,Klasse 3 & 4,1037,Lineal 30cm Kunststoff transparent,1,1.1,1.1,1
B00662,Klasse 3 & 4,1020,Haarpinsel-Set (Größen 2/6/10),1,3.99,3.99,1
B00662,Klasse 3 & 4,1015,Radiergummi soft (für Bleistifte),1,0.8,0.8,1
B00662,Klasse 3 & 4,1014,Doppelanspitzer Dose Trio Grip,1,2.99,2.99,1
B00662,Klasse 3 & 4,1046,Ordner A4 breit 80mm schwarz,1,3.49,3.49,1
B00663,Klasse 6,1019,Borstenpinsel-Set (Größen 4/8/12),1,3.5,3.5,0
B00663,Klasse 6,1047,Wissenschaftlicher Taschenrechner Casio fx-87DE X,1,24.99,24.99,0
B00663,Klasse 6,1048,Hausaufgabenheft A5 Classic,1,1.99,1.99,0
B00663,Klasse 6,1042,Schnellhefter A4 Kunststoff orange,3,0.5,1.5,0
B00663,Klasse 6,1020,Haarpinsel-Set (Größen 2/6/10),1,3.99,3.99,0
B00663,Klasse 6,1032,Tintenpatronen blau T10 (5er Pack),2,1.8,3.6,0
B00663,Klasse 6,1046,Ordner A4 breit 80mm schwarz,3,3.49,10.47,0
B00664,Klasse 9,1029,Geodreieck 16 cm transparent Aristo,1,1.2,1.2,0
B00664,Klasse 9,1026,Vokabelheft A5 Lineatur 53 (32 Blatt),5,1.29,6.45,0
B00664,Klasse 9,1046,Ordner A4 breit 80mm schwarz,2,3.49,6.98,0
B00664,Klasse 9,1017,Zeichenblock A3 (20 Blatt),1,2.49,2.49,0
B00664,Klasse 9,1058,Haftnotizen Post-it 76x76mm gelb,1,1.99,1.99,0
B00664,Klasse 9,1042,Schnellhefter A4 Kunststoff orange,3,0.5,1.5,0
B00665,Klasse 11,1050,Oxford Collegeblock A4 liniert (90g Papier),5,2.79,13.95,0
B00665,Klasse 11,1028,Collegeblock A4 liniert (80 Blatt),1,1.79,1.79,0
B00665,Klasse 11,1057,Textmarker-Set Pastell 6 Farben Stabilo Boss,1,6.99,6.99,0
B00665,Klasse 11,1043,Textmarker-Set 4 Farben Stabilo Boss,1,4.99,4.99,0
B00665,Klasse 11,1034,Schulkompass Zirkel Staedtler,1,8.5,8.5,0
B00666,Klasse 7,1019,Borstenpinsel-Set (Größen 4/8/12),1,3.5,3.5,0
B00666,Klasse 7,1031,Füllfederhalter Lamy Safari M,1,19.9,19.9,0
B00666,Klasse 7,1015,Radiergummi soft (für Bleistifte),1,0.8,0.8,0
B00666,Klasse 7,1046,Ordner A4 breit 80mm schwarz,1,3.49,3.49,0
B00666,Klasse 7,1024,Schulheft A4 liniert Lineatur 21 (16 Blatt),3,0.99,2.97,0
B00666,Klasse 7,1035,Buntstifte 24er Set dreikant,1,8.99,8.99,0
B00666,Klasse 7,1059,Karteikarten A7 liniert 100 Stück,1,1.49,1.49,0
B00667,Klasse 4,1018,Tuschkasten K12 (12 Farben),1,9.95,9.95,0
B00667,Klasse 4,1033,Tintenkiller Super Pirat (2er Pack),3,2.49,7.47,0
B00667,Klasse 4,1040,Schnellhefter A4 Kunststoff grün,3,0.5,1.5,0
B00667,Klasse 4,1036,Bleistift HB Grip 2001 Faber-Castell,2,1.5,3.0,0
B00667,Klasse 4,1042,Schnellhefter A4 Kunststoff orange,5,0.5,2.5,0
B00667,Klasse 4,1039,Schnellhefter A4 Kunststoff rot,2,0.5,1.0,0
B00668,Klasse 8,1035,Buntstifte 24er Set dreikant,1,8.99,8.99,0
B00668,Klasse 8,1030,Geodreieck 22 cm Griff transparent,1,2.1,2.1,0
B00668,Klasse 8,1019,Borstenpinsel-Set (Größen 4/8/12),1,3.5,3.5,0
B00668,Klasse 8,1040,Schnellhefter A4 Kunststoff grün,2,0.5,1.0,0
B00668,Klasse 8,1018,Tuschkasten K12 (12 Farben),1,9.95,9.95,0
B00668,Klasse 8,1025,Schulheft A4 kariert Lineatur 22 (16 Blatt),10,0.99,9.9,0
B00669,Klasse 8,1038,Schnellhefter A4 Kunststoff blau,2,0.5,1.0,0
B00669,Klasse 8,1040,Schnellhefter A4 Kunststoff grün,2,0.5,1.0,0
B00669,Klasse 8,1029,Geodreieck 16 cm transparent Aristo,1,1.2,1.2,0
B00670,Klasse 6 & 7,1045,Ringbuch A4 schmal 25mm,2,2.99,5.98,1
B00670,Klasse 6 & 7,1048,Hausaufgabenheft A5 Classic,1,1.99,1.99,1
B00670,Klasse 6 & 7,1032,Tintenpatronen blau T10 (5er Pack),1,1.8,1.8,1
B00670,Klasse 6 & 7,1031,Füllfederhalter Lamy Safari M,1,19.9,19.9,1
B00670,Klasse 6 & 7,1026,Vokabelheft A5 Lineatur 53 (32 Blatt),3,1.29,3.87,1
B00670,Klasse 6 & 7,1024,Schulheft A4 liniert Lineatur 21 (16 Blatt),10,0.99,9.9,1
B00670,Klasse 6 & 7,1035,Buntstifte 24er Set dreikant,1,8.99,8.99,1
B00670,Klasse 6 & 7,1019,Borstenpinsel-Set (Größen 4/8/12),1,3.5,3.5,1
B00670,Klasse 6 & 7,1047,Wissenschaftlicher Taschenrechner Casio fx-87DE X,1,24.99,24.99,1
B00671,Klasse 11,1044,Fineliner 10er Set Stabilo Point 88,1,7.99,7.99,0
B00671,Klasse 11,1046,Ordner A4 breit 80mm schwarz,3,3.49,10.47,0
B00672,Klasse 4 & 7,1018,Tuschkasten K12 (12 Farben),1,9.95,9.95,1
B00672,Klasse 4 & 7,1042,Schnellhefter A4 Kunststoff orange,2,0.5,1.0,1
B00672,Klasse 4 & 7,1019,Borstenpinsel-Set (Größen 4/8/12),1,3.5,3.5,1
B00672,Klasse 4 & 7,1041,Schnellhefter A4 Kunststoff gelb,3,0.5,1.5,1
B00672,Klasse 4 & 7,1020,Haarpinsel-Set (Größen 2/6/10),1,3.99,3.99,1
B00672,Klasse 4 & 7,1030,Geodreieck 22 cm Griff transparent,1,2.1,2.1,1
B00672,Klasse 4 & 7,1015,Radiergummi soft (für Bleistifte),1,0.8,0.8,1
B00672,Klasse 4 & 7,1061,Tintenroller Pilot Frixion Ball 0.7 schwarz,5,3.29,16.45,1
B00673,Klasse 11,1027,Collegeblock A4 kariert (80 Blatt),2,1.79,3.58,0
B00673,Klasse 11,1058,Haftnotizen Post-it 76x76mm gelb,1,1.99,1.99,0
B00674,Klasse 5,1019,Borstenpinsel-Set (Größen 4/8/12),1,3.5,3.5,0
B00674,Klasse 5,1013,Klebestift Uhu Renature 21g,1,1.89,1.89,0
B00674,Klasse 5,1016,Sammelbox A4 Karton blau,2,2.49,4.98,0
B00674,Klasse 5,1029,Geodreieck 16 cm transparent Aristo,1,1.2,1.2,0
B00675,Klasse 7 & 10,1051,Grafikrechner Casio FX-CG50,1,119.0,119.0,1
B00675,Klasse 7 & 10,1049,Oxford Collegeblock A4 kariert (90g Papier),3,2.79,8.37,1
B00675,Klasse 7 & 10,1054,Ringbucheinlagen A4 kariert 100 Blatt,1,2.29,2.29,1
B00675,Klasse 7 & 10,1061,Tintenroller Pilot Frixion Ball 0.7 schwarz,1,3.29,3.29,1
B00675,Klasse 7 & 10,1019,Borstenpinsel-Set (Größen 4/8/12),1,3.5,3.5,1
B00675,Klasse 7 & 10,1033,Tintenkiller Super Pirat (2er Pack),1,2.49,2.49,1
B00675,Klasse 7 & 10,1041,Schnellhefter A4 Kunststoff gelb,2,0.5,1.0,1
B00675,Klasse 7 & 10,1045,Ringbuch A4 schmal 25mm,2,2.99,5.98,1
B00675,Klasse 7 & 10,1037,Lineal 30cm Kunststoff transparent,1,1.1,1.1,1
B00675,Klasse 7 & 10,1028,Collegeblock A4 liniert (80 Blatt),10,1.79,17.9,1
B00676,Klasse 1,1042,Schnellhefter A4 Kunststoff orange,1,0.5,0.5,0
B00676,Klasse 1,1019,Borstenpinsel-Set (Größen 4/8/12),1,3.5,3.5,0
B00676,Klasse 1,1040,Schnellhefter A4 Kunststoff grün,3,0.5,1.5,0
B00676,Klasse 1,1015,Radiergummi soft (für Bleistifte),1,0.8,0.8,0
B00676,Klasse 1,1041,Schnellhefter A4 Kunststoff gelb,1,0.5,0.5,0
B00676,Klasse 1,1039,Schnellhefter A4 Kunststoff rot,3,0.5,1.5,0
B00676,Klasse 1,1010,Knetmasse 10 Farben,1,3.49,3.49,0
B00676,Klasse 1,1012,Bastelschere rund 13cm Linkshänder,1,2.2,2.2,0
B00676,Klasse 1,1008,Buntstifte 12er Set dreikant (dick),1,5.49,5.49,0
B00677,Klasse 11,1055,Kugelschreiber Grip 2011 M blau (dokumentenecht),2,4.5,9.0,0
B00677,Klasse 11,1049,Oxford Collegeblock A4 kariert (90g Papier),1,2.79,2.79,0
B00677,Klasse 11,1037,Lineal 30cm Kunststoff transparent,1,1.1,1.1,0
B00677,Klasse 11,1057,Textmarker-Set Pastell 6 Farben Stabilo Boss,1,6.99,6.99,0
B00677,Klasse 11,1045,Ringbuch A4 schmal 25mm,2,2.99,5.98,0
B00678,Klasse 5,1044,Fineliner 10er Set Stabilo Point 88,1,7.99,7.99,0
B00678,Klasse 5,1048,Hausaufgabenheft A5 Classic,1,1.99,1.99,0
B00678,Klasse 5,1046,Ordner A4 breit 80mm schwarz,1,3.49,3.49,0
B00678,Klasse 5,1035,Buntstifte 24er Set dreikant,1,8.99,8.99,0
B00678,Klasse 5,1026,Vokabelheft A5 Lineatur 53 (32 Blatt),3,1.29,3.87,0
B00679,Klasse 7,1047,Wissenschaftlicher Taschenrechner Casio fx-87DE X,1,24.99,24.99,0
B00679,Klasse 7,1060,Prospekthüllen A4 transparent 100er Pack,1,3.99,3.99,0
B00679,Klasse 7,1042,Schnellhefter A4 Kunststoff orange,2,0.5,1.0,0
B00679,Klasse 7,1061,Tintenroller Pilot Frixion Ball 0.7 schwarz,3,3.29,9.87,0
B00680,Klasse 1,1019,Borstenpinsel-Set (Größen 4/8/12),1,3.5,3.5,0
B00680,Klasse 1,1008,Buntstifte 12er Set dreikant (dick),1,5.49,5.49,0
B00680,Klasse 1,1040,Schnellhefter A4 Kunststoff grün,3,0.5,1.5,0
B00680,Klasse 1,1020,Haarpinsel-Set (Größen 2/6/10),1,3.99,3.99,0
B00680,Klasse 1,1012,Bastelschere rund 13cm Linkshänder,1,2.2,2.2,0
B00680,Klasse 1,1011,Bastelschere rund 13cm Rechtshänder,1,2.2,2.2,0
B00680,Klasse 1,1023,Hausaufgabenheft Grundschule A5,1,1.99,1.99,0
B00680,Klasse 1,1017,Zeichenblock A3 (20 Blatt),1,2.49,2.49,0
B00680,Klasse 1,1005,Rechenheft A4 Lineatur 7 (7x7mm Kästchen),5,0.99,4.95,0
B00681,Klasse 6,1018,Tuschkasten K12 (12 Farben),1,9.95,9.95,0
B00681,Klasse 6,1027,Collegeblock A4 kariert (80 Blatt),3,1.79,5.37,0
B00681,Klasse 6,1048,Hausaufgabenheft A5 Classic,1,1.99,1.99,0
B00681,Klasse 6,1039,Schnellhefter A4 Kunststoff rot,1,0.5,0.5,0
B00681,Klasse 6,1059,Karteikarten A7 liniert 100 Stück,1,1.49,1.49,0
B00682,Klasse 1,1005,Rechenheft A4 Lineatur 7 (7x7mm Kästchen),3,0.99,2.97,0
B00682,Klasse 1,1019,Borstenpinsel-Set (Größen 4/8/12),1,3.5,3.5,0
B00682,Klasse 1,1013,Klebestift Uhu Renature 21g,1,1.89,1.89,0
B00682,Klasse 1,1053,Ringbucheinlagen A4 liniert 100 Blatt,5,2.29,11.45,0
B00682,Klasse 1,1008,Buntstifte 12er Set dreikant (dick),1,5.49,5.49,0
B00682,Klasse 1,1016,Sammelbox A4 Karton blau,2,2.49,4.98,0
B00682,Klasse 1,1018,Tuschkasten K12 (12 Farben),1,9.95,9.95,0
B00682,Klasse 1,1042,Schnellhefter A4 Kunststoff orange,3,0.5,1.5,0
B00682,Klasse 1,1040,Schnellhefter A4 Kunststoff grün,3,0.5,1.5,0
B00683,Klasse 3,1011,Bastelschere rund 13cm Rechtshänder,1,2.2,2.2,0
B00683,Klasse 3,1008,Buntstifte 12er Set dreikant (dick),1,5.49,5.49,0
B00683,Klasse 3,1022,Schreiblern-Füller Lamy ABC,1,14.5,14.5,0
B00683,Klasse 3,1006,Rechenheft A4 Lineatur 8 (5x5mm Kästchen),3,0.99,2.97,0
B00683,Klasse 3,1004,Schulheft A4 Lineatur 4 (16 Blatt),3,0.99,2.97,0
B00683,Klasse 3,1014,Doppelanspitzer Dose Trio Grip,1,2.99,2.99,0
B00683,Klasse 3,1013,Klebestift Uhu Renature 21g,1,1.89,1.89,0
B00684,Klasse 9,1025,Schulheft A4 kariert Lineatur 22 (16 Blatt),5,0.99,4.95,0
B00684,Klasse 9,1048,Hausaufgabenheft A5 Classic,1,1.99,1.99,0
B00684,Klasse 9,1018,Tuschkasten K12 (12 Farben),1,9.95,9.95,0
B00684,Klasse 9,1057,Textmarker-Set Pastell 6 Farben Stabilo Boss,1,6.99,6.99,0
B00685,Klasse 2,1039,Schnellhefter A4 Kunststoff rot,1,0.5,0.5,0
B00685,Klasse 2,1015,Radiergummi soft (für Bleistifte),1,0.8,0.8,0
B00685,Klasse 2,1012,Bastelschere rund 13cm Linkshänder,1,2.2,2.2,0
B00685,Klasse 2,1038,Schnellhefter A4 Kunststoff blau,1,0.5,0.5,0
B00685,Klasse 2,1008,Buntstifte 12er Set dreikant (dick),1,5.49,5.49,0
B00685,Klasse 2,1007,Schreiblernbleistift Trio Grip (dick),5,1.99,9.95,0
B00686,Klasse 5,1017,Zeichenblock A3 (20 Blatt),1,2.49,2.49,0
B00686,Klasse 5,1024,Schulheft A4 liniert Lineatur 21 (16 Blatt),3,0.99,2.97,0
B00686,Klasse 5,1041,Schnellhefter A4 Kunststoff gelb,2,0.5,1.0,0
B00687,Klasse 5,1013,Klebestift Uhu Renature 21g,1,1.89,1.89,0
B00687,Klasse 5,1048,Hausaufgabenheft A5 Classic,1,1.99,1.99,0
B00687,Klasse 5,1033,Tintenkiller Super Pirat (2er Pack),2,2.49,4.98,0
B00687,Klasse 5,1029,Geodreieck 16 cm transparent Aristo,1,1.2,1.2,0
B00688,Klasse 6 & 10,1048,Hausaufgabenheft A5 Classic,1,1.99,1.99,1
B00688,Klasse 6 & 10,1018,Tuschkasten K12 (12 Farben),1,9.95,9.95,1
B00688,Klasse 6 & 10,1038,Schnellhefter A4 Kunststoff blau,3,0.5,1.5,1
B00688,Klasse 6 & 10,1019,Borstenpinsel-Set (Größen 4/8/12),1,3.5,3.5,1
B00688,Klasse 6 & 10,1039,Schnellhefter A4 Kunststoff rot,3,0.5,1.5,1
B00688,Klasse 6 & 10,1015,Radiergummi soft (für Bleistifte),1,0.8,0.8,1
B00689,Klasse 10,1040,Schnellhefter A4 Kunststoff grün,2,0.5,1.0,0
B00689,Klasse 10,1041,Schnellhefter A4 Kunststoff gelb,3,0.5,1.5,0
B00689,Klasse 10,1043,Textmarker-Set 4 Farben Stabilo Boss,1,4.99,4.99,0
B00689,Klasse 10,1046,Ordner A4 breit 80mm schwarz,5,3.49,17.45,0
B00690,Klasse 10,1034,Schulkompass Zirkel Staedtler,1,8.5,8.5,0
B00690,Klasse 10,1025,Schulheft A4 kariert Lineatur 22 (16 Blatt),5,0.99,4.95,0
B00690,Klasse 10,1050,Oxford Collegeblock A4 liniert (90g Papier),5,2.79,13.95,0
B00690,Klasse 10,1051,Grafikrechner Casio FX-CG50,1,119.0,119.0,0
B00691,Klasse 12,1059,Karteikarten A7 liniert 100 Stück,1,1.49,1.49,0
B00691,Klasse 12,1050,Oxford Collegeblock A4 liniert (90g Papier),2,2.79,5.58,0
B00691,Klasse 12,1049,Oxford Collegeblock A4 kariert (90g Papier),3,2.79,8.37,0
B00691,Klasse 12,1046,Ordner A4 breit 80mm schwarz,2,3.49,6.98,0
B00692,Klasse 4,1015,Radiergummi soft (für Bleistifte),1,0.8,0.8,0
B00692,Klasse 4,1016,Sammelbox A4 Karton blau,2,2.49,4.98,0
B00692,Klasse 4,1019,Borstenpinsel-Set (Größen 4/8/12),1,3.5,3.5,0
B00692,Klasse 4,1038,Schnellhefter A4 Kunststoff blau,3,0.5,1.5,0
B00692,Klasse 4,1042,Schnellhefter A4 Kunststoff orange,2,0.5,1.0,0
B00692,Klasse 4,1004,Schulheft A4 Lineatur 4 (16 Blatt),2,0.99,1.98,0
B00693,Klasse 2,1012,Bastelschere rund 13cm Linkshänder,1,2.2,2.2,0
B00693,Klasse 2,1041,Schnellhefter A4 Kunststoff gelb,3,0.5,1.5,0
B00693,Klasse 2,1013,Klebestift Uhu Renature 21g,1,1.89,1.89,0
B00693,Klasse 2,1040,Schnellhefter A4 Kunststoff grün,1,0.5,0.5,0
B00694,Klasse 6 & 10,1037,Lineal 30cm Kunststoff transparent,1,1.1,1.1,1
B00694,Klasse 6 & 10,1015,Radiergummi soft (für Bleistifte),1,0.8,0.8,1
B00694,Klasse 6 & 10,1044,Fineliner 10er Set Stabilo Point 88,1,7.99,7.99,1
B00694,Klasse 6 & 10,1036,Bleistift HB Grip 2001 Faber-Castell,1,1.5,1.5,1
B00694,Klasse 6 & 10,1046,Ordner A4 breit 80mm schwarz,3,3.49,10.47,1
B00694,Klasse 6 & 10,1042,Schnellhefter A4 Kunststoff orange,5,0.5,2.5,1
B00694,Klasse 6 & 10,1043,Textmarker-Set 4 Farben Stabilo Boss,1,4.99,4.99,1
B00694,Klasse 6 & 10,1033,Tintenkiller Super Pirat (2er Pack),2,2.49,4.98,1
B00695,Klasse 1,1027,Collegeblock A4 kariert (80 Blatt),5,1.79,8.95,0
B00695,Klasse 1,1005,Rechenheft A4 Lineatur 7 (7x7mm Kästchen),5,0.99,4.95,0
B00695,Klasse 1,1009,Wachsmalkreiden 12er Set (wasservermalbar),1,6.99,6.99,0
B00695,Klasse 1,1020,Haarpinsel-Set (Größen 2/6/10),1,3.99,3.99,0
B00695,Klasse 1,1041,Schnellhefter A4 Kunststoff gelb,1,0.5,0.5,0
B00696,Klasse 10,1060,Prospekthüllen A4 transparent 100er Pack,1,3.99,3.99,0
B00696,Klasse 10,1034,Schulkompass Zirkel Staedtler,1,8.5,8.5,0
B00696,Klasse 10,1039,Schnellhefter A4 Kunststoff rot,1,0.5,0.5,0
B00697,Klasse 11,1015,Radiergummi soft (für Bleistifte),1,0.8,0.8,0
B00697,Klasse 11,1037,Lineal 30cm Kunststoff transparent,1,1.1,1.1,0
B00697,Klasse 11,1050,Oxford Collegeblock A4 liniert (90g Papier),5,2.79,13.95,0
B00698,Klasse 9 & 12,1059,Karteikarten A7 liniert 100 Stück,1,1.49,1.49,1
B00698,Klasse 9 & 12,1028,Collegeblock A4 liniert (80 Blatt),5,1.79,8.95,1
B00698,Klasse 9 & 12,1050,Oxford Collegeblock A4 liniert (90g Papier),3,2.79,8.37,1
B00698,Klasse 9 & 12,1043,Textmarker-Set 4 Farben Stabilo Boss,1,4.99,4.99,1
B00698,Klasse 9 & 12,1045,Ringbuch A4 schmal 25mm,2,2.99,5.98,1
B00698,Klasse 9 & 12,1044,Fineliner 10er Set Stabilo Point 88,1,7.99,7.99,1
B00698,Klasse 9 & 12,1017,Zeichenblock A3 (20 Blatt),1,2.49,2.49,1
B00699,Klasse 11,1049,Oxford Collegeblock A4 kariert (90g Papier),5,2.79,13.95,0
B00699,Klasse 11,1055,Kugelschreiber Grip 2011 M blau (dokumentenecht),2,4.5,9.0,0
B00699,Klasse 11,1059,Karteikarten A7 liniert 100 Stück,1,1.49,1.49,0
B00699,Klasse 11,1030,Geodreieck 22 cm Griff transparent,1,2.1,2.1,0
B00699,Klasse 11,1046,Ordner A4 breit 80mm schwarz,3,3.49,10.47,0
B00700,Klasse 5,1046,Ordner A4 breit 80mm schwarz,3,3.49,10.47,0
B00700,Klasse 5,1044,Fineliner 10er Set Stabilo Point 88,1,7.99,7.99,0
B00700,Klasse 5,1032,Tintenpatronen blau T10 (5er Pack),2,1.8,3.6,0
B00701,Klasse 10,1030,Geodreieck 22 cm Griff transparent,1,2.1,2.1,0
B00701,Klasse 10,1015,Radiergummi soft (für Bleistifte),1,0.8,0.8,0
B00702,Klasse 2 & 11,1014,Doppelanspitzer Dose Trio Grip,1,2.99,2.99,1
B00702,Klasse 2 & 11,1013,Klebestift Uhu Renature 21g,1,1.89,1.89,1
B00702,Klasse 2 & 11,1009,Wachsmalkreiden 12er Set (wasservermalbar),1,6.99,6.99,1
B00702,Klasse 2 & 11,1040,Schnellhefter A4 Kunststoff grün,2,0.5,1.0,1
B00702,Klasse 2 & 11,1041,Schnellhefter A4 Kunststoff gelb,3,0.5,1.5,1
B00702,Klasse 2 & 11,1022,Schreiblern-Füller Lamy ABC,1,14.5,14.5,1
B00702,Klasse 2 & 11,1039,Schnellhefter A4 Kunststoff rot,2,0.5,1.0,1
B00702,Klasse 2 & 11,1016,Sammelbox A4 Karton blau,3,2.49,7.47,1
B00702,Klasse 2 & 11,1020,Haarpinsel-Set (Größen 2/6/10),1,3.99,3.99,1
B00702,Klasse 2 & 11,1056,Kugelschreiber Grip 2011 M schwarz,2,4.5,9.0,1
B00702,Klasse 2 & 11,1061,Tintenroller Pilot Frixion Ball 0.7 schwarz,2,3.29,6.58,1
B00702,Klasse 2 & 11,1043,Textmarker-Set 4 Farben Stabilo Boss,1,4.99,4.99,1
B00702,Klasse 2 & 11,1027,Collegeblock A4 kariert (80 Blatt),3,1.79,5.37,1
B00703,Klasse 5,1041,Schnellhefter A4 Kunststoff gelb,1,0.5,0.5,0
B00703,Klasse 5,1036,Bleistift HB Grip 2001 Faber-Castell,1,1.5,1.5,0
B00703,Klasse 5,1028,Collegeblock A4 liniert (80 Blatt),3,1.79,5.37,0
B00703,Klasse 5,1037,Lineal 30cm Kunststoff transparent,1,1.1,1.1,0
B00703,Klasse 5,1015,Radiergummi soft (für Bleistifte),1,0.8,0.8,0
B00704,Klasse 1,1012,Bastelschere rund 13cm Linkshänder,1,2.2,2.2,0
B00704,Klasse 1,1016,Sammelbox A4 Karton blau,2,2.49,4.98,0
B00704,Klasse 1,1001,Schreiblernheft A4 Lineatur 1 (16 Blatt),5,0.99,4.95,0
B00704,Klasse 1,1041,Schnellhefter A4 Kunststoff gelb,2,0.5,1.0,0
B00704,Klasse 1,1014,Doppelanspitzer Dose Trio Grip,1,2.99,2.99,0
B00704,Klasse 1,1013,Klebestift Uhu Renature 21g,1,1.89,1.89,0
B00704,Klasse 1,1007,Schreiblernbleistift Trio Grip (dick),2,1.99,3.98,0
B00704,Klasse 1,1009,Wachsmalkreiden 12er Set (wasservermalbar),1,6.99,6.99,0
B00705,Klasse 10,1038,Schnellhefter A4 Kunststoff blau,2,0.5,1.0,0
B00705,Klasse 10,1058,Haftnotizen Post-it 76x76mm gelb,1,1.99,1.99,0
B00705,Klasse 10,1052,Formelsammlung Mathematik/Physik/Chemie Duden,1,12.99,12.99,0
B00706,Klasse 2,1019,Borstenpinsel-Set (Größen 4/8/12),1,3.5,3.5,0
B00706,Klasse 2,1020,Haarpinsel-Set (Größen 2/6/10),1,3.99,3.99,0
B00706,Klasse 2,1005,Rechenheft A4 Lineatur 7 (7x7mm Kästchen),3,0.99,2.97,0
B00706,Klasse 2,1006,Rechenheft A4 Lineatur 8 (5x5mm Kästchen),3,0.99,2.97,0
B00706,Klasse 2,1015,Radiergummi soft (für Bleistifte),1,0.8,0.8,0
B00706,Klasse 2,1039,Schnellhefter A4 Kunststoff rot,2,0.5,1.0,0
B00706,Klasse 2,1009,Wachsmalkreiden 12er Set (wasservermalbar),1,6.99,6.99,0
B00707,Klasse 8,1043,Textmarker-Set 4 Farben Stabilo Boss,1,4.99,4.99,0
B00707,Klasse 8,1042,Schnellhefter A4 Kunststoff orange,5,0.5,2.5,0
B00707,Klasse 8,1055,Kugelschreiber Grip 2011 M blau (dokumentenecht),2,4.5,9.0,0
B00707,Klasse 8,1036,Bleistift HB Grip 2001 Faber-Castell,2,1.5,3.0,0
B00708,Klasse 5 & 6,1045,Ringbuch A4 schmal 25mm,1,2.99,2.99,1
B00708,Klasse 5 & 6,1004,Schulheft A4 Lineatur 4 (16 Blatt),5,0.99,4.95,1
B00708,Klasse 5 & 6,1036,Bleistift HB Grip 2001 Faber-Castell,2,1.5,3.0,1
B00708,Klasse 5 & 6,1046,Ordner A4 breit 80mm schwarz,5,3.49,17.45,1
B00708,Klasse 5 & 6,1016,Sammelbox A4 Karton blau,2,2.49,4.98,1
B00708,Klasse 5 & 6,1044,Fineliner 10er Set Stabilo Point 88,1,7.99,7.99,1
B00708,Klasse 5 & 6,1019,Borstenpinsel-Set (Größen 4/8/12),1,3.5,3.5,1
B00708,Klasse 5 & 6,1018,Tuschkasten K12 (12 Farben),1,9.95,9.95,1
B00708,Klasse 5 & 6,1028,Collegeblock A4 liniert (80 Blatt),10,1.79,17.9,1
B00708,Klasse 5 & 6,1029,Geodreieck 16 cm transparent Aristo,1,1.2,1.2,1
B00709,Klasse 10,1046,Ordner A4 breit 80mm schwarz,2,3.49,6.98,0
B00709,Klasse 10,1028,Collegeblock A4 liniert (80 Blatt),2,1.79,3.58,0
B00709,Klasse 10,1025,Schulheft A4 kariert Lineatur 22 (16 Blatt),1,0.99,0.99,0
B00709,Klasse 10,1054,Ringbucheinlagen A4 kariert 100 Blatt,1,2.29,2.29,0
B00709,Klasse 10,1060,Prospekthüllen A4 transparent 100er Pack,1,3.99,3.99,0
B00710,Klasse 3 & 10,1038,Schnellhefter A4 Kunststoff blau,2,0.5,1.0,1
B00710,Klasse 3 & 10,1011,Bastelschere rund 13cm Rechtshänder,1,2.2,2.2,1
B00710,Klasse 3 & 10,1013,Klebestift Uhu Renature 21g,1,1.89,1.89,1
B00710,Klasse 3 & 10,1023,Hausaufgabenheft Grundschule A5,1,1.99,1.99,1
B00710,Klasse 3 & 10,1003,Schreiblernheft A4 Lineatur 3 (16 Blatt),2,0.99,1.98,1
B00710,Klasse 3 & 10,1014,Doppelanspitzer Dose Trio Grip,1,2.99,2.99,1
B00710,Klasse 3 & 10,1012,Bastelschere rund 13cm Linkshänder,1,2.2,2.2,1
B00710,Klasse 3 & 10,1008,Buntstifte 12er Set dreikant (dick),1,5.49,5.49,1
B00710,Klasse 3 & 10,1043,Textmarker-Set 4 Farben Stabilo Boss,1,4.99,4.99,1
B00710,Klasse 3 & 10,1049,Oxford Collegeblock A4 kariert (90g Papier),3,2.79,8.37,1
B00710,Klasse 3 & 10,1030,Geodreieck 22 cm Griff transparent,1,2.1,2.1,1
B00710,Klasse 3 & 10,1054,Ringbucheinlagen A4 kariert 100 Blatt,2,2.29,4.58,1
B00711,Klasse 3 & 4,1041,Schnellhefter A4 Kunststoff gelb,3,0.5,1.5,1
B00711,Klasse 3 & 4,1031,Füllfederhalter Lamy Safari M,1,19.9,19.9,1
B00711,Klasse 3 & 4,1006,Rechenheft A4 Lineatur 8 (5x5mm Kästchen),5,0.99,4.95,1
B00711,Klasse 3 & 4,1033,Tintenkiller Super Pirat (2er Pack),5,2.49,12.45,1
B00711,Klasse 3 & 4,1012,Bastelschere rund 13cm Linkshänder,1,2.2,2.2,1
B00711,Klasse 3 & 4,1023,Hausaufgabenheft Grundschule A5,1,1.99,1.99,1
B00711,Klasse 3 & 4,1039,Schnellhefter A4 Kunststoff rot,1,0.5,0.5,1
B00711,Klasse 3 & 4,1042,Schnellhefter A4 Kunststoff orange,2,0.5,1.0,1
B00711,Klasse 3 & 4,1003,Schreiblernheft A4 Lineatur 3 (16 Blatt),10,0.99,9.9,1
B00711,Klasse 3 & 4,1038,Schnellhefter A4 Kunststoff blau,1,0.5,0.5,1
B00711,Klasse 3 & 4,1017,Zeichenblock A3 (20 Blatt),1,2.49,2.49,1
B00711,Klasse 3 & 4,1032,Tintenpatronen blau T10 (5er Pack),1,1.8,1.8,1
B00711,Klasse 3 & 4,1015,Radiergummi soft (für Bleistifte),1,0.8,0.8,1
B00711,Klasse 3 & 4,1013,Klebestift Uhu Renature 21g,1,1.89,1.89,1
B00712,Klasse 3 & 4,1016,Sammelbox A4 Karton blau,3,2.49,7.47,1
B00712,Klasse 3 & 4,1011,Bastelschere rund 13cm Rechtshänder,1,2.2,2.2,1
B00712,Klasse 3 & 4,1042,Schnellhefter A4 Kunststoff orange,2,0.5,1.0,1
B00712,Klasse 3 & 4,1018,Tuschkasten K12 (12 Farben),1,9.95,9.95,1
B00712,Klasse 3 & 4,1039,Schnellhefter A4 Kunststoff rot,1,0.5,0.5,1
B00712,Klasse 3 & 4,1017,Zeichenblock A3 (20 Blatt),1,2.49,2.49,1
B00712,Klasse 3 & 4,1035,Buntstifte 24er Set dreikant,1,8.99,8.99,1
B00712,Klasse 3 & 4,1015,Radiergummi soft (für Bleistifte),1,0.8,0.8,1
B00712,Klasse 3 & 4,1040,Schnellhefter A4 Kunststoff grün,2,0.5,1.0,1
B00712,Klasse 3 & 4,1004,Schulheft A4 Lineatur 4 (16 Blatt),5,0.99,4.95,1
B00712,Klasse 3 & 4,1032,Tintenpatronen blau T10 (5er Pack),5,1.8,9.0,1
B00712,Klasse 3 & 4,1031,Füllfederhalter Lamy Safari M,1,19.9,19.9,1
B00713,Klasse 5,1021,Knete-Unterlage Kunststoff A3,1,1.99,1.99,0
B00713,Klasse 5,1060,Prospekthüllen A4 transparent 100er Pack,1,3.99,3.99,0
B00713,Klasse 5,1015,Radiergummi soft (für Bleistifte),1,0.8,0.8,0
B00713,Klasse 5,1027,Collegeblock A4 kariert (80 Blatt),5,1.79,8.95,0
B00714,Klasse 10 & 12,1044,Fineliner 10er Set Stabilo Point 88,1,7.99,7.99,1
B00714,Klasse 10 & 12,1057,Textmarker-Set Pastell 6 Farben Stabilo Boss,1,6.99,6.99,1
B00714,Klasse 10 & 12,1043,Textmarker-Set 4 Farben Stabilo Boss,1,4.99,4.99,1
B00714,Klasse 10 & 12,1054,Ringbucheinlagen A4 kariert 100 Blatt,3,2.29,6.87,1
B00714,Klasse 10 & 12,1015,Radiergummi soft (für Bleistifte),1,0.8,0.8,1
B00714,Klasse 10 & 12,1055,Kugelschreiber Grip 2011 M blau (dokumentenecht),5,4.5,22.5,1
B00714,Klasse 10 & 12,1029,Geodreieck 16 cm transparent Aristo,1,1.2,1.2,1
B00715,Klasse 7,1041,Schnellhefter A4 Kunststoff gelb,3,0.5,1.5,0
B00715,Klasse 7,1037,Lineal 30cm Kunststoff transparent,1,1.1,1.1,0
B00715,Klasse 7,1033,Tintenkiller Super Pirat (2er Pack),5,2.49,12.45,0
B00715,Klasse 7,1019,Borstenpinsel-Set (Größen 4/8/12),1,3.5,3.5,0
B00715,Klasse 7,1047,Wissenschaftlicher Taschenrechner Casio fx-87DE X,1,24.99,24.99,0
B00715,Klasse 7,1046,Ordner A4 breit 80mm schwarz,2,3.49,6.98,0
B00716,Klasse 10,1019,Borstenpinsel-Set (Größen 4/8/12),1,3.5,3.5,0
B00716,Klasse 10,1044,Fineliner 10er Set Stabilo Point 88,1,7.99,7.99,0
B00716,Klasse 10,1057,Textmarker-Set Pastell 6 Farben Stabilo Boss,1,6.99,6.99,0
B00716,Klasse 10,1018,Tuschkasten K12 (12 Farben),1,9.95,9.95,0
B00717,Klasse 5,1026,Vokabelheft A5 Lineatur 53 (32 Blatt),10,1.29,12.9,0
B00717,Klasse 5,1020,Haarpinsel-Set (Größen 2/6/10),1,3.99,3.99,0
B00717,Klasse 5,1017,Zeichenblock A3 (20 Blatt),1,2.49,2.49,0
B00717,Klasse 5,1036,Bleistift HB Grip 2001 Faber-Castell,2,1.5,3.0,0
B00717,Klasse 5,1033,Tintenkiller Super Pirat (2er Pack),3,2.49,7.47,0
B00718,Klasse 9,1030,Geodreieck 22 cm Griff transparent,1,2.1,2.1,0
B00718,Klasse 9,1042,Schnellhefter A4 Kunststoff orange,2,0.5,1.0,0
B00718,Klasse 9,1036,Bleistift HB Grip 2001 Faber-Castell,2,1.5,3.0,0
B00718,Klasse 9,1026,Vokabelheft A5 Lineatur 53 (32 Blatt),3,1.29,3.87,0
B00718,Klasse 9,1039,Schnellhefter A4 Kunststoff rot,1,0.5,0.5,0
B00718,Klasse 9,1025,Schulheft A4 kariert Lineatur 22 (16 Blatt),3,0.99,2.97,0
B00718,Klasse 9,1044,Fineliner 10er Set Stabilo Point 88,1,7.99,7.99,0
B00719,Klasse 7,1047,Wissenschaftlicher Taschenrechner Casio fx-87DE X,1,24.99,24.99,0
B00719,Klasse 7,1040,Schnellhefter A4 Kunststoff grün,3,0.5,1.5,0
B00719,Klasse 7,1041,Schnellhefter A4 Kunststoff gelb,5,0.5,2.5,0
B00719,Klasse 7,1024,Schulheft A4 liniert Lineatur 21 (16 Blatt),2,0.99,1.98,0
B00719,Klasse 7,1029,Geodreieck 16 cm transparent Aristo,1,1.2,1.2,0
B00720,Klasse 3,1005,Rechenheft A4 Lineatur 7 (7x7mm Kästchen),1,0.99,0.99,0
B00720,Klasse 3,1023,Hausaufgabenheft Grundschule A5,1,1.99,1.99,0
B00720,Klasse 3,1021,Knete-Unterlage Kunststoff A3,1,1.99,1.99,0
B00720,Klasse 3,1041,Schnellhefter A4 Kunststoff gelb,2,0.5,1.0,0
B00720,Klasse 3,1014,Doppelanspitzer Dose Trio Grip,1,2.99,2.99,0
B00720,Klasse 3,1038,Schnellhefter A4 Kunststoff blau,1,0.5,0.5,0
B00720,Klasse 3,1013,Klebestift Uhu Renature 21g,1,1.89,1.89,0
B00721,Klasse 6,1059,Karteikarten A7 liniert 100 Stück,1,1.49,1.49,0
B00721,Klasse 6,1044,Fineliner 10er Set Stabilo Point 88,1,7.99,7.99,0
B00721,Klasse 6,1046,Ordner A4 breit 80mm schwarz,2,3.49,6.98,0
B00721,Klasse 6,1020,Haarpinsel-Set (Größen 2/6/10),1,3.99,3.99,0
B00721,Klasse 6,1042,Schnellhefter A4 Kunststoff orange,1,0.5,0.5,0
B00722,Klasse 4,1008,Buntstifte 12er Set dreikant (dick),1,5.49,5.49,0
B00722,Klasse 4,1032,Tintenpatronen blau T10 (5er Pack),2,1.8,3.6,0
B00722,Klasse 4,1015,Radiergummi soft (für Bleistifte),1,0.8,0.8,0
B00722,Klasse 4,1004,Schulheft A4 Lineatur 4 (16 Blatt),3,0.99,2.97,0
B00722,Klasse 4,1024,Schulheft A4 liniert Lineatur 21 (16 Blatt),3,0.99,2.97,0
B00723,Klasse 3,1038,Schnellhefter A4 Kunststoff blau,2,0.5,1.0,0
B00723,Klasse 3,1018,Tuschkasten K12 (12 Farben),1,9.95,9.95,0
B00723,Klasse 3,1041,Schnellhefter A4 Kunststoff gelb,3,0.5,1.5,0
B00723,Klasse 3,1015,Radiergummi soft (für Bleistifte),1,0.8,0.8,0
B00723,Klasse 3,1042,Schnellhefter A4 Kunststoff orange,2,0.5,1.0,0
B00723,Klasse 3,1014,Doppelanspitzer Dose Trio Grip,1,2.99,2.99,0
B00724,Klasse 4,1019,Borstenpinsel-Set (Größen 4/8/12),1,3.5,3.5,0
B00724,Klasse 4,1032,Tintenpatronen blau T10 (5er Pack),3,1.8,5.4,0
B00724,Klasse 4,1045,Ringbuch A4 schmal 25mm,2,2.99,5.98,0
B00724,Klasse 4,1023,Hausaufgabenheft Grundschule A5,1,1.99,1.99,0
B00724,Klasse 4,1033,Tintenkiller Super Pirat (2er Pack),2,2.49,4.98,0
B00724,Klasse 4,1044,Fineliner 10er Set Stabilo Point 88,1,7.99,7.99,0
B00724,Klasse 4,1016,Sammelbox A4 Karton blau,2,2.49,4.98,0
B00724,Klasse 4,1017,Zeichenblock A3 (20 Blatt),1,2.49,2.49,0
B00724,Klasse 4,1006,Rechenheft A4 Lineatur 8 (5x5mm Kästchen),1,0.99,0.99,0
B00725,Klasse 6 & 12,1020,Haarpinsel-Set (Größen 2/6/10),1,3.99,3.99,1
B00725,Klasse 6 & 12,1018,Tuschkasten K12 (12 Farben),1,9.95,9.95,1
B00725,Klasse 6 & 12,1036,Bleistift HB Grip 2001 Faber-Castell,2,1.5,3.0,1
B00725,Klasse 6 & 12,1028,Collegeblock A4 liniert (80 Blatt),3,1.79,5.37,1
B00725,Klasse 6 & 12,1056,Kugelschreiber Grip 2011 M schwarz,5,4.5,22.5,1
B00725,Klasse 6 & 12,1045,Ringbuch A4 schmal 25mm,2,2.99,5.98,1
B00725,Klasse 6 & 12,1046,Ordner A4 breit 80mm schwarz,3,3.49,10.47,1
B00726,Klasse 2,1019,Borstenpinsel-Set (Größen 4/8/12),1,3.5,3.5,0
B00726,Klasse 2,1042,Schnellhefter A4 Kunststoff orange,2,0.5,1.0,0
B00726,Klasse 2,1008,Buntstifte 12er Set dreikant (dick),1,5.49,5.49,0
B00726,Klasse 2,1010,Knetmasse 10 Farben,1,3.49,3.49,0
B00726,Klasse 2,1014,Doppelanspitzer Dose Trio Grip,1,2.99,2.99,0
B00726,Klasse 2,1039,Schnellhefter A4 Kunststoff rot,2,0.5,1.0,0
B00727,Klasse 12,1056,Kugelschreiber Grip 2011 M schwarz,1,4.5,4.5,0
B00727,Klasse 12,1060,Prospekthüllen A4 transparent 100er Pack,1,3.99,3.99,0
B00727,Klasse 12,1058,Haftnotizen Post-it 76x76mm gelb,1,1.99,1.99,0
B00727,Klasse 12,1028,Collegeblock A4 liniert (80 Blatt),3,1.79,5.37,0
B00727,Klasse 12,1055,Kugelschreiber Grip 2011 M blau (dokumentenecht),1,4.5,4.5,0
B00728,Klasse 7,1037,Lineal 30cm Kunststoff transparent,1,1.1,1.1,0
B00728,Klasse 7,1025,Schulheft A4 kariert Lineatur 22 (16 Blatt),5,0.99,4.95,0
B00728,Klasse 7,1047,Wissenschaftlicher Taschenrechner Casio fx-87DE X,1,24.99,24.99,0
B00728,Klasse 7,1046,Ordner A4 breit 80mm schwarz,5,3.49,17.45,0
B00728,Klasse 7,1036,Bleistift HB Grip 2001 Faber-Castell,3,1.5,4.5,0
B00728,Klasse 7,1061,Tintenroller Pilot Frixion Ball 0.7 schwarz,3,3.29,9.87,0
B00728,Klasse 7,1029,Geodreieck 16 cm transparent Aristo,1,1.2,1.2,0
B00729,Klasse 8,1043,Textmarker-Set 4 Farben Stabilo Boss,1,4.99,4.99,0
B00729,Klasse 8,1045,Ringbuch A4 schmal 25mm,1,2.99,2.99,0
B00729,Klasse 8,1040,Schnellhefter A4 Kunststoff grün,3,0.5,1.5,0
B00729,Klasse 8,1060,Prospekthüllen A4 transparent 100er Pack,1,3.99,3.99,0
B00729,Klasse 8,1058,Haftnotizen Post-it 76x76mm gelb,1,1.99,1.99,0
B00729,Klasse 8,1020,Haarpinsel-Set (Größen 2/6/10),1,3.99,3.99,0
B00730,Klasse 4,1013,Klebestift Uhu Renature 21g,1,1.89,1.89,0
B00730,Klasse 4,1045,Ringbuch A4 schmal 25mm,2,2.99,5.98,0
B00730,Klasse 4,1008,Buntstifte 12er Set dreikant (dick),1,5.49,5.49,0
B00730,Klasse 4,1012,Bastelschere rund 13cm Linkshänder,1,2.2,2.2,0
B00730,Klasse 4,1011,Bastelschere rund 13cm Rechtshänder,1,2.2,2.2,0
B00731,Klasse 10,1043,Textmarker-Set 4 Farben Stabilo Boss,1,4.99,4.99,0
B00731,Klasse 10,1051,Grafikrechner Casio FX-CG50,1,119.0,119.0,0
B00731,Klasse 10,1044,Fineliner 10er Set Stabilo Point 88,1,7.99,7.99,0
B00731,Klasse 10,1040,Schnellhefter A4 Kunststoff grün,1,0.5,0.5,0
B00731,Klasse 10,1036,Bleistift HB Grip 2001 Faber-Castell,1,1.5,1.5,0
B00732,Klasse 4,1041,Schnellhefter A4 Kunststoff gelb,1,0.5,0.5,0
B00732,Klasse 4,1011,Bastelschere rund 13cm Rechtshänder,1,2.2,2.2,0
B00732,Klasse 4,1025,Schulheft A4 kariert Lineatur 22 (16 Blatt),2,0.99,1.98,0
B00732,Klasse 4,1031,Füllfederhalter Lamy Safari M,1,19.9,19.9,0
B00732,Klasse 4,1023,Hausaufgabenheft Grundschule A5,1,1.99,1.99,0
B00732,Klasse 4,1038,Schnellhefter A4 Kunststoff blau,2,0.5,1.0,0
B00733,Klasse 8,1019,Borstenpinsel-Set (Größen 4/8/12),1,3.5,3.5,0
B00733,Klasse 8,1055,Kugelschreiber Grip 2011 M blau (dokumentenecht),2,4.5,9.0,0
B00733,Klasse 8,1060,Prospekthüllen A4 transparent 100er Pack,1,3.99,3.99,0
B00734,Klasse 7,1041,Schnellhefter A4 Kunststoff gelb,3,0.5,1.5,0
B00734,Klasse 7,1036,Bleistift HB Grip 2001 Faber-Castell,2,1.5,3.0,0
B00734,Klasse 7,1060,Prospekthüllen A4 transparent 100er Pack,1,3.99,3.99,0
B00734,Klasse 7,1047,Wissenschaftlicher Taschenrechner Casio fx-87DE X,1,24.99,24.99,0
B00734,Klasse 7,1037,Lineal 30cm Kunststoff transparent,1,1.1,1.1,0
B00734,Klasse 7,1040,Schnellhefter A4 Kunststoff grün,2,0.5,1.0,0
B00735,Klasse 11,1060,Prospekthüllen A4 transparent 100er Pack,1,3.99,3.99,0
B00735,Klasse 11,1057,Textmarker-Set Pastell 6 Farben Stabilo Boss,1,6.99,6.99,0
B00735,Klasse 11,1049,Oxford Collegeblock A4 kariert (90g Papier),3,2.79,8.37,0
B00735,Klasse 11,1043,Textmarker-Set 4 Farben Stabilo Boss,1,4.99,4.99,0
B00735,Klasse 11,1036,Bleistift HB Grip 2001 Faber-Castell,3,1.5,4.5,0
B00736,Klasse 12,1053,Ringbucheinlagen A4 liniert 100 Blatt,3,2.29,6.87,0
B00736,Klasse 12,1058,Haftnotizen Post-it 76x76mm gelb,1,1.99,1.99,0
B00736,Klasse 12,1030,Geodreieck 22 cm Griff transparent,1,2.1,2.1,0
B00737,Klasse 4,1043,Textmarker-Set 4 Farben Stabilo Boss,1,4.99,4.99,0
B00737,Klasse 4,1023,Hausaufgabenheft Grundschule A5,1,1.99,1.99,0
B00737,Klasse 4,1039,Schnellhefter A4 Kunststoff rot,2,0.5,1.0,0
B00737,Klasse 4,1004,Schulheft A4 Lineatur 4 (16 Blatt),3,0.99,2.97,0
B00737,Klasse 4,1012,Bastelschere rund 13cm Linkshänder,1,2.2,2.2,0
B00737,Klasse 4,1017,Zeichenblock A3 (20 Blatt),1,2.49,2.49,0
B00737,Klasse 4,1014,Doppelanspitzer Dose Trio Grip,1,2.99,2.99,0
B00738,Klasse 7,1060,Prospekthüllen A4 transparent 100er Pack,1,3.99,3.99,0
B00738,Klasse 7,1039,Schnellhefter A4 Kunststoff rot,1,0.5,0.5,0
B00738,Klasse 7,1017,Zeichenblock A3 (20 Blatt),1,2.49,2.49,0
B00738,Klasse 7,1024,Schulheft A4 liniert Lineatur 21 (16 Blatt),3,0.99,2.97,0
B00739,Klasse 7,1026,Vokabelheft A5 Lineatur 53 (32 Blatt),5,1.29,6.45,0
B00739,Klasse 7,1039,Schnellhefter A4 Kunststoff rot,3,0.5,1.5,0
B00739,Klasse 7,1061,Tintenroller Pilot Frixion Ball 0.7 schwarz,2,3.29,6.58,0
B00739,Klasse 7,1045,Ringbuch A4 schmal 25mm,2,2.99,5.98,0
B00739,Klasse 7,1025,Schulheft A4 kariert Lineatur 22 (16 Blatt),5,0.99,4.95,0
B00739,Klasse 7,1027,Collegeblock A4 kariert (80 Blatt),3,1.79,5.37,0
B00739,Klasse 7,1015,Radiergummi soft (für Bleistifte),1,0.8,0.8,0
B00740,Klasse 7,1017,Zeichenblock A3 (20 Blatt),1,2.49,2.49,0
B00740,Klasse 7,1061,Tintenroller Pilot Frixion Ball 0.7 schwarz,2,3.29,6.58,0
B00740,Klasse 7,1040,Schnellhefter A4 Kunststoff grün,1,0.5,0.5,0
B00740,Klasse 7,1032,Tintenpatronen blau T10 (5er Pack),2,1.8,3.6,0
B00741,Klasse 10,1017,Zeichenblock A3 (20 Blatt),1,2.49,2.49,0
B00741,Klasse 10,1015,Radiergummi soft (für Bleistifte),1,0.8,0.8,0
B00741,Klasse 10,1061,Tintenroller Pilot Frixion Ball 0.7 schwarz,2,3.29,6.58,0
B00742,Klasse 11,1057,Textmarker-Set Pastell 6 Farben Stabilo Boss,1,6.99,6.99,0
B00742,Klasse 11,1051,Grafikrechner Casio FX-CG50,1,119.0,119.0,0
B00742,Klasse 11,1026,Vokabelheft A5 Lineatur 53 (32 Blatt),5,1.29,6.45,0
B00742,Klasse 11,1049,Oxford Collegeblock A4 kariert (90g Papier),2,2.79,5.58,0
B00742,Klasse 11,1050,Oxford Collegeblock A4 liniert (90g Papier),3,2.79,8.37,0
B00743,Klasse 12,1056,Kugelschreiber Grip 2011 M schwarz,2,4.5,9.0,0
B00743,Klasse 12,1029,Geodreieck 16 cm transparent Aristo,1,1.2,1.2,0
B00743,Klasse 12,1059,Karteikarten A7 liniert 100 Stück,1,1.49,1.49,0
B00743,Klasse 12,1036,Bleistift HB Grip 2001 Faber-Castell,5,1.5,7.5,0
B00743,Klasse 12,1053,Ringbucheinlagen A4 liniert 100 Blatt,3,2.29,6.87,0
B00744,Klasse 12,1049,Oxford Collegeblock A4 kariert (90g Papier),5,2.79,13.95,0
B00744,Klasse 12,1051,Grafikrechner Casio FX-CG50,1,119.0,119.0,0
B00744,Klasse 12,1052,Formelsammlung Mathematik/Physik/Chemie Duden,1,12.99,12.99,0
B00744,Klasse 12,1015,Radiergummi soft (für Bleistifte),1,0.8,0.8,0
B00745,Klasse 10,1018,Tuschkasten K12 (12 Farben),1,9.95,9.95,0
B00745,Klasse 10,1060,Prospekthüllen A4 transparent 100er Pack,1,3.99,3.99,0
B00745,Klasse 10,1039,Schnellhefter A4 Kunststoff rot,5,0.5,2.5,0
B00745,Klasse 10,1036,Bleistift HB Grip 2001 Faber-Castell,5,1.5,7.5,0
B00746,Klasse 3 & 10,1030,Geodreieck 22 cm Griff transparent,1,2.1,2.1,1
B00746,Klasse 3 & 10,1042,Schnellhefter A4 Kunststoff orange,2,0.5,1.0,1
B00746,Klasse 3 & 10,1014,Doppelanspitzer Dose Trio Grip,1,2.99,2.99,1
B00746,Klasse 3 & 10,1016,Sammelbox A4 Karton blau,1,2.49,2.49,1
B00746,Klasse 3 & 10,1019,Borstenpinsel-Set (Größen 4/8/12),1,3.5,3.5,1
B00746,Klasse 3 & 10,1008,Buntstifte 12er Set dreikant (dick),1,5.49,5.49,1
B00746,Klasse 3 & 10,1015,Radiergummi soft (für Bleistifte),1,0.8,0.8,1
B00747,Klasse 8 & 9,1029,Geodreieck 16 cm transparent Aristo,1,1.2,1.2,1
B00747,Klasse 8 & 9,1044,Fineliner 10er Set Stabilo Point 88,1,7.99,7.99,1
B00747,Klasse 8 & 9,1030,Geodreieck 22 cm Griff transparent,1,2.1,2.1,1
B00747,Klasse 8 & 9,1047,Wissenschaftlicher Taschenrechner Casio fx-87DE X,1,24.99,24.99,1
B00747,Klasse 8 & 9,1018,Tuschkasten K12 (12 Farben),1,9.95,9.95,1
B00747,Klasse 8 & 9,1035,Buntstifte 24er Set dreikant,1,8.99,8.99,1
B00747,Klasse 8 & 9,1037,Lineal 30cm Kunststoff transparent,1,1.1,1.1,1
B00747,Klasse 8 & 9,1046,Ordner A4 breit 80mm schwarz,2,3.49,6.98,1
B00748,Klasse 7,1015,Radiergummi soft (für Bleistifte),1,0.8,0.8,0
B00748,Klasse 7,1035,Buntstifte 24er Set dreikant,1,8.99,8.99,0
B00748,Klasse 7,1025,Schulheft A4 kariert Lineatur 22 (16 Blatt),5,0.99,4.95,0
B00748,Klasse 7,1032,Tintenpatronen blau T10 (5er Pack),5,1.8,9.0,0
B00748,Klasse 7,1026,Vokabelheft A5 Lineatur 53 (32 Blatt),5,1.29,6.45,0
B00749,Klasse 6,1059,Karteikarten A7 liniert 100 Stück,1,1.49,1.49,0
B00749,Klasse 6,1015,Radiergummi soft (für Bleistifte),1,0.8,0.8,0
B00749,Klasse 6,1043,Textmarker-Set 4 Farben Stabilo Boss,1,4.99,4.99,0
B00749,Klasse 6,1020,Haarpinsel-Set (Größen 2/6/10),1,3.99,3.99,0
B00749,Klasse 6,1034,Schulkompass Zirkel Staedtler,1,8.5,8.5,0
B00749,Klasse 6,1039,Schnellhefter A4 Kunststoff rot,3,0.5,1.5,0
B00750,Klasse 6,1041,Schnellhefter A4 Kunststoff gelb,2,0.5,1.0,0
B00750,Klasse 6,1040,Schnellhefter A4 Kunststoff grün,2,0.5,1.0,0
B00750,Klasse 6,1018,Tuschkasten K12 (12 Farben),1,9.95,9.95,0
B00751,Klasse 4,1008,Buntstifte 12er Set dreikant (dick),1,5.49,5.49,0
B00751,Klasse 4,1060,Prospekthüllen A4 transparent 100er Pack,1,3.99,3.99,0
B00751,Klasse 4,1004,Schulheft A4 Lineatur 4 (16 Blatt),3,0.99,2.97,0
B00751,Klasse 4,1036,Bleistift HB Grip 2001 Faber-Castell,2,1.5,3.0,0
B00751,Klasse 4,1039,Schnellhefter A4 Kunststoff rot,3,0.5,1.5,0
B00751,Klasse 4,1006,Rechenheft A4 Lineatur 8 (5x5mm Kästchen),5,0.99,4.95,0
B00752,Klasse 4,1012,Bastelschere rund 13cm Linkshänder,1,2.2,2.2,0
B00752,Klasse 4,1017,Zeichenblock A3 (20 Blatt),1,2.49,2.49,0
B00752,Klasse 4,1040,Schnellhefter A4 Kunststoff grün,3,0.5,1.5,0
B00752,Klasse 4,1019,Borstenpinsel-Set (Größen 4/8/12),1,3.5,3.5,0
B00752,Klasse 4,1020,Haarpinsel-Set (Größen 2/6/10),1,3.99,3.99,0
B00752,Klasse 4,1018,Tuschkasten K12 (12 Farben),1,9.95,9.95,0
B00752,Klasse 4,1038,Schnellhefter A4 Kunststoff blau,3,0.5,1.5,0
B00752,Klasse 4,1015,Radiergummi soft (für Bleistifte),1,0.8,0.8,0
B00753,Klasse 8,1035,Buntstifte 24er Set dreikant,1,8.99,8.99,0
B00753,Klasse 8,1046,Ordner A4 breit 80mm schwarz,2,3.49,6.98,0
B00753,Klasse 8,1038,Schnellhefter A4 Kunststoff blau,2,0.5,1.0,0
B00753,Klasse 8,1042,Schnellhefter A4 Kunststoff orange,3,0.5,1.5,0
B00754,Klasse 8,1039,Schnellhefter A4 Kunststoff rot,1,0.5,0.5,0
B00754,Klasse 8,1028,Collegeblock A4 liniert (80 Blatt),5,1.79,8.95,0
B00754,Klasse 8,1025,Schulheft A4 kariert Lineatur 22 (16 Blatt),2,0.99,1.98,0
B00755,Klasse 7,1020,Haarpinsel-Set (Größen 2/6/10),1,3.99,3.99,0
B00755,Klasse 7,1027,Collegeblock A4 kariert (80 Blatt),2,1.79,3.58,0
B00755,Klasse 7,1029,Geodreieck 16 cm transparent Aristo,1,1.2,1.2,0
B00755,Klasse 7,1043,Textmarker-Set 4 Farben Stabilo Boss,1,4.99,4.99,0
B00755,Klasse 7,1018,Tuschkasten K12 (12 Farben),1,9.95,9.95,0
B00755,Klasse 7,1028,Collegeblock A4 liniert (80 Blatt),3,1.79,5.37,0
B00755,Klasse 7,1035,Buntstifte 24er Set dreikant,1,8.99,8.99,0
B00756,Klasse 12,1051,Grafikrechner Casio FX-CG50,1,119.0,119.0,0
B00756,Klasse 12,1044,Fineliner 10er Set Stabilo Point 88,1,7.99,7.99,0
B00756,Klasse 12,1037,Lineal 30cm Kunststoff transparent,1,1.1,1.1,0
B00756,Klasse 12,1027,Collegeblock A4 kariert (80 Blatt),1,1.79,1.79,0
B00756,Klasse 12,1057,Textmarker-Set Pastell 6 Farben Stabilo Boss,1,6.99,6.99,0
B00757,Klasse 4,1008,Buntstifte 12er Set dreikant (dick),1,5.49,5.49,0
B00757,Klasse 4,1011,Bastelschere rund 13cm Rechtshänder,1,2.2,2.2,0
B00757,Klasse 4,1031,Füllfederhalter Lamy Safari M,1,19.9,19.9,0
B00757,Klasse 4,1027,Collegeblock A4 kariert (80 Blatt),10,1.79,17.9,0
B00757,Klasse 4,1018,Tuschkasten K12 (12 Farben),1,9.95,9.95,0
B00757,Klasse 4,1040,Schnellhefter A4 Kunststoff grün,2,0.5,1.0,0
B00757,Klasse 4,1016,Sammelbox A4 Karton blau,5,2.49,12.45,0
B00758,Klasse 8,1045,Ringbuch A4 schmal 25mm,1,2.99,2.99,0
B00758,Klasse 8,1043,Textmarker-Set 4 Farben Stabilo Boss,1,4.99,4.99,0
B00758,Klasse 8,1017,Zeichenblock A3 (20 Blatt),1,2.49,2.49,0
B00758,Klasse 8,1055,Kugelschreiber Grip 2011 M blau (dokumentenecht),1,4.5,4.5,0
B00758,Klasse 8,1042,Schnellhefter A4 Kunststoff orange,2,0.5,1.0,0
B00758,Klasse 8,1034,Schulkompass Zirkel Staedtler,1,8.5,8.5,0
B00758,Klasse 8,1056,Kugelschreiber Grip 2011 M schwarz,1,4.5,4.5,0
B00759,Klasse 6,1037,Lineal 30cm Kunststoff transparent,1,1.1,1.1,0
B00759,Klasse 6,1042,Schnellhefter A4 Kunststoff orange,5,0.5,2.5,0
B00759,Klasse 6,1026,Vokabelheft A5 Lineatur 53 (32 Blatt),5,1.29,6.45,0
B00760,Klasse 3,1016,Sammelbox A4 Karton blau,2,2.49,4.98,0
B00760,Klasse 3,1042,Schnellhefter A4 Kunststoff orange,3,0.5,1.5,0
B00760,Klasse 3,1041,Schnellhefter A4 Kunststoff gelb,1,0.5,0.5,0
B00760,Klasse 3,1014,Doppelanspitzer Dose Trio Grip,1,2.99,2.99,0
B00760,Klasse 3,1008,Buntstifte 12er Set dreikant (dick),1,5.49,5.49,0
B00760,Klasse 3,1022,Schreiblern-Füller Lamy ABC,1,14.5,14.5,0
B00761,Klasse 1,1005,Rechenheft A4 Lineatur 7 (7x7mm Kästchen),3,0.99,2.97,0
B00761,Klasse 1,1010,Knetmasse 10 Farben,1,3.49,3.49,0
B00761,Klasse 1,1016,Sammelbox A4 Karton blau,1,2.49,2.49,0
B00761,Klasse 1,1011,Bastelschere rund 13cm Rechtshänder,1,2.2,2.2,0
B00761,Klasse 1,1042,Schnellhefter A4 Kunststoff orange,3,0.5,1.5,0
B00761,Klasse 1,1019,Borstenpinsel-Set (Größen 4/8/12),1,3.5,3.5,0
B00762,Klasse 6,1035,Buntstifte 24er Set dreikant,1,8.99,8.99,0
B00762,Klasse 6,1060,Prospekthüllen A4 transparent 100er Pack,1,3.99,3.99,0
B00762,Klasse 6,1024,Schulheft A4 liniert Lineatur 21 (16 Blatt),3,0.99,2.97,0
B00762,Klasse 6,1037,Lineal 30cm Kunststoff transparent,1,1.1,1.1,0
B00762,Klasse 6,1031,Füllfederhalter Lamy Safari M,1,19.9,19.9,0
B00762,Klasse 6,1018,Tuschkasten K12 (12 Farben),1,9.95,9.95,0
B00763,Klasse 8,1045,Ringbuch A4 schmal 25mm,3,2.99,8.97,0
B00763,Klasse 8,1028,Collegeblock A4 liniert (80 Blatt),3,1.79,5.37,0
B00763,Klasse 8,1034,Schulkompass Zirkel Staedtler,1,8.5,8.5,0
B00763,Klasse 8,1019,Borstenpinsel-Set (Größen 4/8/12),1,3.5,3.5,0
B00763,Klasse 8,1041,Schnellhefter A4 Kunststoff gelb,3,0.5,1.5,0
B00763,Klasse 8,1025,Schulheft A4 kariert Lineatur 22 (16 Blatt),2,0.99,1.98,0
B00763,Klasse 8,1017,Zeichenblock A3 (20 Blatt),1,2.49,2.49,0
B00764,Klasse 11,1046,Ordner A4 breit 80mm schwarz,5,3.49,17.45,0
B00764,Klasse 11,1059,Karteikarten A7 liniert 100 Stück,1,1.49,1.49,0
B00764,Klasse 11,1041,Schnellhefter A4 Kunststoff gelb,2,0.5,1.0,0
B00764,Klasse 11,1027,Collegeblock A4 kariert (80 Blatt),2,1.79,3.58,0
B00764,Klasse 11,1034,Schulkompass Zirkel Staedtler,1,8.5,8.5,0
B00765,Klasse 9,1034,Schulkompass Zirkel Staedtler,1,8.5,8.5,0
B00765,Klasse 9,1061,Tintenroller Pilot Frixion Ball 0.7 schwarz,2,3.29,6.58,0
B00765,Klasse 9,1044,Fineliner 10er Set Stabilo Point 88,1,7.99,7.99,0
B00765,Klasse 9,1058,Haftnotizen Post-it 76x76mm gelb,1,1.99,1.99,0
B00765,Klasse 9,1032,Tintenpatronen blau T10 (5er Pack),2,1.8,3.6,0
B00765,Klasse 9,1025,Schulheft A4 kariert Lineatur 22 (16 Blatt),5,0.99,4.95,0
B00766,Klasse 4 & 9,1038,Schnellhefter A4 Kunststoff blau,1,0.5,0.5,1
B00766,Klasse 4 & 9,1056,Kugelschreiber Grip 2011 M schwarz,5,4.5,22.5,1
B00766,Klasse 4 & 9,1043,Textmarker-Set 4 Farben Stabilo Boss,1,4.99,4.99,1
B00766,Klasse 4 & 9,1041,Schnellhefter A4 Kunststoff gelb,2,0.5,1.0,1
B00766,Klasse 4 & 9,1018,Tuschkasten K12 (12 Farben),1,9.95,9.95,1
B00766,Klasse 4 & 9,1042,Schnellhefter A4 Kunststoff orange,3,0.5,1.5,1
B00766,Klasse 4 & 9,1024,Schulheft A4 liniert Lineatur 21 (16 Blatt),3,0.99,2.97,1
B00766,Klasse 4 & 9,1015,Radiergummi soft (für Bleistifte),1,0.8,0.8,1
B00766,Klasse 4 & 9,1020,Haarpinsel-Set (Größen 2/6/10),1,3.99,3.99,1
B00767,Klasse 7,1042,Schnellhefter A4 Kunststoff orange,2,0.5,1.0,0
B00767,Klasse 7,1037,Lineal 30cm Kunststoff transparent,1,1.1,1.1,0
B00767,Klasse 7,1048,Hausaufgabenheft A5 Classic,1,1.99,1.99,0
B00767,Klasse 7,1029,Geodreieck 16 cm transparent Aristo,1,1.2,1.2,0
B00767,Klasse 7,1019,Borstenpinsel-Set (Größen 4/8/12),1,3.5,3.5,0
B00768,Klasse 3,1016,Sammelbox A4 Karton blau,1,2.49,2.49,0
B00768,Klasse 3,1039,Schnellhefter A4 Kunststoff rot,2,0.5,1.0,0
B00768,Klasse 3,1003,Schreiblernheft A4 Lineatur 3 (16 Blatt),10,0.99,9.9,0
B00768,Klasse 3,1041,Schnellhefter A4 Kunststoff gelb,2,0.5,1.0,0
B00768,Klasse 3,1008,Buntstifte 12er Set dreikant (dick),1,5.49,5.49,0
B00769,Klasse 5,1032,Tintenpatronen blau T10 (5er Pack),2,1.8,3.6,0
B00769,Klasse 5,1043,Textmarker-Set 4 Farben Stabilo Boss,1,4.99,4.99,0
B00769,Klasse 5,1026,Vokabelheft A5 Lineatur 53 (32 Blatt),5,1.29,6.45,0
B00770,Klasse 12,1043,Textmarker-Set 4 Farben Stabilo Boss,1,4.99,4.99,0
B00770,Klasse 12,1054,Ringbucheinlagen A4 kariert 100 Blatt,10,2.29,22.9,0
B00770,Klasse 12,1024,Schulheft A4 liniert Lineatur 21 (16 Blatt),2,0.99,1.98,0
B00771,Klasse 7,1030,Geodreieck 22 cm Griff transparent,1,2.1,2.1,0
B00771,Klasse 7,1017,Zeichenblock A3 (20 Blatt),1,2.49,2.49,0
B00771,Klasse 7,1020,Haarpinsel-Set (Größen 2/6/10),1,3.99,3.99,0
B00771,Klasse 7,1038,Schnellhefter A4 Kunststoff blau,2,0.5,1.0,0
B00772,Klasse 2,1022,Schreiblern-Füller Lamy ABC,1,14.5,14.5,0
B00772,Klasse 2,1040,Schnellhefter A4 Kunststoff grün,1,0.5,0.5,0
B00772,Klasse 2,1015,Radiergummi soft (für Bleistifte),1,0.8,0.8,0
B00772,Klasse 2,1009,Wachsmalkreiden 12er Set (wasservermalbar),1,6.99,6.99,0
B00772,Klasse 2,1023,Hausaufgabenheft Grundschule A5,1,1.99,1.99,0
B00772,Klasse 2,1019,Borstenpinsel-Set (Größen 4/8/12),1,3.5,3.5,0
B00772,Klasse 2,1001,Schreiblernheft A4 Lineatur 1 (16 Blatt),3,0.99,2.97,0
B00772,Klasse 2,1007,Schreiblernbleistift Trio Grip (dick),2,1.99,3.98,0
B00773,Klasse 12,1037,Lineal 30cm Kunststoff transparent,1,1.1,1.1,0
B00773,Klasse 12,1044,Fineliner 10er Set Stabilo Point 88,1,7.99,7.99,0
B00774,Klasse 12,1055,Kugelschreiber Grip 2011 M blau (dokumentenecht),2,4.5,9.0,0
B00774,Klasse 12,1045,Ringbuch A4 schmal 25mm,2,2.99,5.98,0
B00775,Klasse 1,1002,Schreiblernheft A4 Lineatur 2 (16 Blatt),1,0.99,0.99,0
B00775,Klasse 1,1021,Knete-Unterlage Kunststoff A3,1,1.99,1.99,0
B00775,Klasse 1,1013,Klebestift Uhu Renature 21g,1,1.89,1.89,0
B00775,Klasse 1,1020,Haarpinsel-Set (Größen 2/6/10),1,3.99,3.99,0
B00775,Klasse 1,1039,Schnellhefter A4 Kunststoff rot,2,0.5,1.0,0
B00776,Klasse 10,1044,Fineliner 10er Set Stabilo Point 88,1,7.99,7.99,0
B00776,Klasse 10,1027,Collegeblock A4 kariert (80 Blatt),2,1.79,3.58,0
B00776,Klasse 10,1029,Geodreieck 16 cm transparent Aristo,1,1.2,1.2,0
B00776,Klasse 10,1039,Schnellhefter A4 Kunststoff rot,2,0.5,1.0,0
B00776,Klasse 10,1017,Zeichenblock A3 (20 Blatt),1,2.49,2.49,0
B00777,Klasse 10,1049,Oxford Collegeblock A4 kariert (90g Papier),5,2.79,13.95,0
B00777,Klasse 10,1050,Oxford Collegeblock A4 liniert (90g Papier),10,2.79,27.9,0
B00777,Klasse 10,1058,Haftnotizen Post-it 76x76mm gelb,1,1.99,1.99,0
B00778,Klasse 7,1015,Radiergummi soft (für Bleistifte),1,0.8,0.8,0
B00778,Klasse 7,1026,Vokabelheft A5 Lineatur 53 (32 Blatt),3,1.29,3.87,0
B00778,Klasse 7,1036,Bleistift HB Grip 2001 Faber-Castell,5,1.5,7.5,0
B00778,Klasse 7,1061,Tintenroller Pilot Frixion Ball 0.7 schwarz,2,3.29,6.58,0
B00778,Klasse 7,1031,Füllfederhalter Lamy Safari M,1,19.9,19.9,0
B00778,Klasse 7,1013,Klebestift Uhu Renature 21g,1,1.89,1.89,0
B00778,Klasse 7,1048,Hausaufgabenheft A5 Classic,1,1.99,1.99,0
B00779,Klasse 2,1015,Radiergummi soft (für Bleistifte),1,0.8,0.8,0
B00779,Klasse 2,1021,Knete-Unterlage Kunststoff A3,1,1.99,1.99,0
B00779,Klasse 2,1017,Zeichenblock A3 (20 Blatt),1,2.49,2.49,0
B00779,Klasse 2,1014,Doppelanspitzer Dose Trio Grip,1,2.99,2.99,0
B00779,Klasse 2,1038,Schnellhefter A4 Kunststoff blau,2,0.5,1.0,0
B00779,Klasse 2,1007,Schreiblernbleistift Trio Grip (dick),1,1.99,1.99,0
B00779,Klasse 2,1039,Schnellhefter A4 Kunststoff rot,3,0.5,1.5,0
B00779,Klasse 2,1020,Haarpinsel-Set (Größen 2/6/10),1,3.99,3.99,0
B00780,Klasse 5 & 8,1029,Geodreieck 16 cm transparent Aristo,1,1.2,1.2,1
B00780,Klasse 5 & 8,1043,Textmarker-Set 4 Farben Stabilo Boss,1,4.99,4.99,1
B00780,Klasse 5 & 8,1015,Radiergummi soft (für Bleistifte),1,0.8,0.8,1
B00780,Klasse 5 & 8,1039,Schnellhefter A4 Kunststoff rot,2,0.5,1.0,1
B00780,Klasse 5 & 8,1031,Füllfederhalter Lamy Safari M,1,19.9,19.9,1
B00780,Klasse 5 & 8,1041,Schnellhefter A4 Kunststoff gelb,1,0.5,0.5,1
B00780,Klasse 5 & 8,1020,Haarpinsel-Set (Größen 2/6/10),1,3.99,3.99,1
B00780,Klasse 5 & 8,1024,Schulheft A4 liniert Lineatur 21 (16 Blatt),2,0.99,1.98,1
B00780,Klasse 5 & 8,1056,Kugelschreiber Grip 2011 M schwarz,2,4.5,9.0,1
B00780,Klasse 5 & 8,1055,Kugelschreiber Grip 2011 M blau (dokumentenecht),2,4.5,9.0,1
B00781,Klasse 3,1012,Bastelschere rund 13cm Linkshänder,1,2.2,2.2,0
B00781,Klasse 3,1020,Haarpinsel-Set (Größen 2/6/10),1,3.99,3.99,0
B00781,Klasse 3,1003,Schreiblernheft A4 Lineatur 3 (16 Blatt),5,0.99,4.95,0
B00781,Klasse 3,1014,Doppelanspitzer Dose Trio Grip,1,2.99,2.99,0
B00781,Klasse 3,1040,Schnellhefter A4 Kunststoff grün,3,0.5,1.5,0
B00781,Klasse 3,1008,Buntstifte 12er Set dreikant (dick),1,5.49,5.49,0
B00781,Klasse 3,1015,Radiergummi soft (für Bleistifte),1,0.8,0.8,0
B00781,Klasse 3,1038,Schnellhefter A4 Kunststoff blau,3,0.5,1.5,0
B00782,Klasse 3,1041,Schnellhefter A4 Kunststoff gelb,5,0.5,2.5,0
B00782,Klasse 3,1038,Schnellhefter A4 Kunststoff blau,3,0.5,1.5,0
B00782,Klasse 3,1003,Schreiblernheft A4 Lineatur 3 (16 Blatt),5,0.99,4.95,0
B00782,Klasse 3,1012,Bastelschere rund 13cm Linkshänder,1,2.2,2.2,0
B00782,Klasse 3,1022,Schreiblern-Füller Lamy ABC,1,14.5,14.5,0
B00782,Klasse 3,1017,Zeichenblock A3 (20 Blatt),1,2.49,2.49,0
B00782,Klasse 3,1014,Doppelanspitzer Dose Trio Grip,1,2.99,2.99,0
B00783,Klasse 8,1043,Textmarker-Set 4 Farben Stabilo Boss,1,4.99,4.99,0
B00783,Klasse 8,1047,Wissenschaftlicher Taschenrechner Casio fx-87DE X,1,24.99,24.99,0
B00783,Klasse 8,1018,Tuschkasten K12 (12 Farben),1,9.95,9.95,0
B00783,Klasse 8,1048,Hausaufgabenheft A5 Classic,1,1.99,1.99,0
B00784,Klasse 7,1029,Geodreieck 16 cm transparent Aristo,1,1.2,1.2,0
B00784,Klasse 7,1015,Radiergummi soft (für Bleistifte),1,0.8,0.8,0
B00784,Klasse 7,1041,Schnellhefter A4 Kunststoff gelb,2,0.5,1.0,0
B00784,Klasse 7,1044,Fineliner 10er Set Stabilo Point 88,1,7.99,7.99,0
B00784,Klasse 7,1061,Tintenroller Pilot Frixion Ball 0.7 schwarz,1,3.29,3.29,0
B00784,Klasse 7,1043,Textmarker-Set 4 Farben Stabilo Boss,1,4.99,4.99,0
B00785,Klasse 12,1044,Fineliner 10er Set Stabilo Point 88,1,7.99,7.99,0
B00785,Klasse 12,1028,Collegeblock A4 liniert (80 Blatt),5,1.79,8.95,0
B00785,Klasse 12,1037,Lineal 30cm Kunststoff transparent,1,1.1,1.1,0
B00786,Klasse 2,1041,Schnellhefter A4 Kunststoff gelb,3,0.5,1.5,0
B00786,Klasse 2,1010,Knetmasse 10 Farben,1,3.49,3.49,0
B00786,Klasse 2,1016,Sammelbox A4 Karton blau,3,2.49,7.47,0
B00786,Klasse 2,1012,Bastelschere rund 13cm Linkshänder,1,2.2,2.2,0
B00787,Klasse 8,1024,Schulheft A4 liniert Lineatur 21 (16 Blatt),3,0.99,2.97,0
B00787,Klasse 8,1061,Tintenroller Pilot Frixion Ball 0.7 schwarz,5,3.29,16.45,0
B00787,Klasse 8,1032,Tintenpatronen blau T10 (5er Pack),3,1.8,5.4,0
B00787,Klasse 8,1042,Schnellhefter A4 Kunststoff orange,2,0.5,1.0,0
B00788,Klasse 11,1029,Geodreieck 16 cm transparent Aristo,1,1.2,1.2,0
B00788,Klasse 11,1046,Ordner A4 breit 80mm schwarz,1,3.49,3.49,0
B00788,Klasse 11,1027,Collegeblock A4 kariert (80 Blatt),1,1.79,1.79,0
B00789,Klasse 3,1031,Füllfederhalter Lamy Safari M,1,19.9,19.9,0
B00789,Klasse 3,1017,Zeichenblock A3 (20 Blatt),1,2.49,2.49,0
B00789,Klasse 3,1006,Rechenheft A4 Lineatur 8 (5x5mm Kästchen),2,0.99,1.98,0
B00789,Klasse 3,1019,Borstenpinsel-Set (Größen 4/8/12),1,3.5,3.5,0
B00789,Klasse 3,1015,Radiergummi soft (für Bleistifte),1,0.8,0.8,0
B00789,Klasse 3,1003,Schreiblernheft A4 Lineatur 3 (16 Blatt),3,0.99,2.97,0
B00789,Klasse 3,1038,Schnellhefter A4 Kunststoff blau,2,0.5,1.0,0
B00789,Klasse 3,1036,Bleistift HB Grip 2001 Faber-Castell,3,1.5,4.5,0
B00789,Klasse 3,1008,Buntstifte 12er Set dreikant (dick),1,5.49,5.49,0
B00790,Klasse 6,1019,Borstenpinsel-Set (Größen 4/8/12),1,3.5,3.5,0
B00790,Klasse 6,1032,Tintenpatronen blau T10 (5er Pack),1,1.8,1.8,0
B00790,Klasse 6,1036,Bleistift HB Grip 2001 Faber-Castell,2,1.5,3.0,0
B00790,Klasse 6,1040,Schnellhefter A4 Kunststoff grün,2,0.5,1.0,0
B00791,Klasse 1,1011,Bastelschere rund 13cm Rechtshänder,1,2.2,2.2,0
B00791,Klasse 1,1023,Hausaufgabenheft Grundschule A5,1,1.99,1.99,0
B00791,Klasse 1,1010,Knetmasse 10 Farben,1,3.49,3.49,0
B00791,Klasse 1,1018,Tuschkasten K12 (12 Farben),1,9.95,9.95,0
B00791,Klasse 1,1017,Zeichenblock A3 (20 Blatt),1,2.49,2.49,0
B00791,Klasse 1,1040,Schnellhefter A4 Kunststoff grün,2,0.5,1.0,0
B00791,Klasse 1,1039,Schnellhefter A4 Kunststoff rot,3,0.5,1.5,0
B00792,Klasse 5,1039,Schnellhefter A4 Kunststoff rot,2,0.5,1.0,0
B00792,Klasse 5,1027,Collegeblock A4 kariert (80 Blatt),5,1.79,8.95,0
B00792,Klasse 5,1037,Lineal 30cm Kunststoff transparent,1,1.1,1.1,0
B00792,Klasse 5,1035,Buntstifte 24er Set dreikant,1,8.99,8.99,0
B00792,Klasse 5,1014,Doppelanspitzer Dose Trio Grip,1,2.99,2.99,0
B00793,Klasse 9,1059,Karteikarten A7 liniert 100 Stück,1,1.49,1.49,0
B00793,Klasse 9,1028,Collegeblock A4 liniert (80 Blatt),5,1.79,8.95,0
B00793,Klasse 9,1042,Schnellhefter A4 Kunststoff orange,1,0.5,0.5,0
B00793,Klasse 9,1033,Tintenkiller Super Pirat (2er Pack),5,2.49,12.45,0
B00793,Klasse 9,1026,Vokabelheft A5 Lineatur 53 (32 Blatt),3,1.29,3.87,0
B00793,Klasse 9,1027,Collegeblock A4 kariert (80 Blatt),1,1.79,1.79,0
B00794,Klasse 5,1033,Tintenkiller Super Pirat (2er Pack),2,2.49,4.98,0
B00794,Klasse 5,1044,Fineliner 10er Set Stabilo Point 88,1,7.99,7.99,0
B00794,Klasse 5,1036,Bleistift HB Grip 2001 Faber-Castell,5,1.5,7.5,0
B00794,Klasse 5,1045,Ringbuch A4 schmal 25mm,3,2.99,8.97,0
B00795,Klasse 1,1038,Schnellhefter A4 Kunststoff blau,2,0.5,1.0,0
B00795,Klasse 1,1001,Schreiblernheft A4 Lineatur 1 (16 Blatt),3,0.99,2.97,0
B00795,Klasse 1,1039,Schnellhefter A4 Kunststoff rot,3,0.5,1.5,0
B00795,Klasse 1,1041,Schnellhefter A4 Kunststoff gelb,3,0.5,1.5,0
B00795,Klasse 1,1022,Schreiblern-Füller Lamy ABC,1,14.5,14.5,0
B00795,Klasse 1,1014,Doppelanspitzer Dose Trio Grip,1,2.99,2.99,0
B00795,Klasse 1,1042,Schnellhefter A4 Kunststoff orange,3,0.5,1.5,0
B00796,Klasse 3,1020,Haarpinsel-Set (Größen 2/6/10),1,3.99,3.99,0
B00796,Klasse 3,1006,Rechenheft A4 Lineatur 8 (5x5mm Kästchen),5,0.99,4.95,0
B00796,Klasse 3,1017,Zeichenblock A3 (20 Blatt),1,2.49,2.49,0
B00796,Klasse 3,1040,Schnellhefter A4 Kunststoff grün,2,0.5,1.0,0
B00796,Klasse 3,1041,Schnellhefter A4 Kunststoff gelb,5,0.5,2.5,0
B00797,Klasse 5,1031,Füllfederhalter Lamy Safari M,1,19.9,19.9,0
B00797,Klasse 5,1040,Schnellhefter A4 Kunststoff grün,1,0.5,0.5,0
B00797,Klasse 5,1026,Vokabelheft A5 Lineatur 53 (32 Blatt),5,1.29,6.45,0
B00797,Klasse 5,1042,Schnellhefter A4 Kunststoff orange,5,0.5,2.5,0
B00798,Klasse 2,1008,Buntstifte 12er Set dreikant (dick),1,5.49,5.49,0
B00798,Klasse 2,1007,Schreiblernbleistift Trio Grip (dick),3,1.99,5.97,0
B00798,Klasse 2,1009,Wachsmalkreiden 12er Set (wasservermalbar),1,6.99,6.99,0
B00798,Klasse 2,1015,Radiergummi soft (für Bleistifte),1,0.8,0.8,0
B00799,Klasse 6,1048,Hausaufgabenheft A5 Classic,1,1.99,1.99,0
B00799,Klasse 6,1045,Ringbuch A4 schmal 25mm,2,2.99,5.98,0
B00799,Klasse 6,1015,Radiergummi soft (für Bleistifte),1,0.8,0.8,0
B00799,Klasse 6,1043,Textmarker-Set 4 Farben Stabilo Boss,1,4.99,4.99,0
B00799,Klasse 6,1013,Klebestift Uhu Renature 21g,1,1.89,1.89,0
B00799,Klasse 6,1034,Schulkompass Zirkel Staedtler,1,8.5,8.5,0
B00800,Klasse 5,1024,Schulheft A4 liniert Lineatur 21 (16 Blatt),3,0.99,2.97,0
B00800,Klasse 5,1043,Textmarker-Set 4 Farben Stabilo Boss,1,4.99,4.99,0
B00800,Klasse 5,1045,Ringbuch A4 schmal 25mm,3,2.99,8.97,0
B00800,Klasse 5,1013,Klebestift Uhu Renature 21g,1,1.89,1.89,0
B00800,Klasse 5,1015,Radiergummi soft (für Bleistifte),1,0.8,0.8,0
B00800,Klasse 5,1017,Zeichenblock A3 (20 Blatt),1,2.49,2.49,0
B00801,Klasse 2,1038,Schnellhefter A4 Kunststoff blau,2,0.5,1.0,0
B00801,Klasse 2,1007,Schreiblernbleistift Trio Grip (dick),2,1.99,3.98,0
B00801,Klasse 2,1010,Knetmasse 10 Farben,1,3.49,3.49,0
B00801,Klasse 2,1023,Hausaufgabenheft Grundschule A5,1,1.99,1.99,0
B00801,Klasse 2,1016,Sammelbox A4 Karton blau,2,2.49,4.98,0
B00801,Klasse 2,1022,Schreiblern-Füller Lamy ABC,1,14.5,14.5,0
B00801,Klasse 2,1005,Rechenheft A4 Lineatur 7 (7x7mm Kästchen),3,0.99,2.97,0
B00801,Klasse 2,1041,Schnellhefter A4 Kunststoff gelb,2,0.5,1.0,0
B00802,Klasse 11,1058,Haftnotizen Post-it 76x76mm gelb,1,1.99,1.99,0
B00802,Klasse 11,1046,Ordner A4 breit 80mm schwarz,2,3.49,6.98,0
B00802,Klasse 11,1051,Grafikrechner Casio FX-CG50,1,119.0,119.0,0
B00803,Klasse 12,1046,Ordner A4 breit 80mm schwarz,2,3.49,6.98,0
B00803,Klasse 12,1052,Formelsammlung Mathematik/Physik/Chemie Duden,1,12.99,12.99,0
B00804,Klasse 9,1028,Collegeblock A4 liniert (80 Blatt),1,1.79,1.79,0
B00804,Klasse 9,1032,Tintenpatronen blau T10 (5er Pack),2,1.8,3.6,0
B00804,Klasse 9,1020,Haarpinsel-Set (Größen 2/6/10),1,3.99,3.99,0
B00804,Klasse 9,1057,Textmarker-Set Pastell 6 Farben Stabilo Boss,1,6.99,6.99,0
B00804,Klasse 9,1036,Bleistift HB Grip 2001 Faber-Castell,2,1.5,3.0,0
B00805,Klasse 6,1037,Lineal 30cm Kunststoff transparent,1,1.1,1.1,0
B00805,Klasse 6,1060,Prospekthüllen A4 transparent 100er Pack,1,3.99,3.99,0
B00805,Klasse 6,1041,Schnellhefter A4 Kunststoff gelb,2,0.5,1.0,0
B00806,Klasse 4,1014,Doppelanspitzer Dose Trio Grip,1,2.99,2.99,0
B00806,Klasse 4,1041,Schnellhefter A4 Kunststoff gelb,1,0.5,0.5,0
B00806,Klasse 4,1044,Fineliner 10er Set Stabilo Point 88,1,7.99,7.99,0
B00806,Klasse 4,1004,Schulheft A4 Lineatur 4 (16 Blatt),3,0.99,2.97,0
B00806,Klasse 4,1016,Sammelbox A4 Karton blau,2,2.49,4.98,0
B00806,Klasse 4,1011,Bastelschere rund 13cm Rechtshänder,1,2.2,2.2,0
B00807,Klasse 11,1040,Schnellhefter A4 Kunststoff grün,2,0.5,1.0,0
B00807,Klasse 11,1050,Oxford Collegeblock A4 liniert (90g Papier),5,2.79,13.95,0
B00807,Klasse 11,1049,Oxford Collegeblock A4 kariert (90g Papier),5,2.79,13.95,0
B00807,Klasse 11,1046,Ordner A4 breit 80mm schwarz,2,3.49,6.98,0
B00807,Klasse 11,1057,Textmarker-Set Pastell 6 Farben Stabilo Boss,1,6.99,6.99,0
B00808,Klasse 10,1059,Karteikarten A7 liniert 100 Stück,1,1.49,1.49,0
B00808,Klasse 10,1049,Oxford Collegeblock A4 kariert (90g Papier),10,2.79,27.9,0
B00808,Klasse 10,1034,Schulkompass Zirkel Staedtler,1,8.5,8.5,0
B00808,Klasse 10,1051,Grafikrechner Casio FX-CG50,1,119.0,119.0,0
B00809,Klasse 9,1055,Kugelschreiber Grip 2011 M blau (dokumentenecht),2,4.5,9.0,0
B00809,Klasse 9,1003,Schreiblernheft A4 Lineatur 3 (16 Blatt),5,0.99,4.95,0
B00809,Klasse 9,1041,Schnellhefter A4 Kunststoff gelb,1,0.5,0.5,0
B00809,Klasse 9,1033,Tintenkiller Super Pirat (2er Pack),1,2.49,2.49,0
B00809,Klasse 9,1054,Ringbucheinlagen A4 kariert 100 Blatt,2,2.29,4.58,0
B00809,Klasse 9,1045,Ringbuch A4 schmal 25mm,2,2.99,5.98,0
B00809,Klasse 9,1058,Haftnotizen Post-it 76x76mm gelb,1,1.99,1.99,0
B00810,Klasse 3,1016,Sammelbox A4 Karton blau,2,2.49,4.98,0
B00810,Klasse 3,1013,Klebestift Uhu Renature 21g,1,1.89,1.89,0
B00810,Klasse 3,1011,Bastelschere rund 13cm Rechtshänder,1,2.2,2.2,0
B00810,Klasse 3,1018,Tuschkasten K12 (12 Farben),1,9.95,9.95,0
B00810,Klasse 3,1009,Wachsmalkreiden 12er Set (wasservermalbar),1,6.99,6.99,0
B00811,Klasse 3,1023,Hausaufgabenheft Grundschule A5,1,1.99,1.99,0
B00811,Klasse 3,1013,Klebestift Uhu Renature 21g,1,1.89,1.89,0
B00811,Klasse 3,1039,Schnellhefter A4 Kunststoff rot,3,0.5,1.5,0
B00811,Klasse 3,1016,Sammelbox A4 Karton blau,3,2.49,7.47,0
B00811,Klasse 3,1008,Buntstifte 12er Set dreikant (dick),1,5.49,5.49,0
B00812,Klasse 6,1048,Hausaufgabenheft A5 Classic,1,1.99,1.99,0
B00812,Klasse 6,1045,Ringbuch A4 schmal 25mm,3,2.99,8.97,0
B00812,Klasse 6,1026,Vokabelheft A5 Lineatur 53 (32 Blatt),2,1.29,2.58,0
B00812,Klasse 6,1038,Schnellhefter A4 Kunststoff blau,3,0.5,1.5,0
B00812,Klasse 6,1032,Tintenpatronen blau T10 (5er Pack),2,1.8,3.6,0
B00812,Klasse 6,1031,Füllfederhalter Lamy Safari M,1,19.9,19.9,0
B00813,Klasse 7,1020,Haarpinsel-Set (Größen 2/6/10),1,3.99,3.99,0
B00813,Klasse 7,1037,Lineal 30cm Kunststoff transparent,1,1.1,1.1,0
B00813,Klasse 7,1044,Fineliner 10er Set Stabilo Point 88,1,7.99,7.99,0
B00813,Klasse 7,1029,Geodreieck 16 cm transparent Aristo,1,1.2,1.2,0
B00813,Klasse 7,1059,Karteikarten A7 liniert 100 Stück,1,1.49,1.49,0
B00814,Klasse 5 & 6,1033,Tintenkiller Super Pirat (2er Pack),1,2.49,2.49,1
B00814,Klasse 5 & 6,1045,Ringbuch A4 schmal 25mm,2,2.99,5.98,1
B00814,Klasse 5 & 6,1035,Buntstifte 24er Set dreikant,1,8.99,8.99,1
B00814,Klasse 5 & 6,1026,Vokabelheft A5 Lineatur 53 (32 Blatt),5,1.29,6.45,1
B00814,Klasse 5 & 6,1027,Collegeblock A4 kariert (80 Blatt),3,1.79,5.37,1
B00814,Klasse 5 & 6,1019,Borstenpinsel-Set (Größen 4/8/12),1,3.5,3.5,1
B00814,Klasse 5 & 6,1060,Prospekthüllen A4 transparent 100er Pack,1,3.99,3.99,1
B00814,Klasse 5 & 6,1032,Tintenpatronen blau T10 (5er Pack),1,1.8,1.8,1
B00814,Klasse 5 & 6,1018,Tuschkasten K12 (12 Farben),1,9.95,9.95,1
B00815,Klasse 12,1027,Collegeblock A4 kariert (80 Blatt),2,1.79,3.58,0
B00815,Klasse 12,1051,Grafikrechner Casio FX-CG50,1,119.0,119.0,0
B00816,Klasse 11,1029,Geodreieck 16 cm transparent Aristo,1,1.2,1.2,0
B00816,Klasse 11,1027,Collegeblock A4 kariert (80 Blatt),10,1.79,17.9,0
B00817,Klasse 6,1027,Collegeblock A4 kariert (80 Blatt),1,1.79,1.79,0
B00817,Klasse 6,1032,Tintenpatronen blau T10 (5er Pack),2,1.8,3.6,0
B00817,Klasse 6,1018,Tuschkasten K12 (12 Farben),1,9.95,9.95,0
B00817,Klasse 6,1048,Hausaufgabenheft A5 Classic,1,1.99,1.99,0
B00818,Klasse 10,1038,Schnellhefter A4 Kunststoff blau,3,0.5,1.5,0
B00818,Klasse 10,1060,Prospekthüllen A4 transparent 100er Pack,1,3.99,3.99,0
B00818,Klasse 10,1032,Tintenpatronen blau T10 (5er Pack),2,1.8,3.6,0
B00818,Klasse 10,1029,Geodreieck 16 cm transparent Aristo,1,1.2,1.2,0
B00819,Klasse 2,1042,Schnellhefter A4 Kunststoff orange,2,0.5,1.0,0
B00819,Klasse 2,1039,Schnellhefter A4 Kunststoff rot,2,0.5,1.0,0
B00819,Klasse 2,1021,Knete-Unterlage Kunststoff A3,1,1.99,1.99,0
B00819,Klasse 2,1023,Hausaufgabenheft Grundschule A5,1,1.99,1.99,0
B00819,Klasse 2,1019,Borstenpinsel-Set (Größen 4/8/12),1,3.5,3.5,0
B00819,Klasse 2,1038,Schnellhefter A4 Kunststoff blau,2,0.5,1.0,0
B00819,Klasse 2,1012,Bastelschere rund 13cm Linkshänder,1,2.2,2.2,0
B00819,Klasse 2,1014,Doppelanspitzer Dose Trio Grip,1,2.99,2.99,0
B00820,Klasse 6 & 11,1060,Prospekthüllen A4 transparent 100er Pack,1,3.99,3.99,1
B00820,Klasse 6 & 11,1036,Bleistift HB Grip 2001 Faber-Castell,5,1.5,7.5,1
B00820,Klasse 6 & 11,1024,Schulheft A4 liniert Lineatur 21 (16 Blatt),5,0.99,4.95,1
B00820,Klasse 6 & 11,1035,Buntstifte 24er Set dreikant,1,8.99,8.99,1
B00820,Klasse 6 & 11,1059,Karteikarten A7 liniert 100 Stück,1,1.49,1.49,1
B00820,Klasse 6 & 11,1053,Ringbucheinlagen A4 liniert 100 Blatt,3,2.29,6.87,1
B00820,Klasse 6 & 11,1030,Geodreieck 22 cm Griff transparent,1,2.1,2.1,1
B00821,Klasse 4,1004,Schulheft A4 Lineatur 4 (16 Blatt),2,0.99,1.98,0
B00821,Klasse 4,1023,Hausaufgabenheft Grundschule A5,1,1.99,1.99,0
B00821,Klasse 4,1041,Schnellhefter A4 Kunststoff gelb,3,0.5,1.5,0
B00821,Klasse 4,1017,Zeichenblock A3 (20 Blatt),1,2.49,2.49,0
B00821,Klasse 4,1006,Rechenheft A4 Lineatur 8 (5x5mm Kästchen),2,0.99,1.98,0
B00821,Klasse 4,1020,Haarpinsel-Set (Größen 2/6/10),1,3.99,3.99,0
B00821,Klasse 4,1016,Sammelbox A4 Karton blau,3,2.49,7.47,0
B00822,Klasse 4,1016,Sammelbox A4 Karton blau,2,2.49,4.98,0
B00822,Klasse 4,1020,Haarpinsel-Set (Größen 2/6/10),1,3.99,3.99,0
B00822,Klasse 4,1031,Füllfederhalter Lamy Safari M,1,19.9,19.9,0
B00822,Klasse 4,1033,Tintenkiller Super Pirat (2er Pack),2,2.49,4.98,0
B00822,Klasse 4,1046,Ordner A4 breit 80mm schwarz,3,3.49,10.47,0
B00822,Klasse 4,1011,Bastelschere rund 13cm Rechtshänder,1,2.2,2.2,0
B00822,Klasse 4,1038,Schnellhefter A4 Kunststoff blau,3,0.5,1.5,0
B00823,Klasse 7,1042,Schnellhefter A4 Kunststoff orange,2,0.5,1.0,0
B00823,Klasse 7,1043,Textmarker-Set 4 Farben Stabilo Boss,1,4.99,4.99,0
B00823,Klasse 7,1050,Oxford Collegeblock A4 liniert (90g Papier),3,2.79,8.37,0
B00823,Klasse 7,1061,Tintenroller Pilot Frixion Ball 0.7 schwarz,2,3.29,6.58,0
B00823,Klasse 7,1036,Bleistift HB Grip 2001 Faber-Castell,2,1.5,3.0,0
B00823,Klasse 7,1033,Tintenkiller Super Pirat (2er Pack),1,2.49,2.49,0
B00824,Klasse 6,1034,Schulkompass Zirkel Staedtler,1,8.5,8.5,0
B00824,Klasse 6,1032,Tintenpatronen blau T10 (5er Pack),2,1.8,3.6,0
B00824,Klasse 6,1026,Vokabelheft A5 Lineatur 53 (32 Blatt),2,1.29,2.58,0
B00824,Klasse 6,1044,Fineliner 10er Set Stabilo Point 88,1,7.99,7.99,0
B00824,Klasse 6,1041,Schnellhefter A4 Kunststoff gelb,3,0.5,1.5,0
B00824,Klasse 6,1042,Schnellhefter A4 Kunststoff orange,2,0.5,1.0,0
B00825,Klasse 10,1027,Collegeblock A4 kariert (80 Blatt),5,1.79,8.95,0
B00825,Klasse 10,1043,Textmarker-Set 4 Farben Stabilo Boss,1,4.99,4.99,0
B00825,Klasse 10,1008,Buntstifte 12er Set dreikant (dick),1,5.49,5.49,0
B00825,Klasse 10,1030,Geodreieck 22 cm Griff transparent,1,2.1,2.1,0
B00826,Klasse 8,1046,Ordner A4 breit 80mm schwarz,2,3.49,6.98,0
B00826,Klasse 8,1037,Lineal 30cm Kunststoff transparent,1,1.1,1.1,0
B00826,Klasse 8,1017,Zeichenblock A3 (20 Blatt),1,2.49,2.49,0
B00826,Klasse 8,1015,Radiergummi soft (für Bleistifte),1,0.8,0.8,0
B00827,Klasse 1,1009,Wachsmalkreiden 12er Set (wasservermalbar),1,6.99,6.99,0
B00827,Klasse 1,1038,Schnellhefter A4 Kunststoff blau,1,0.5,0.5,0
B00827,Klasse 1,1016,Sammelbox A4 Karton blau,3,2.49,7.47,0
B00827,Klasse 1,1040,Schnellhefter A4 Kunststoff grün,3,0.5,1.5,0
B00827,Klasse 1,1008,Buntstifte 12er Set dreikant (dick),1,5.49,5.49,0
B00827,Klasse 1,1023,Hausaufgabenheft Grundschule A5,1,1.99,1.99,0
B00827,Klasse 1,1041,Schnellhefter A4 Kunststoff gelb,1,0.5,0.5,0
B00827,Klasse 1,1007,Schreiblernbleistift Trio Grip (dick),2,1.99,3.98,0
B00828,Klasse 3,1023,Hausaufgabenheft Grundschule A5,1,1.99,1.99,0
B00828,Klasse 3,1017,Zeichenblock A3 (20 Blatt),1,2.49,2.49,0
B00828,Klasse 3,1039,Schnellhefter A4 Kunststoff rot,1,0.5,0.5,0
B00828,Klasse 3,1013,Klebestift Uhu Renature 21g,1,1.89,1.89,0
B00828,Klasse 3,1032,Tintenpatronen blau T10 (5er Pack),1,1.8,1.8,0
B00829,Klasse 6 & 10,1056,Kugelschreiber Grip 2011 M schwarz,5,4.5,22.5,1
B00829,Klasse 6 & 10,1020,Haarpinsel-Set (Größen 2/6/10),1,3.99,3.99,1
B00829,Klasse 6 & 10,1057,Textmarker-Set Pastell 6 Farben Stabilo Boss,1,6.99,6.99,1
B00829,Klasse 6 & 10,1039,Schnellhefter A4 Kunststoff rot,3,0.5,1.5,1
B00829,Klasse 6 & 10,1024,Schulheft A4 liniert Lineatur 21 (16 Blatt),5,0.99,4.95,1
B00829,Klasse 6 & 10,1015,Radiergummi soft (für Bleistifte),1,0.8,0.8,1
B00829,Klasse 6 & 10,1013,Klebestift Uhu Renature 21g,1,1.89,1.89,1
B00829,Klasse 6 & 10,1041,Schnellhefter A4 Kunststoff gelb,1,0.5,0.5,1
B00830,Klasse 3,1023,Hausaufgabenheft Grundschule A5,1,1.99,1.99,0
B00830,Klasse 3,1020,Haarpinsel-Set (Größen 2/6/10),1,3.99,3.99,0
B00830,Klasse 3,1012,Bastelschere rund 13cm Linkshänder,1,2.2,2.2,0
B00830,Klasse 3,1003,Schreiblernheft A4 Lineatur 3 (16 Blatt),3,0.99,2.97,0
B00830,Klasse 3,1010,Knetmasse 10 Farben,1,3.49,3.49,0
B00830,Klasse 3,1011,Bastelschere rund 13cm Rechtshänder,1,2.2,2.2,0
B00830,Klasse 3,1006,Rechenheft A4 Lineatur 8 (5x5mm Kästchen),5,0.99,4.95,0
B00830,Klasse 3,1017,Zeichenblock A3 (20 Blatt),1,2.49,2.49,0
B00830,Klasse 3,1039,Schnellhefter A4 Kunststoff rot,3,0.5,1.5,0
B00831,Klasse 1 & 8,1029,Geodreieck 16 cm transparent Aristo,1,1.2,1.2,1
B00831,Klasse 1 & 8,1034,Schulkompass Zirkel Staedtler,1,8.5,8.5,1
B00831,Klasse 1 & 8,1040,Schnellhefter A4 Kunststoff grün,2,0.5,1.0,1
B00831,Klasse 1 & 8,1046,Ordner A4 breit 80mm schwarz,1,3.49,3.49,1
B00831,Klasse 1 & 8,1039,Schnellhefter A4 Kunststoff rot,2,0.5,1.0,1
B00831,Klasse 1 & 8,1023,Hausaufgabenheft Grundschule A5,1,1.99,1.99,1
B00831,Klasse 1 & 8,1005,Rechenheft A4 Lineatur 7 (7x7mm Kästchen),5,0.99,4.95,1
B00831,Klasse 1 & 8,1041,Schnellhefter A4 Kunststoff gelb,1,0.5,0.5,1
B00831,Klasse 1 & 8,1009,Wachsmalkreiden 12er Set (wasservermalbar),1,6.99,6.99,1
B00831,Klasse 1 & 8,1013,Klebestift Uhu Renature 21g,1,1.89,1.89,1
B00831,Klasse 1 & 8,1001,Schreiblernheft A4 Lineatur 1 (16 Blatt),3,0.99,2.97,1
B00831,Klasse 1 & 8,1038,Schnellhefter A4 Kunststoff blau,2,0.5,1.0,1
B00832,Klasse 1,1039,Schnellhefter A4 Kunststoff rot,2,0.5,1.0,0
B00832,Klasse 1,1019,Borstenpinsel-Set (Größen 4/8/12),1,3.5,3.5,0
B00832,Klasse 1,1042,Schnellhefter A4 Kunststoff orange,2,0.5,1.0,0
B00832,Klasse 1,1020,Haarpinsel-Set (Größen 2/6/10),1,3.99,3.99,0
B00833,Klasse 11,1028,Collegeblock A4 liniert (80 Blatt),5,1.79,8.95,0
B00833,Klasse 11,1051,Grafikrechner Casio FX-CG50,1,119.0,119.0,0
B00834,Klasse 7 & 12,1015,Radiergummi soft (für Bleistifte),1,0.8,0.8,1
B00834,Klasse 7 & 12,1025,Schulheft A4 kariert Lineatur 22 (16 Blatt),5,0.99,4.95,1
B00834,Klasse 7 & 12,1029,Geodreieck 16 cm transparent Aristo,1,1.2,1.2,1
B00834,Klasse 7 & 12,1026,Vokabelheft A5 Lineatur 53 (32 Blatt),2,1.29,2.58,1
B00834,Klasse 7 & 12,1020,Haarpinsel-Set (Größen 2/6/10),1,3.99,3.99,1
B00834,Klasse 7 & 12,1056,Kugelschreiber Grip 2011 M schwarz,1,4.5,4.5,1
B00834,Klasse 7 & 12,1049,Oxford Collegeblock A4 kariert (90g Papier),2,2.79,5.58,1
B00834,Klasse 7 & 12,1046,Ordner A4 breit 80mm schwarz,3,3.49,10.47,1
B00834,Klasse 7 & 12,1027,Collegeblock A4 kariert (80 Blatt),5,1.79,8.95,1
B00835,Klasse 6,1028,Collegeblock A4 liniert (80 Blatt),3,1.79,5.37,0
B00835,Klasse 6,1029,Geodreieck 16 cm transparent Aristo,1,1.2,1.2,0
B00835,Klasse 6,1031,Füllfederhalter Lamy Safari M,1,19.9,19.9,0
B00835,Klasse 6,1039,Schnellhefter A4 Kunststoff rot,2,0.5,1.0,0
B00836,Klasse 5,1029,Geodreieck 16 cm transparent Aristo,1,1.2,1.2,0
B00836,Klasse 5,1060,Prospekthüllen A4 transparent 100er Pack,1,3.99,3.99,0
B00836,Klasse 5,1015,Radiergummi soft (für Bleistifte),1,0.8,0.8,0
B00836,Klasse 5,1024,Schulheft A4 liniert Lineatur 21 (16 Blatt),5,0.99,4.95,0
B00836,Klasse 5,1031,Füllfederhalter Lamy Safari M,1,19.9,19.9,0
B00836,Klasse 5,1011,Bastelschere rund 13cm Rechtshänder,1,2.2,2.2,0
B00836,Klasse 5,1045,Ringbuch A4 schmal 25mm,2,2.99,5.98,0
B00837,Klasse 9,1034,Schulkompass Zirkel Staedtler,1,8.5,8.5,0
B00837,Klasse 9,1055,Kugelschreiber Grip 2011 M blau (dokumentenecht),3,4.5,13.5,0
B00837,Klasse 9,1024,Schulheft A4 liniert Lineatur 21 (16 Blatt),3,0.99,2.97,0
B00837,Klasse 9,1018,Tuschkasten K12 (12 Farben),1,9.95,9.95,0
B00837,Klasse 9,1048,Hausaufgabenheft A5 Classic,1,1.99,1.99,0
B00837,Klasse 9,1027,Collegeblock A4 kariert (80 Blatt),5,1.79,8.95,0
B00838,Klasse 12,1054,Ringbucheinlagen A4 kariert 100 Blatt,10,2.29,22.9,0
B00838,Klasse 12,1056,Kugelschreiber Grip 2011 M schwarz,5,4.5,22.5,0
B00838,Klasse 12,1030,Geodreieck 22 cm Griff transparent,1,2.1,2.1,0
B00838,Klasse 12,1043,Textmarker-Set 4 Farben Stabilo Boss,1,4.99,4.99,0
B00839,Klasse 12,1029,Geodreieck 16 cm transparent Aristo,1,1.2,1.2,0
B00839,Klasse 12,1037,Lineal 30cm Kunststoff transparent,1,1.1,1.1,0
B00839,Klasse 12,1036,Bleistift HB Grip 2001 Faber-Castell,1,1.5,1.5,0
B00840,Klasse 1,1008,Buntstifte 12er Set dreikant (dick),1,5.49,5.49,0
B00840,Klasse 1,1015,Radiergummi soft (für Bleistifte),1,0.8,0.8,0
B00840,Klasse 1,1007,Schreiblernbleistift Trio Grip (dick),5,1.99,9.95,0
B00840,Klasse 1,1020,Haarpinsel-Set (Größen 2/6/10),1,3.99,3.99,0
B00840,Klasse 1,1041,Schnellhefter A4 Kunststoff gelb,3,0.5,1.5,0
B00840,Klasse 1,1010,Knetmasse 10 Farben,1,3.49,3.49,0
B00840,Klasse 1,1009,Wachsmalkreiden 12er Set (wasservermalbar),1,6.99,6.99,0
B00841,Klasse 7,1019,Borstenpinsel-Set (Größen 4/8/12),1,3.5,3.5,0
B00841,Klasse 7,1041,Schnellhefter A4 Kunststoff gelb,2,0.5,1.0,0
B00841,Klasse 7,1047,Wissenschaftlicher Taschenrechner Casio fx-87DE X,1,24.99,24.99,0
B00841,Klasse 7,1059,Karteikarten A7 liniert 100 Stück,1,1.49,1.49,0
B00841,Klasse 7,1036,Bleistift HB Grip 2001 Faber-Castell,1,1.5,1.5,0
B00842,Klasse 6,1060,Prospekthüllen A4 transparent 100er Pack,1,3.99,3.99,0
B00842,Klasse 6,1017,Zeichenblock A3 (20 Blatt),1,2.49,2.49,0
B00842,Klasse 6,1025,Schulheft A4 kariert Lineatur 22 (16 Blatt),5,0.99,4.95,0
B00842,Klasse 6,1046,Ordner A4 breit 80mm schwarz,2,3.49,6.98,0
B00842,Klasse 6,1026,Vokabelheft A5 Lineatur 53 (32 Blatt),5,1.29,6.45,0
B00842,Klasse 6,1027,Collegeblock A4 kariert (80 Blatt),5,1.79,8.95,0
B00843,Klasse 11,1052,Formelsammlung Mathematik/Physik/Chemie Duden,1,12.99,12.99,0
B00843,Klasse 11,1060,Prospekthüllen A4 transparent 100er Pack,1,3.99,3.99,0
B00844,Klasse 7,1034,Schulkompass Zirkel Staedtler,1,8.5,8.5,0
B00844,Klasse 7,1031,Füllfederhalter Lamy Safari M,1,19.9,19.9,0
B00844,Klasse 7,1038,Schnellhefter A4 Kunststoff blau,1,0.5,0.5,0
B00844,Klasse 7,1040,Schnellhefter A4 Kunststoff grün,2,0.5,1.0,0
B00844,Klasse 7,1032,Tintenpatronen blau T10 (5er Pack),2,1.8,3.6,0
B00844,Klasse 7,1060,Prospekthüllen A4 transparent 100er Pack,1,3.99,3.99,0
B00845,Klasse 6,1037,Lineal 30cm Kunststoff transparent,1,1.1,1.1,0
B00845,Klasse 6,1026,Vokabelheft A5 Lineatur 53 (32 Blatt),5,1.29,6.45,0
B00845,Klasse 6,1024,Schulheft A4 liniert Lineatur 21 (16 Blatt),1,0.99,0.99,0
B00845,Klasse 6,1015,Radiergummi soft (für Bleistifte),1,0.8,0.8,0
B00845,Klasse 6,1019,Borstenpinsel-Set (Größen 4/8/12),1,3.5,3.5,0
B00846,Klasse 7,1060,Prospekthüllen A4 transparent 100er Pack,1,3.99,3.99,0
B00846,Klasse 7,1025,Schulheft A4 kariert Lineatur 22 (16 Blatt),2,0.99,1.98,0
B00846,Klasse 7,1048,Hausaufgabenheft A5 Classic,1,1.99,1.99,0
B00846,Klasse 7,1045,Ringbuch A4 schmal 25mm,3,2.99,8.97,0
B00846,Klasse 7,1031,Füllfederhalter Lamy Safari M,1,19.9,19.9,0
B00846,Klasse 7,1041,Schnellhefter A4 Kunststoff gelb,1,0.5,0.5,0
B00847,Klasse 3,1023,Hausaufgabenheft Grundschule A5,1,1.99,1.99,0
B00847,Klasse 3,1039,Schnellhefter A4 Kunststoff rot,2,0.5,1.0,0
B00847,Klasse 3,1020,Haarpinsel-Set (Größen 2/6/10),1,3.99,3.99,0
B00847,Klasse 3,1014,Doppelanspitzer Dose Trio Grip,1,2.99,2.99,0
B00847,Klasse 3,1011,Bastelschere rund 13cm Rechtshänder,1,2.2,2.2,0
B00847,Klasse 3,1038,Schnellhefter A4 Kunststoff blau,1,0.5,0.5,0
B00847,Klasse 3,1008,Buntstifte 12er Set dreikant (dick),1,5.49,5.49,0
B00847,Klasse 3,1015,Radiergummi soft (für Bleistifte),1,0.8,0.8,0
B00847,Klasse 3,1016,Sammelbox A4 Karton blau,2,2.49,4.98,0
B00848,Klasse 9,1015,Radiergummi soft (für Bleistifte),1,0.8,0.8,0
B00848,Klasse 9,1058,Haftnotizen Post-it 76x76mm gelb,1,1.99,1.99,0
B00848,Klasse 9,1025,Schulheft A4 kariert Lineatur 22 (16 Blatt),5,0.99,4.95,0
B00848,Klasse 9,1041,Schnellhefter A4 Kunststoff gelb,3,0.5,1.5,0
B00848,Klasse 9,1028,Collegeblock A4 liniert (80 Blatt),2,1.79,3.58,0
B00849,Klasse 10,1040,Schnellhefter A4 Kunststoff grün,3,0.5,1.5,0
B00849,Klasse 10,1057,Textmarker-Set Pastell 6 Farben Stabilo Boss,1,6.99,6.99,0
B00849,Klasse 10,1036,Bleistift HB Grip 2001 Faber-Castell,1,1.5,1.5,0
B00849,Klasse 10,1030,Geodreieck 22 cm Griff transparent,1,2.1,2.1,0
B00849,Klasse 10,1051,Grafikrechner Casio FX-CG50,1,119.0,119.0,0
B00850,Klasse 3,1023,Hausaufgabenheft Grundschule A5,1,1.99,1.99,0
B00850,Klasse 3,1012,Bastelschere rund 13cm Linkshänder,1,2.2,2.2,0
B00850,Klasse 3,1019,Borstenpinsel-Set (Größen 4/8/12),1,3.5,3.5,0
B00850,Klasse 3,1039,Schnellhefter A4 Kunststoff rot,1,0.5,0.5,0
B00850,Klasse 3,1004,Schulheft A4 Lineatur 4 (16 Blatt),5,0.99,4.95,0
B00850,Klasse 3,1042,Schnellhefter A4 Kunststoff orange,2,0.5,1.0,0
B00850,Klasse 3,1013,Klebestift Uhu Renature 21g,1,1.89,1.89,0
B00850,Klasse 3,1017,Zeichenblock A3 (20 Blatt),1,2.49,2.49,0
B00850,Klasse 3,1008,Buntstifte 12er Set dreikant (dick),1,5.49,5.49,0
B00851,Klasse 4,1017,Zeichenblock A3 (20 Blatt),1,2.49,2.49,0
B00851,Klasse 4,1008,Buntstifte 12er Set dreikant (dick),1,5.49,5.49,0
B00851,Klasse 4,1013,Klebestift Uhu Renature 21g,1,1.89,1.89,0
B00851,Klasse 4,1039,Schnellhefter A4 Kunststoff rot,3,0.5,1.5,0
B00851,Klasse 4,1041,Schnellhefter A4 Kunststoff gelb,2,0.5,1.0,0
B00852,Klasse 12,1061,Tintenroller Pilot Frixion Ball 0.7 schwarz,5,3.29,16.45,0
B00852,Klasse 12,1056,Kugelschreiber Grip 2011 M schwarz,2,4.5,9.0,0
B00852,Klasse 12,1029,Geodreieck 16 cm transparent Aristo,1,1.2,1.2,0
B00853,Klasse 3,1020,Haarpinsel-Set (Größen 2/6/10),1,3.99,3.99,0
B00853,Klasse 3,1015,Radiergummi soft (für Bleistifte),1,0.8,0.8,0
B00853,Klasse 3,1042,Schnellhefter A4 Kunststoff orange,3,0.5,1.5,0
B00853,Klasse 3,1038,Schnellhefter A4 Kunststoff blau,1,0.5,0.5,0
B00853,Klasse 3,1019,Borstenpinsel-Set (Größen 4/8/12),1,3.5,3.5,0
B00854,Klasse 1,1038,Schnellhefter A4 Kunststoff blau,2,0.5,1.0,0
B00854,Klasse 1,1018,Tuschkasten K12 (12 Farben),1,9.95,9.95,0
B00854,Klasse 1,1014,Doppelanspitzer Dose Trio Grip,1,2.99,2.99,0
B00854,Klasse 1,1015,Radiergummi soft (für Bleistifte),1,0.8,0.8,0
B00854,Klasse 1,1008,Buntstifte 12er Set dreikant (dick),1,5.49,5.49,0
B00854,Klasse 1,1019,Borstenpinsel-Set (Größen 4/8/12),1,3.5,3.5,0
B00854,Klasse 1,1001,Schreiblernheft A4 Lineatur 1 (16 Blatt),3,0.99,2.97,0
B00854,Klasse 1,1041,Schnellhefter A4 Kunststoff gelb,2,0.5,1.0,0
B00854,Klasse 1,1013,Klebestift Uhu Renature 21g,1,1.89,1.89,0
B00855,Klasse 3,1012,Bastelschere rund 13cm Linkshänder,1,2.2,2.2,0
B00855,Klasse 3,1016,Sammelbox A4 Karton blau,1,2.49,2.49,0
B00855,Klasse 3,1039,Schnellhefter A4 Kunststoff rot,2,0.5,1.0,0
B00855,Klasse 3,1032,Tintenpatronen blau T10 (5er Pack),2,1.8,3.6,0
B00855,Klasse 3,1022,Schreiblern-Füller Lamy ABC,1,14.5,14.5,0
B00856,Klasse 1,1042,Schnellhefter A4 Kunststoff orange,1,0.5,0.5,0
B00856,Klasse 1,1010,Knetmasse 10 Farben,1,3.49,3.49,0
B00856,Klasse 1,1021,Knete-Unterlage Kunststoff A3,1,1.99,1.99,0
B00856,Klasse 1,1039,Schnellhefter A4 Kunststoff rot,2,0.5,1.0,0
B00856,Klasse 1,1038,Schnellhefter A4 Kunststoff blau,3,0.5,1.5,0
B00857,Klasse 12,1027,Collegeblock A4 kariert (80 Blatt),3,1.79,5.37,0
B00857,Klasse 12,1052,Formelsammlung Mathematik/Physik/Chemie Duden,1,12.99,12.99,0
B00857,Klasse 12,1058,Haftnotizen Post-it 76x76mm gelb,1,1.99,1.99,0
B00858,Klasse 1,1005,Rechenheft A4 Lineatur 7 (7x7mm Kästchen),1,0.99,0.99,0
B00858,Klasse 1,1023,Hausaufgabenheft Grundschule A5,1,1.99,1.99,0
B00858,Klasse 1,1014,Doppelanspitzer Dose Trio Grip,1,2.99,2.99,0
B00858,Klasse 1,1042,Schnellhefter A4 Kunststoff orange,3,0.5,1.5,0
B00858,Klasse 1,1007,Schreiblernbleistift Trio Grip (dick),3,1.99,5.97,0
B00859,Klasse 4,1040,Schnellhefter A4 Kunststoff grün,2,0.5,1.0,0
B00859,Klasse 4,1006,Rechenheft A4 Lineatur 8 (5x5mm Kästchen),3,0.99,2.97,0
B00859,Klasse 4,1016,Sammelbox A4 Karton blau,1,2.49,2.49,0
B00859,Klasse 4,1038,Schnellhefter A4 Kunststoff blau,2,0.5,1.0,0
B00859,Klasse 4,1037,Lineal 30cm Kunststoff transparent,1,1.1,1.1,0
B00860,Klasse 4,1018,Tuschkasten K12 (12 Farben),1,9.95,9.95,0
B00860,Klasse 4,1004,Schulheft A4 Lineatur 4 (16 Blatt),5,0.99,4.95,0
B00860,Klasse 4,1040,Schnellhefter A4 Kunststoff grün,2,0.5,1.0,0
B00860,Klasse 4,1017,Zeichenblock A3 (20 Blatt),1,2.49,2.49,0
B00860,Klasse 4,1031,Füllfederhalter Lamy Safari M,1,19.9,19.9,0
B00860,Klasse 4,1006,Rechenheft A4 Lineatur 8 (5x5mm Kästchen),10,0.99,9.9,0
B00861,Klasse 4,1015,Radiergummi soft (für Bleistifte),1,0.8,0.8,0
B00861,Klasse 4,1033,Tintenkiller Super Pirat (2er Pack),1,2.49,2.49,0
B00861,Klasse 4,1018,Tuschkasten K12 (12 Farben),1,9.95,9.95,0
B00861,Klasse 4,1036,Bleistift HB Grip 2001 Faber-Castell,1,1.5,1.5,0
B00861,Klasse 4,1038,Schnellhefter A4 Kunststoff blau,3,0.5,1.5,0
B00861,Klasse 4,1020,Haarpinsel-Set (Größen 2/6/10),1,3.99,3.99,0
B00861,Klasse 4,1013,Klebestift Uhu Renature 21g,1,1.89,1.89,0
B00861,Klasse 4,1017,Zeichenblock A3 (20 Blatt),1,2.49,2.49,0
B00861,Klasse 4,1014,Doppelanspitzer Dose Trio Grip,1,2.99,2.99,0
B00862,Klasse 6,1017,Zeichenblock A3 (20 Blatt),1,2.49,2.49,0
B00862,Klasse 6,1038,Schnellhefter A4 Kunststoff blau,2,0.5,1.0,0
B00862,Klasse 6,1035,Buntstifte 24er Set dreikant,1,8.99,8.99,0
B00863,Klasse 6,1026,Vokabelheft A5 Lineatur 53 (32 Blatt),1,1.29,1.29,0
B00863,Klasse 6,1013,Klebestift Uhu Renature 21g,1,1.89,1.89,0
B00863,Klasse 6,1048,Hausaufgabenheft A5 Classic,1,1.99,1.99,0
B00863,Klasse 6,1019,Borstenpinsel-Set (Größen 4/8/12),1,3.5,3.5,0
B00863,Klasse 6,1038,Schnellhefter A4 Kunststoff blau,1,0.5,0.5,0
B00863,Klasse 6,1033,Tintenkiller Super Pirat (2er Pack),2,2.49,4.98,0
B00863,Klasse 6,1029,Geodreieck 16 cm transparent Aristo,1,1.2,1.2,0
B00864,Klasse 10,1034,Schulkompass Zirkel Staedtler,1,8.5,8.5,0
B00864,Klasse 10,1059,Karteikarten A7 liniert 100 Stück,1,1.49,1.49,0
B00864,Klasse 10,1030,Geodreieck 22 cm Griff transparent,1,2.1,2.1,0
B00864,Klasse 10,1029,Geodreieck 16 cm transparent Aristo,1,1.2,1.2,0
B00864,Klasse 10,1037,Lineal 30cm Kunststoff transparent,1,1.1,1.1,0
B00865,Klasse 3 & 12,1050,Oxford Collegeblock A4 liniert (90g Papier),5,2.79,13.95,1
B00865,Klasse 3 & 12,1030,Geodreieck 22 cm Griff transparent,1,2.1,2.1,1
B00865,Klasse 3 & 12,1015,Radiergummi soft (für Bleistifte),1,0.8,0.8,1
B00865,Klasse 3 & 12,1012,Bastelschere rund 13cm Linkshänder,1,2.2,2.2,1
B00865,Klasse 3 & 12,1017,Zeichenblock A3 (20 Blatt),1,2.49,2.49,1
B00865,Klasse 3 & 12,1006,Rechenheft A4 Lineatur 8 (5x5mm Kästchen),3,0.99,2.97,1
B00865,Klasse 3 & 12,1011,Bastelschere rund 13cm Rechtshänder,1,2.2,2.2,1
B00865,Klasse 3 & 12,1003,Schreiblernheft A4 Lineatur 3 (16 Blatt),2,0.99,1.98,1
B00865,Klasse 3 & 12,1038,Schnellhefter A4 Kunststoff blau,2,0.5,1.0,1
B00865,Klasse 3 & 12,1040,Schnellhefter A4 Kunststoff grün,5,0.5,2.5,1
B00865,Klasse 3 & 12,1042,Schnellhefter A4 Kunststoff orange,2,0.5,1.0,1
B00866,Klasse 7,1043,Textmarker-Set 4 Farben Stabilo Boss,1,4.99,4.99,0
B00866,Klasse 7,1020,Haarpinsel-Set (Größen 2/6/10),1,3.99,3.99,0
B00866,Klasse 7,1038,Schnellhefter A4 Kunststoff blau,1,0.5,0.5,0
B00867,Klasse 1 & 3,1023,Hausaufgabenheft Grundschule A5,1,1.99,1.99,1
B00867,Klasse 1 & 3,1033,Tintenkiller Super Pirat (2er Pack),1,2.49,2.49,1
B00867,Klasse 1 & 3,1016,Sammelbox A4 Karton blau,5,2.49,12.45,1
B00867,Klasse 1 & 3,1012,Bastelschere rund 13cm Linkshänder,1,2.2,2.2,1
B00867,Klasse 1 & 3,1010,Knetmasse 10 Farben,1,3.49,3.49,1
B00867,Klasse 1 & 3,1014,Doppelanspitzer Dose Trio Grip,1,2.99,2.99,1
B00867,Klasse 1 & 3,1011,Bastelschere rund 13cm Rechtshänder,1,2.2,2.2,1
B00867,Klasse 1 & 3,1003,Schreiblernheft A4 Lineatur 3 (16 Blatt),2,0.99,1.98,1
B00867,Klasse 1 & 3,1040,Schnellhefter A4 Kunststoff grün,3,0.5,1.5,1
B00867,Klasse 1 & 3,1038,Schnellhefter A4 Kunststoff blau,3,0.5,1.5,1
B00867,Klasse 1 & 3,1007,Schreiblernbleistift Trio Grip (dick),3,1.99,5.97,1
B00867,Klasse 1 & 3,1019,Borstenpinsel-Set (Größen 4/8/12),1,3.5,3.5,1
B00867,Klasse 1 & 3,1008,Buntstifte 12er Set dreikant (dick),1,5.49,5.49,1
B00867,Klasse 1 & 3,1041,Schnellhefter A4 Kunststoff gelb,1,0.5,0.5,1
B00867,Klasse 1 & 3,1039,Schnellhefter A4 Kunststoff rot,2,0.5,1.0,1
B00867,Klasse 1 & 3,1005,Rechenheft A4 Lineatur 7 (7x7mm Kästchen),5,0.99,4.95,1
B00868,Klasse 5,1026,Vokabelheft A5 Lineatur 53 (32 Blatt),3,1.29,3.87,0
B00868,Klasse 5,1060,Prospekthüllen A4 transparent 100er Pack,1,3.99,3.99,0
B00868,Klasse 5,1031,Füllfederhalter Lamy Safari M,1,19.9,19.9,0
B00868,Klasse 5,1027,Collegeblock A4 kariert (80 Blatt),2,1.79,3.58,0
B00868,Klasse 5,1046,Ordner A4 breit 80mm schwarz,2,3.49,6.98,0
B00869,Klasse 10,1029,Geodreieck 16 cm transparent Aristo,1,1.2,1.2,0
B00869,Klasse 10,1050,Oxford Collegeblock A4 liniert (90g Papier),3,2.79,8.37,0
B00869,Klasse 10,1053,Ringbucheinlagen A4 liniert 100 Blatt,3,2.29,6.87,0
B00869,Klasse 10,1039,Schnellhefter A4 Kunststoff rot,1,0.5,0.5,0
B00870,Klasse 4,1031,Füllfederhalter Lamy Safari M,1,19.9,19.9,0
B00870,Klasse 4,1020,Haarpinsel-Set (Größen 2/6/10),1,3.99,3.99,0
B00870,Klasse 4,1015,Radiergummi soft (für Bleistifte),1,0.8,0.8,0
B00870,Klasse 4,1012,Bastelschere rund 13cm Linkshänder,1,2.2,2.2,0
B00870,Klasse 4,1014,Doppelanspitzer Dose Trio Grip,1,2.99,2.99,0
B00870,Klasse 4,1006,Rechenheft A4 Lineatur 8 (5x5mm Kästchen),5,0.99,4.95,0
B00870,Klasse 4,1017,Zeichenblock A3 (20 Blatt),1,2.49,2.49,0
B00870,Klasse 4,1033,Tintenkiller Super Pirat (2er Pack),1,2.49,2.49,0
B00871,Klasse 12,1030,Geodreieck 22 cm Griff transparent,1,2.1,2.1,0
B00871,Klasse 12,1027,Collegeblock A4 kariert (80 Blatt),5,1.79,8.95,0
B00872,Klasse 2 & 4,1009,Wachsmalkreiden 12er Set (wasservermalbar),1,6.99,6.99,1
B00872,Klasse 2 & 4,1015,Radiergummi soft (für Bleistifte),1,0.8,0.8,1
B00872,Klasse 2 & 4,1017,Zeichenblock A3 (20 Blatt),1,2.49,2.49,1
B00872,Klasse 2 & 4,1040,Schnellhefter A4 Kunststoff grün,2,0.5,1.0,1
B00872,Klasse 2 & 4,1031,Füllfederhalter Lamy Safari M,1,19.9,19.9,1
B00872,Klasse 2 & 4,1013,Klebestift Uhu Renature 21g,1,1.89,1.89,1
B00872,Klasse 2 & 4,1004,Schulheft A4 Lineatur 4 (16 Blatt),3,0.99,2.97,1
B00872,Klasse 2 & 4,1060,Prospekthüllen A4 transparent 100er Pack,1,3.99,3.99,1
B00872,Klasse 2 & 4,1035,Buntstifte 24er Set dreikant,1,8.99,8.99,1
B00872,Klasse 2 & 4,1033,Tintenkiller Super Pirat (2er Pack),2,2.49,4.98,1
B00873,Klasse 9,1031,Füllfederhalter Lamy Safari M,1,19.9,19.9,0
B00873,Klasse 9,1060,Prospekthüllen A4 transparent 100er Pack,1,3.99,3.99,0
B00873,Klasse 9,1058,Haftnotizen Post-it 76x76mm gelb,1,1.99,1.99,0
B00873,Klasse 9,1043,Textmarker-Set 4 Farben Stabilo Boss,1,4.99,4.99,0
B00873,Klasse 9,1024,Schulheft A4 liniert Lineatur 21 (16 Blatt),3,0.99,2.97,0
B00873,Klasse 9,1047,Wissenschaftlicher Taschenrechner Casio fx-87DE X,1,24.99,24.99,0
B00873,Klasse 9,1061,Tintenroller Pilot Frixion Ball 0.7 schwarz,2,3.29,6.58,0
B00874,Klasse 10,1046,Ordner A4 breit 80mm schwarz,2,3.49,6.98,0
B00874,Klasse 10,1027,Collegeblock A4 kariert (80 Blatt),3,1.79,5.37,0
B00874,Klasse 10,1061,Tintenroller Pilot Frixion Ball 0.7 schwarz,3,3.29,9.87,0
B00874,Klasse 10,1033,Tintenkiller Super Pirat (2er Pack),1,2.49,2.49,0
B00874,Klasse 10,1041,Schnellhefter A4 Kunststoff gelb,3,0.5,1.5,0
B00875,Klasse 1,1015,Radiergummi soft (für Bleistifte),1,0.8,0.8,0
B00875,Klasse 1,1011,Bastelschere rund 13cm Rechtshänder,1,2.2,2.2,0
B00875,Klasse 1,1018,Tuschkasten K12 (12 Farben),1,9.95,9.95,0
B00875,Klasse 1,1023,Hausaufgabenheft Grundschule A5,1,1.99,1.99,0
B00875,Klasse 1,1007,Schreiblernbleistift Trio Grip (dick),2,1.99,3.98,0
B00875,Klasse 1,1009,Wachsmalkreiden 12er Set (wasservermalbar),1,6.99,6.99,0
B00875,Klasse 1,1012,Bastelschere rund 13cm Linkshänder,1,2.2,2.2,0
B00875,Klasse 1,1017,Zeichenblock A3 (20 Blatt),1,2.49,2.49,0
B00875,Klasse 1,1038,Schnellhefter A4 Kunststoff blau,3,0.5,1.5,0
B00876,Klasse 10,1027,Collegeblock A4 kariert (80 Blatt),3,1.79,5.37,0
B00876,Klasse 10,1010,Knetmasse 10 Farben,1,3.49,3.49,0
B00876,Klasse 10,1040,Schnellhefter A4 Kunststoff grün,2,0.5,1.0,0
B00877,Klasse 12,1057,Textmarker-Set Pastell 6 Farben Stabilo Boss,1,6.99,6.99,0
B00877,Klasse 12,1054,Ringbucheinlagen A4 kariert 100 Blatt,2,2.29,4.58,0
B00878,Klasse 1 & 10,1039,Schnellhefter A4 Kunststoff rot,2,0.5,1.0,1
B00878,Klasse 1 & 10,1041,Schnellhefter A4 Kunststoff gelb,3,0.5,1.5,1
B00878,Klasse 1 & 10,1013,Klebestift Uhu Renature 21g,1,1.89,1.89,1
B00878,Klasse 1 & 10,1040,Schnellhefter A4 Kunststoff grün,2,0.5,1.0,1
B00878,Klasse 1 & 10,1011,Bastelschere rund 13cm Rechtshänder,1,2.2,2.2,1
B00878,Klasse 1 & 10,1015,Radiergummi soft (für Bleistifte),1,0.8,0.8,1
B00878,Klasse 1 & 10,1010,Knetmasse 10 Farben,1,3.49,3.49,1
B00878,Klasse 1 & 10,1016,Sammelbox A4 Karton blau,5,2.49,12.45,1
B00879,Klasse 7,1030,Geodreieck 22 cm Griff transparent,1,2.1,2.1,0
B00879,Klasse 7,1031,Füllfederhalter Lamy Safari M,1,19.9,19.9,0
B00879,Klasse 7,1020,Haarpinsel-Set (Größen 2/6/10),1,3.99,3.99,0
B00879,Klasse 7,1033,Tintenkiller Super Pirat (2er Pack),1,2.49,2.49,0
B00879,Klasse 7,1040,Schnellhefter A4 Kunststoff grün,2,0.5,1.0,0
B00879,Klasse 7,1042,Schnellhefter A4 Kunststoff orange,2,0.5,1.0,0
B00879,Klasse 7,1044,Fineliner 10er Set Stabilo Point 88,1,7.99,7.99,0
B00880,Klasse 7,1026,Vokabelheft A5 Lineatur 53 (32 Blatt),2,1.29,2.58,0
B00880,Klasse 7,1036,Bleistift HB Grip 2001 Faber-Castell,3,1.5,4.5,0
B00880,Klasse 7,1040,Schnellhefter A4 Kunststoff grün,2,0.5,1.0,0
B00880,Klasse 7,1035,Buntstifte 24er Set dreikant,1,8.99,8.99,0
B00881,Klasse 11 & 12,1027,Collegeblock A4 kariert (80 Blatt),5,1.79,8.95,1
B00881,Klasse 11 & 12,1060,Prospekthüllen A4 transparent 100er Pack,1,3.99,3.99,1
B00881,Klasse 11 & 12,1015,Radiergummi soft (für Bleistifte),1,0.8,0.8,1
B00881,Klasse 11 & 12,1061,Tintenroller Pilot Frixion Ball 0.7 schwarz,2,3.29,6.58,1
B00881,Klasse 11 & 12,1056,Kugelschreiber Grip 2011 M schwarz,1,4.5,4.5,1
B00882,Klasse 12,1015,Radiergummi soft (für Bleistifte),1,0.8,0.8,0
B00882,Klasse 12,1061,Tintenroller Pilot Frixion Ball 0.7 schwarz,5,3.29,16.45,0
B00882,Klasse 12,1059,Karteikarten A7 liniert 100 Stück,1,1.49,1.49,0
B00883,Klasse 3,1016,Sammelbox A4 Karton blau,3,2.49,7.47,0
B00883,Klasse 3,1039,Schnellhefter A4 Kunststoff rot,3,0.5,1.5,0
B00883,Klasse 3,1013,Klebestift Uhu Renature 21g,1,1.89,1.89,0
B00883,Klasse 3,1040,Schnellhefter A4 Kunststoff grün,3,0.5,1.5,0
B00884,Klasse 12,1061,Tintenroller Pilot Frixion Ball 0.7 schwarz,1,3.29,3.29,0
B00884,Klasse 12,1029,Geodreieck 16 cm transparent Aristo,1,1.2,1.2,0
B00884,Klasse 12,1055,Kugelschreiber Grip 2011 M blau (dokumentenecht),3,4.5,13.5,0
B00885,Klasse 1,1001,Schreiblernheft A4 Lineatur 1 (16 Blatt),5,0.99,4.95,0
B00885,Klasse 1,1039,Schnellhefter A4 Kunststoff rot,1,0.5,0.5,0
B00885,Klasse 1,1011,Bastelschere rund 13cm Rechtshänder,1,2.2,2.2,0
B00885,Klasse 1,1041,Schnellhefter A4 Kunststoff gelb,2,0.5,1.0,0
B00885,Klasse 1,1038,Schnellhefter A4 Kunststoff blau,2,0.5,1.0,0
B00885,Klasse 1,1012,Bastelschere rund 13cm Linkshänder,1,2.2,2.2,0
B00885,Klasse 1,1014,Doppelanspitzer Dose Trio Grip,1,2.99,2.99,0
B00886,Klasse 8,1026,Vokabelheft A5 Lineatur 53 (32 Blatt),5,1.29,6.45,0
B00886,Klasse 8,1056,Kugelschreiber Grip 2011 M schwarz,2,4.5,9.0,0
B00886,Klasse 8,1033,Tintenkiller Super Pirat (2er Pack),3,2.49,7.47,0
B00886,Klasse 8,1048,Hausaufgabenheft A5 Classic,1,1.99,1.99,0
B00886,Klasse 8,1045,Ringbuch A4 schmal 25mm,3,2.99,8.97,0
B00887,Klasse 3,1011,Bastelschere rund 13cm Rechtshänder,1,2.2,2.2,0
B00887,Klasse 3,1003,Schreiblernheft A4 Lineatur 3 (16 Blatt),1,0.99,0.99,0
B00887,Klasse 3,1018,Tuschkasten K12 (12 Farben),1,9.95,9.95,0
B00887,Klasse 3,1036,Bleistift HB Grip 2001 Faber-Castell,3,1.5,4.5,0
B00888,Klasse 12,1056,Kugelschreiber Grip 2011 M schwarz,2,4.5,9.0,0
B00888,Klasse 12,1053,Ringbucheinlagen A4 liniert 100 Blatt,10,2.29,22.9,0
B00889,Klasse 6,1045,Ringbuch A4 schmal 25mm,3,2.99,8.97,0
B00889,Klasse 6,1043,Textmarker-Set 4 Farben Stabilo Boss,1,4.99,4.99,0
B00889,Klasse 6,1015,Radiergummi soft (für Bleistifte),1,0.8,0.8,0
B00889,Klasse 6,1026,Vokabelheft A5 Lineatur 53 (32 Blatt),3,1.29,3.87,0
B00889,Klasse 6,1048,Hausaufgabenheft A5 Classic,1,1.99,1.99,0
B00889,Klasse 6,1040,Schnellhefter A4 Kunststoff grün,3,0.5,1.5,0
B00889,Klasse 6,1019,Borstenpinsel-Set (Größen 4/8/12),1,3.5,3.5,0
B00890,Klasse 12,1050,Oxford Collegeblock A4 liniert (90g Papier),2,2.79,5.58,0
B00890,Klasse 12,1044,Fineliner 10er Set Stabilo Point 88,1,7.99,7.99,0
B00890,Klasse 12,1045,Ringbuch A4 schmal 25mm,3,2.99,8.97,0
B00891,Klasse 10,1059,Karteikarten A7 liniert 100 Stück,1,1.49,1.49,0
B00891,Klasse 10,1041,Schnellhefter A4 Kunststoff gelb,2,0.5,1.0,0
B00891,Klasse 10,1056,Kugelschreiber Grip 2011 M schwarz,1,4.5,4.5,0
B00891,Klasse 10,1032,Tintenpatronen blau T10 (5er Pack),3,1.8,5.4,0
B00892,Klasse 10,1059,Karteikarten A7 liniert 100 Stück,1,1.49,1.49,0
B00892,Klasse 10,1030,Geodreieck 22 cm Griff transparent,1,2.1,2.1,0
B00892,Klasse 10,1038,Schnellhefter A4 Kunststoff blau,3,0.5,1.5,0
B00892,Klasse 10,1029,Geodreieck 16 cm transparent Aristo,1,1.2,1.2,0
B00892,Klasse 10,1042,Schnellhefter A4 Kunststoff orange,2,0.5,1.0,0
B00893,Klasse 6 & 10,1020,Haarpinsel-Set (Größen 2/6/10),1,3.99,3.99,1
B00893,Klasse 6 & 10,1038,Schnellhefter A4 Kunststoff blau,1,0.5,0.5,1
B00893,Klasse 6 & 10,1031,Füllfederhalter Lamy Safari M,1,19.9,19.9,1
B00893,Klasse 6 & 10,1042,Schnellhefter A4 Kunststoff orange,1,0.5,0.5,1
B00893,Klasse 6 & 10,1036,Bleistift HB Grip 2001 Faber-Castell,3,1.5,4.5,1
B00893,Klasse 6 & 10,1047,Wissenschaftlicher Taschenrechner Casio fx-87DE X,1,24.99,24.99,1
B00894,Klasse 5,1017,Zeichenblock A3 (20 Blatt),1,2.49,2.49,0
B00894,Klasse 5,1040,Schnellhefter A4 Kunststoff grün,3,0.5,1.5,0
B00894,Klasse 5,1024,Schulheft A4 liniert Lineatur 21 (16 Blatt),10,0.99,9.9,0
B00895,Klasse 3 & 9,1040,Schnellhefter A4 Kunststoff grün,1,0.5,0.5,1
B00895,Klasse 3 & 9,1016,Sammelbox A4 Karton blau,2,2.49,4.98,1
B00895,Klasse 3 & 9,1015,Radiergummi soft (für Bleistifte),1,0.8,0.8,1
B00895,Klasse 3 & 9,1014,Doppelanspitzer Dose Trio Grip,1,2.99,2.99,1
B00895,Klasse 3 & 9,1036,Bleistift HB Grip 2001 Faber-Castell,1,1.5,1.5,1
B00895,Klasse 3 & 9,1019,Borstenpinsel-Set (Größen 4/8/12),1,3.5,3.5,1
B00895,Klasse 3 & 9,1048,Hausaufgabenheft A5 Classic,1,1.99,1.99,1
B00895,Klasse 3 & 9,1017,Zeichenblock A3 (20 Blatt),1,2.49,2.49,1
B00895,Klasse 3 & 9,1037,Lineal 30cm Kunststoff transparent,1,1.1,1.1,1
B00896,Klasse 10,1055,Kugelschreiber Grip 2011 M blau (dokumentenecht),1,4.5,4.5,0
B00896,Klasse 10,1027,Collegeblock A4 kariert (80 Blatt),2,1.79,3.58,0
B00896,Klasse 10,1040,Schnellhefter A4 Kunststoff grün,3,0.5,1.5,0
B00896,Klasse 10,1057,Textmarker-Set Pastell 6 Farben Stabilo Boss,1,6.99,6.99,0
B00896,Klasse 10,1041,Schnellhefter A4 Kunststoff gelb,2,0.5,1.0,0
B00897,Klasse 5,1025,Schulheft A4 kariert Lineatur 22 (16 Blatt),5,0.99,4.95,0
B00897,Klasse 5,1031,Füllfederhalter Lamy Safari M,1,19.9,19.9,0
B00897,Klasse 5,1044,Fineliner 10er Set Stabilo Point 88,1,7.99,7.99,0
B00897,Klasse 5,1024,Schulheft A4 liniert Lineatur 21 (16 Blatt),3,0.99,2.97,0
B00897,Klasse 5,1029,Geodreieck 16 cm transparent Aristo,1,1.2,1.2,0
B00897,Klasse 5,1036,Bleistift HB Grip 2001 Faber-Castell,3,1.5,4.5,0
B00898,Klasse 1,1015,Radiergummi soft (für Bleistifte),1,0.8,0.8,0
B00898,Klasse 1,1010,Knetmasse 10 Farben,1,3.49,3.49,0
B00898,Klasse 1,1019,Borstenpinsel-Set (Größen 4/8/12),1,3.5,3.5,0
B00898,Klasse 1,1023,Hausaufgabenheft Grundschule A5,1,1.99,1.99,0
B00898,Klasse 1,1041,Schnellhefter A4 Kunststoff gelb,2,0.5,1.0,0
B00898,Klasse 1,1005,Rechenheft A4 Lineatur 7 (7x7mm Kästchen),10,0.99,9.9,0
B00898,Klasse 1,1042,Schnellhefter A4 Kunststoff orange,2,0.5,1.0,0
B00899,Klasse 4,1016,Sammelbox A4 Karton blau,3,2.49,7.47,0
B00899,Klasse 4,1018,Tuschkasten K12 (12 Farben),1,9.95,9.95,0
B00899,Klasse 4,1038,Schnellhefter A4 Kunststoff blau,3,0.5,1.5,0
B00899,Klasse 4,1033,Tintenkiller Super Pirat (2er Pack),1,2.49,2.49,0
B00900,Klasse 8,1015,Radiergummi soft (für Bleistifte),1,0.8,0.8,0
B00900,Klasse 8,1055,Kugelschreiber Grip 2011 M blau (dokumentenecht),3,4.5,13.5,0
B00900,Klasse 8,1038,Schnellhefter A4 Kunststoff blau,1,0.5,0.5,0
B00901,Klasse 11,1030,Geodreieck 22 cm Griff transparent,1,2.1,2.1,0
B00901,Klasse 11,1055,Kugelschreiber Grip 2011 M blau (dokumentenecht),2,4.5,9.0,0
B00901,Klasse 11,1028,Collegeblock A4 liniert (80 Blatt),3,1.79,5.37,0
B00901,Klasse 11,1059,Karteikarten A7 liniert 100 Stück,1,1.49,1.49,0
B00902,Klasse 4,1036,Bleistift HB Grip 2001 Faber-Castell,1,1.5,1.5,0
B00902,Klasse 4,1016,Sammelbox A4 Karton blau,2,2.49,4.98,0
B00902,Klasse 4,1040,Schnellhefter A4 Kunststoff grün,3,0.5,1.5,0
B00902,Klasse 4,1039,Schnellhefter A4 Kunststoff rot,3,0.5,1.5,0
B00903,Klasse 4,1011,Bastelschere rund 13cm Rechtshänder,1,2.2,2.2,0
B00903,Klasse 4,1023,Hausaufgabenheft Grundschule A5,1,1.99,1.99,0
B00903,Klasse 4,1004,Schulheft A4 Lineatur 4 (16 Blatt),5,0.99,4.95,0
B00903,Klasse 4,1017,Zeichenblock A3 (20 Blatt),1,2.49,2.49,0
B00903,Klasse 4,1039,Schnellhefter A4 Kunststoff rot,1,0.5,0.5,0
B00903,Klasse 4,1013,Klebestift Uhu Renature 21g,1,1.89,1.89,0
B00904,Klasse 10,1029,Geodreieck 16 cm transparent Aristo,1,1.2,1.2,0
B00904,Klasse 10,1056,Kugelschreiber Grip 2011 M schwarz,5,4.5,22.5,0
B00904,Klasse 10,1054,Ringbucheinlagen A4 kariert 100 Blatt,3,2.29,6.87,0
B00904,Klasse 10,1043,Textmarker-Set 4 Farben Stabilo Boss,1,4.99,4.99,0
B00904,Klasse 10,1028,Collegeblock A4 liniert (80 Blatt),3,1.79,5.37,0
B00905,Klasse 6,1018,Tuschkasten K12 (12 Farben),1,9.95,9.95,0
B00905,Klasse 6,1044,Fineliner 10er Set Stabilo Point 88,1,7.99,7.99,0
B00905,Klasse 6,1038,Schnellhefter A4 Kunststoff blau,1,0.5,0.5,0
B00905,Klasse 6,1033,Tintenkiller Super Pirat (2er Pack),3,2.49,7.47,0
B00906,Klasse 8,1038,Schnellhefter A4 Kunststoff blau,3,0.5,1.5,0
B00906,Klasse 8,1030,Geodreieck 22 cm Griff transparent,1,2.1,2.1,0
B00906,Klasse 8,1041,Schnellhefter A4 Kunststoff gelb,1,0.5,0.5,0
B00906,Klasse 8,1031,Füllfederhalter Lamy Safari M,1,19.9,19.9,0
B00906,Klasse 8,1059,Karteikarten A7 liniert 100 Stück,1,1.49,1.49,0
B00907,Klasse 8,1035,Buntstifte 24er Set dreikant,1,8.99,8.99,0
B00907,Klasse 8,1046,Ordner A4 breit 80mm schwarz,2,3.49,6.98,0
B00907,Klasse 8,1059,Karteikarten A7 liniert 100 Stück,1,1.49,1.49,0
B00907,Klasse 8,1017,Zeichenblock A3 (20 Blatt),1,2.49,2.49,0
B00907,Klasse 8,1029,Geodreieck 16 cm transparent Aristo,1,1.2,1.2,0
B00908,Klasse 1,1038,Schnellhefter A4 Kunststoff blau,3,0.5,1.5,0
B00908,Klasse 1,1020,Haarpinsel-Set (Größen 2/6/10),1,3.99,3.99,0
B00908,Klasse 1,1021,Knete-Unterlage Kunststoff A3,1,1.99,1.99,0
B00908,Klasse 1,1023,Hausaufgabenheft Grundschule A5,1,1.99,1.99,0
B00908,Klasse 1,1008,Buntstifte 12er Set dreikant (dick),1,5.49,5.49,0
B00909,Klasse 1,1039,Schnellhefter A4 Kunststoff rot,2,0.5,1.0,0
B00909,Klasse 1,1040,Schnellhefter A4 Kunststoff grün,2,0.5,1.0,0
B00909,Klasse 1,1010,Knetmasse 10 Farben,1,3.49,3.49,0
B00909,Klasse 1,1023,Hausaufgabenheft Grundschule A5,1,1.99,1.99,0
B00910,Klasse 8,1015,Radiergummi soft (für Bleistifte),1,0.8,0.8,0
B00910,Klasse 8,1029,Geodreieck 16 cm transparent Aristo,1,1.2,1.2,0
B00910,Klasse 8,1044,Fineliner 10er Set Stabilo Point 88,1,7.99,7.99,0
B00910,Klasse 8,1017,Zeichenblock A3 (20 Blatt),1,2.49,2.49,0
B00910,Klasse 8,1033,Tintenkiller Super Pirat (2er Pack),2,2.49,4.98,0
B00910,Klasse 8,1041,Schnellhefter A4 Kunststoff gelb,3,0.5,1.5,0
B00911,Klasse 1,1023,Hausaufgabenheft Grundschule A5,1,1.99,1.99,0
B00911,Klasse 1,1039,Schnellhefter A4 Kunststoff rot,2,0.5,1.0,0
B00911,Klasse 1,1019,Borstenpinsel-Set (Größen 4/8/12),1,3.5,3.5,0
B00911,Klasse 1,1041,Schnellhefter A4 Kunststoff gelb,2,0.5,1.0,0
B00911,Klasse 1,1015,Radiergummi soft (für Bleistifte),1,0.8,0.8,0
B00911,Klasse 1,1005,Rechenheft A4 Lineatur 7 (7x7mm Kästchen),10,0.99,9.9,0
B00911,Klasse 1,1001,Schreiblernheft A4 Lineatur 1 (16 Blatt),5,0.99,4.95,0
B00911,Klasse 1,1007,Schreiblernbleistift Trio Grip (dick),2,1.99,3.98,0
B00911,Klasse 1,1020,Haarpinsel-Set (Größen 2/6/10),1,3.99,3.99,0
B00912,Klasse 5,1018,Tuschkasten K12 (12 Farben),1,9.95,9.95,0
B00912,Klasse 5,1027,Collegeblock A4 kariert (80 Blatt),3,1.79,5.37,0
B00912,Klasse 5,1011,Bastelschere rund 13cm Rechtshänder,1,2.2,2.2,0
B00912,Klasse 5,1020,Haarpinsel-Set (Größen 2/6/10),1,3.99,3.99,0
B00912,Klasse 5,1035,Buntstifte 24er Set dreikant,1,8.99,8.99,0
B00912,Klasse 5,1036,Bleistift HB Grip 2001 Faber-Castell,1,1.5,1.5,0
B00912,Klasse 5,1024,Schulheft A4 liniert Lineatur 21 (16 Blatt),10,0.99,9.9,0
B00913,Klasse 9,1020,Haarpinsel-Set (Größen 2/6/10),1,3.99,3.99,0
B00913,Klasse 9,1037,Lineal 30cm Kunststoff transparent,1,1.1,1.1,0
B00913,Klasse 9,1024,Schulheft A4 liniert Lineatur 21 (16 Blatt),2,0.99,1.98,0
B00913,Klasse 9,1025,Schulheft A4 kariert Lineatur 22 (16 Blatt),5,0.99,4.95,0
B00913,Klasse 9,1039,Schnellhefter A4 Kunststoff rot,2,0.5,1.0,0
B00913,Klasse 9,1044,Fineliner 10er Set Stabilo Point 88,1,7.99,7.99,0
B00913,Klasse 9,1041,Schnellhefter A4 Kunststoff gelb,3,0.5,1.5,0
B00914,Klasse 2,1021,Knete-Unterlage Kunststoff A3,1,1.99,1.99,0
B00914,Klasse 2,1041,Schnellhefter A4 Kunststoff gelb,2,0.5,1.0,0
B00914,Klasse 2,1008,Buntstifte 12er Set dreikant (dick),1,5.49,5.49,0
B00914,Klasse 2,1039,Schnellhefter A4 Kunststoff rot,2,0.5,1.0,0
B00914,Klasse 2,1017,Zeichenblock A3 (20 Blatt),1,2.49,2.49,0
B00914,Klasse 2,1005,Rechenheft A4 Lineatur 7 (7x7mm Kästchen),3,0.99,2.97,0
B00914,Klasse 2,1010,Knetmasse 10 Farben,1,3.49,3.49,0
B00915,Klasse 4,1033,Tintenkiller Super Pirat (2er Pack),2,2.49,4.98,0
B00915,Klasse 4,1029,Geodreieck 16 cm transparent Aristo,1,1.2,1.2,0
B00915,Klasse 4,1039,Schnellhefter A4 Kunststoff rot,5,0.5,2.5,0
B00915,Klasse 4,1008,Buntstifte 12er Set dreikant (dick),1,5.49,5.49,0
B00915,Klasse 4,1031,Füllfederhalter Lamy Safari M,1,19.9,19.9,0
B00915,Klasse 4,1016,Sammelbox A4 Karton blau,3,2.49,7.47,0
B00915,Klasse 4,1026,Vokabelheft A5 Lineatur 53 (32 Blatt),5,1.29,6.45,0
B00915,Klasse 4,1004,Schulheft A4 Lineatur 4 (16 Blatt),5,0.99,4.95,0
B00916,Klasse 11,1053,Ringbucheinlagen A4 liniert 100 Blatt,1,2.29,2.29,0
B00916,Klasse 11,1058,Haftnotizen Post-it 76x76mm gelb,1,1.99,1.99,0
B00916,Klasse 11,1029,Geodreieck 16 cm transparent Aristo,1,1.2,1.2,0
B00916,Klasse 11,1042,Schnellhefter A4 Kunststoff orange,5,0.5,2.5,0
B00917,Klasse 3 & 10,1027,Collegeblock A4 kariert (80 Blatt),2,1.79,3.58,1
B00917,Klasse 3 & 10,1052,Formelsammlung Mathematik/Physik/Chemie Duden,1,12.99,12.99,1
B00917,Klasse 3 & 10,1032,Tintenpatronen blau T10 (5er Pack),2,1.8,3.6,1
B00917,Klasse 3 & 10,1059,Karteikarten A7 liniert 100 Stück,1,1.49,1.49,1
B00917,Klasse 3 & 10,1015,Radiergummi soft (für Bleistifte),1,0.8,0.8,1
B00917,Klasse 3 & 10,1011,Bastelschere rund 13cm Rechtshänder,1,2.2,2.2,1
B00917,Klasse 3 & 10,1020,Haarpinsel-Set (Größen 2/6/10),1,3.99,3.99,1
B00917,Klasse 3 & 10,1014,Doppelanspitzer Dose Trio Grip,1,2.99,2.99,1
B00917,Klasse 3 & 10,1038,Schnellhefter A4 Kunststoff blau,3,0.5,1.5,1
B00917,Klasse 3 & 10,1036,Bleistift HB Grip 2001 Faber-Castell,1,1.5,1.5,1
B00917,Klasse 3 & 10,1016,Sammelbox A4 Karton blau,2,2.49,4.98,1
B00918,Klasse 8,1042,Schnellhefter A4 Kunststoff orange,1,0.5,0.5,0
B00918,Klasse 8,1061,Tintenroller Pilot Frixion Ball 0.7 schwarz,1,3.29,3.29,0
B00918,Klasse 8,1015,Radiergummi soft (für Bleistifte),1,0.8,0.8,0
B00918,Klasse 8,1017,Zeichenblock A3 (20 Blatt),1,2.49,2.49,0
B00918,Klasse 8,1025,Schulheft A4 kariert Lineatur 22 (16 Blatt),2,0.99,1.98,0
B00918,Klasse 8,1024,Schulheft A4 liniert Lineatur 21 (16 Blatt),2,0.99,1.98,0
B00918,Klasse 8,1020,Haarpinsel-Set (Größen 2/6/10),1,3.99,3.99,0
B00919,Klasse 9,1017,Zeichenblock A3 (20 Blatt),1,2.49,2.49,0
B00919,Klasse 9,1048,Hausaufgabenheft A5 Classic,1,1.99,1.99,0
B00919,Klasse 9,1041,Schnellhefter A4 Kunststoff gelb,2,0.5,1.0,0
B00919,Klasse 9,1028,Collegeblock A4 liniert (80 Blatt),1,1.79,1.79,0
B00919,Klasse 9,1036,Bleistift HB Grip 2001 Faber-Castell,1,1.5,1.5,0
B00920,Klasse 3 & 5,1042,Schnellhefter A4 Kunststoff orange,2,0.5,1.0,1
B00920,Klasse 3 & 5,1048,Hausaufgabenheft A5 Classic,1,1.99,1.99,1
B00920,Klasse 3 & 5,1041,Schnellhefter A4 Kunststoff gelb,5,0.5,2.5,1
B00920,Klasse 3 & 5,1044,Fineliner 10er Set Stabilo Point 88,1,7.99,7.99,1
B00920,Klasse 3 & 5,1039,Schnellhefter A4 Kunststoff rot,3,0.5,1.5,1
B00920,Klasse 3 & 5,1027,Collegeblock A4 kariert (80 Blatt),3,1.79,5.37,1
B00920,Klasse 3 & 5,1015,Radiergummi soft (für Bleistifte),1,0.8,0.8,1
B00920,Klasse 3 & 5,1022,Schreiblern-Füller Lamy ABC,1,14.5,14.5,1
B00920,Klasse 3 & 5,1017,Zeichenblock A3 (20 Blatt),1,2.49,2.49,1
B00920,Klasse 3 & 5,1013,Klebestift Uhu Renature 21g,1,1.89,1.89,1
B00920,Klasse 3 & 5,1019,Borstenpinsel-Set (Größen 4/8/12),1,3.5,3.5,1
B00920,Klasse 3 & 5,1003,Schreiblernheft A4 Lineatur 3 (16 Blatt),5,0.99,4.95,1
B00920,Klasse 3 & 5,1010,Knetmasse 10 Farben,1,3.49,3.49,1
B00921,Klasse 1 & 2,1015,Radiergummi soft (für Bleistifte),1,0.8,0.8,1
B00921,Klasse 1 & 2,1012,Bastelschere rund 13cm Linkshänder,1,2.2,2.2,1
B00921,Klasse 1 & 2,1041,Schnellhefter A4 Kunststoff gelb,3,0.5,1.5,1
B00921,Klasse 1 & 2,1005,Rechenheft A4 Lineatur 7 (7x7mm Kästchen),3,0.99,2.97,1
B00921,Klasse 1 & 2,1038,Schnellhefter A4 Kunststoff blau,3,0.5,1.5,1
B00921,Klasse 1 & 2,1040,Schnellhefter A4 Kunststoff grün,3,0.5,1.5,1
B00921,Klasse 1 & 2,1016,Sammelbox A4 Karton blau,3,2.49,7.47,1
B00921,Klasse 1 & 2,1010,Knetmasse 10 Farben,1,3.49,3.49,1
B00921,Klasse 1 & 2,1019,Borstenpinsel-Set (Größen 4/8/12),1,3.5,3.5,1
B00921,Klasse 1 & 2,1009,Wachsmalkreiden 12er Set (wasservermalbar),1,6.99,6.99,1
B00921,Klasse 1 & 2,1001,Schreiblernheft A4 Lineatur 1 (16 Blatt),2,0.99,1.98,1
B00921,Klasse 1 & 2,1013,Klebestift Uhu Renature 21g,1,1.89,1.89,1
B00921,Klasse 1 & 2,1008,Buntstifte 12er Set dreikant (dick),1,5.49,5.49,1
B00922,Klasse 11,1044,Fineliner 10er Set Stabilo Point 88,1,7.99,7.99,0
B00922,Klasse 11,1039,Schnellhefter A4 Kunststoff rot,5,0.5,2.5,0
B00922,Klasse 11,1051,Grafikrechner Casio FX-CG50,1,119.0,119.0,0
B00922,Klasse 11,1050,Oxford Collegeblock A4 liniert (90g Papier),3,2.79,8.37,0
B00922,Klasse 11,1027,Collegeblock A4 kariert (80 Blatt),1,1.79,1.79,0
B00923,Klasse 1 & 2,1018,Tuschkasten K12 (12 Farben),1,9.95,9.95,1
B00923,Klasse 1 & 2,1015,Radiergummi soft (für Bleistifte),1,0.8,0.8,1
B00923,Klasse 1 & 2,1016,Sammelbox A4 Karton blau,2,2.49,4.98,1
B00923,Klasse 1 & 2,1019,Borstenpinsel-Set (Größen 4/8/12),1,3.5,3.5,1
B00923,Klasse 1 & 2,1038,Schnellhefter A4 Kunststoff blau,1,0.5,0.5,1
B00923,Klasse 1 & 2,1042,Schnellhefter A4 Kunststoff orange,1,0.5,0.5,1
B00923,Klasse 1 & 2,1023,Hausaufgabenheft Grundschule A5,1,1.99,1.99,1
B00923,Klasse 1 & 2,1040,Schnellhefter A4 Kunststoff grün,2,0.5,1.0,1
B00923,Klasse 1 & 2,1041,Schnellhefter A4 Kunststoff gelb,2,0.5,1.0,1
B00923,Klasse 1 & 2,1017,Zeichenblock A3 (20 Blatt),1,2.49,2.49,1
B00923,Klasse 1 & 2,1005,Rechenheft A4 Lineatur 7 (7x7mm Kästchen),5,0.99,4.95,1
B00924,Klasse 6 & 10,1041,Schnellhefter A4 Kunststoff gelb,1,0.5,0.5,1
B00924,Klasse 6 & 10,1018,Tuschkasten K12 (12 Farben),1,9.95,9.95,1
B00924,Klasse 6 & 10,1034,Schulkompass Zirkel Staedtler,1,8.5,8.5,1
B00924,Klasse 6 & 10,1037,Lineal 30cm Kunststoff transparent,1,1.1,1.1,1
B00924,Klasse 6 & 10,1036,Bleistift HB Grip 2001 Faber-Castell,5,1.5,7.5,1
B00924,Klasse 6 & 10,1057,Textmarker-Set Pastell 6 Farben Stabilo Boss,1,6.99,6.99,1
B00924,Klasse 6 & 10,1029,Geodreieck 16 cm transparent Aristo,1,1.2,1.2,1
B00924,Klasse 6 & 10,1058,Haftnotizen Post-it 76x76mm gelb,1,1.99,1.99,1
B00925,Klasse 2,1015,Radiergummi soft (für Bleistifte),1,0.8,0.8,0
B00925,Klasse 2,1012,Bastelschere rund 13cm Linkshänder,1,2.2,2.2,0
B00925,Klasse 2,1013,Klebestift Uhu Renature 21g,1,1.89,1.89,0
B00925,Klasse 2,1040,Schnellhefter A4 Kunststoff grün,1,0.5,0.5,0
B00925,Klasse 2,1041,Schnellhefter A4 Kunststoff gelb,5,0.5,2.5,0
B00925,Klasse 2,1017,Zeichenblock A3 (20 Blatt),1,2.49,2.49,0
B00925,Klasse 2,1038,Schnellhefter A4 Kunststoff blau,2,0.5,1.0,0
B00925,Klasse 2,1009,Wachsmalkreiden 12er Set (wasservermalbar),1,6.99,6.99,0
B00926,Klasse 8,1032,Tintenpatronen blau T10 (5er Pack),3,1.8,5.4,0
B00926,Klasse 8,1025,Schulheft A4 kariert Lineatur 22 (16 Blatt),5,0.99,4.95,0
B00926,Klasse 8,1017,Zeichenblock A3 (20 Blatt),1,2.49,2.49,0
B00926,Klasse 8,1056,Kugelschreiber Grip 2011 M schwarz,3,4.5,13.5,0
B00927,Klasse 9,1033,Tintenkiller Super Pirat (2er Pack),1,2.49,2.49,0
B00927,Klasse 9,1018,Tuschkasten K12 (12 Farben),1,9.95,9.95,0
B00927,Klasse 9,1059,Karteikarten A7 liniert 100 Stück,1,1.49,1.49,0
B00927,Klasse 9,1046,Ordner A4 breit 80mm schwarz,3,3.49,10.47,0
B00927,Klasse 9,1042,Schnellhefter A4 Kunststoff orange,2,0.5,1.0,0
B00927,Klasse 9,1057,Textmarker-Set Pastell 6 Farben Stabilo Boss,1,6.99,6.99,0
B00927,Klasse 9,1017,Zeichenblock A3 (20 Blatt),1,2.49,2.49,0
B00928,Klasse 12,1051,Grafikrechner Casio FX-CG50,1,119.0,119.0,0
B00928,Klasse 12,1036,Bleistift HB Grip 2001 Faber-Castell,5,1.5,7.5,0
B00929,Klasse 5,1036,Bleistift HB Grip 2001 Faber-Castell,2,1.5,3.0,0
B00929,Klasse 5,1020,Haarpinsel-Set (Größen 2/6/10),1,3.99,3.99,0
B00929,Klasse 5,1039,Schnellhefter A4 Kunststoff rot,1,0.5,0.5,0
B00929,Klasse 5,1018,Tuschkasten K12 (12 Farben),1,9.95,9.95,0
B00929,Klasse 5,1028,Collegeblock A4 liniert (80 Blatt),10,1.79,17.9,0
B00930,Klasse 3 & 4,1004,Schulheft A4 Lineatur 4 (16 Blatt),2,0.99,1.98,1
B00930,Klasse 3 & 4,1018,Tuschkasten K12 (12 Farben),1,9.95,9.95,1
B00930,Klasse 3 & 4,1022,Schreiblern-Füller Lamy ABC,1,14.5,14.5,1
B00930,Klasse 3 & 4,1012,Bastelschere rund 13cm Linkshänder,1,2.2,2.2,1
B00930,Klasse 3 & 4,1039,Schnellhefter A4 Kunststoff rot,2,0.5,1.0,1
B00930,Klasse 3 & 4,1041,Schnellhefter A4 Kunststoff gelb,2,0.5,1.0,1
B00930,Klasse 3 & 4,1023,Hausaufgabenheft Grundschule A5,1,1.99,1.99,1
B00930,Klasse 3 & 4,1042,Schnellhefter A4 Kunststoff orange,1,0.5,0.5,1
B00930,Klasse 3 & 4,1014,Doppelanspitzer Dose Trio Grip,1,2.99,2.99,1
B00930,Klasse 3 & 4,1016,Sammelbox A4 Karton blau,2,2.49,4.98,1
B00930,Klasse 3 & 4,1019,Borstenpinsel-Set (Größen 4/8/12),1,3.5,3.5,1
B00930,Klasse 3 & 4,1011,Bastelschere rund 13cm Rechtshänder,1,2.2,2.2,1
B00930,Klasse 3 & 4,1031,Füllfederhalter Lamy Safari M,1,19.9,19.9,1
B00931,Klasse 10,1030,Geodreieck 22 cm Griff transparent,1,2.1,2.1,0
B00931,Klasse 10,1059,Karteikarten A7 liniert 100 Stück,1,1.49,1.49,0
B00931,Klasse 10,1015,Radiergummi soft (für Bleistifte),1,0.8,0.8,0
B00931,Klasse 10,1045,Ringbuch A4 schmal 25mm,2,2.99,5.98,0
B00932,Klasse 4,1039,Schnellhefter A4 Kunststoff rot,2,0.5,1.0,0
B00932,Klasse 4,1041,Schnellhefter A4 Kunststoff gelb,3,0.5,1.5,0
B00932,Klasse 4,1032,Tintenpatronen blau T10 (5er Pack),3,1.8,5.4,0
B00932,Klasse 4,1027,Collegeblock A4 kariert (80 Blatt),3,1.79,5.37,0
B00932,Klasse 4,1012,Bastelschere rund 13cm Linkshänder,1,2.2,2.2,0
B00932,Klasse 4,1036,Bleistift HB Grip 2001 Faber-Castell,5,1.5,7.5,0
B00932,Klasse 4,1008,Buntstifte 12er Set dreikant (dick),1,5.49,5.49,0
B00933,Klasse 8,1018,Tuschkasten K12 (12 Farben),1,9.95,9.95,0
B00933,Klasse 8,1038,Schnellhefter A4 Kunststoff blau,2,0.5,1.0,0
B00933,Klasse 8,1033,Tintenkiller Super Pirat (2er Pack),1,2.49,2.49,0
B00933,Klasse 8,1041,Schnellhefter A4 Kunststoff gelb,2,0.5,1.0,0
B00933,Klasse 8,1061,Tintenroller Pilot Frixion Ball 0.7 schwarz,2,3.29,6.58,0
B00934,Klasse 8,1047,Wissenschaftlicher Taschenrechner Casio fx-87DE X,1,24.99,24.99,0
B00934,Klasse 8,1017,Zeichenblock A3 (20 Blatt),1,2.49,2.49,0
B00934,Klasse 8,1032,Tintenpatronen blau T10 (5er Pack),2,1.8,3.6,0
B00934,Klasse 8,1038,Schnellhefter A4 Kunststoff blau,2,0.5,1.0,0
B00935,Klasse 5,1040,Schnellhefter A4 Kunststoff grün,2,0.5,1.0,0
B00935,Klasse 5,1033,Tintenkiller Super Pirat (2er Pack),2,2.49,4.98,0
B00935,Klasse 5,1025,Schulheft A4 kariert Lineatur 22 (16 Blatt),3,0.99,2.97,0
B00935,Klasse 5,1038,Schnellhefter A4 Kunststoff blau,2,0.5,1.0,0
B00935,Klasse 5,1032,Tintenpatronen blau T10 (5er Pack),2,1.8,3.6,0
B00935,Klasse 5,1031,Füllfederhalter Lamy Safari M,1,19.9,19.9,0
B00936,Klasse 9,1018,Tuschkasten K12 (12 Farben),1,9.95,9.95,0
B00936,Klasse 9,1028,Collegeblock A4 liniert (80 Blatt),5,1.79,8.95,0
B00936,Klasse 9,1020,Haarpinsel-Set (Größen 2/6/10),1,3.99,3.99,0
B00937,Klasse 10,1059,Karteikarten A7 liniert 100 Stück,1,1.49,1.49,0
B00937,Klasse 10,1035,Buntstifte 24er Set dreikant,1,8.99,8.99,0
B00937,Klasse 10,1045,Ringbuch A4 schmal 25mm,2,2.99,5.98,0
B00938,Klasse 1 & 8,1001,Schreiblernheft A4 Lineatur 1 (16 Blatt),3,0.99,2.97,1
B00938,Klasse 1 & 8,1007,Schreiblernbleistift Trio Grip (dick),2,1.99,3.98,1
B00938,Klasse 1 & 8,1014,Doppelanspitzer Dose Trio Grip,1,2.99,2.99,1
B00938,Klasse 1 & 8,1020,Haarpinsel-Set (Größen 2/6/10),1,3.99,3.99,1
B00938,Klasse 1 & 8,1013,Klebestift Uhu Renature 21g,1,1.89,1.89,1
B00938,Klasse 1 & 8,1038,Schnellhefter A4 Kunststoff blau,3,0.5,1.5,1
B00938,Klasse 1 & 8,1005,Rechenheft A4 Lineatur 7 (7x7mm Kästchen),10,0.99,9.9,1
B00938,Klasse 1 & 8,1017,Zeichenblock A3 (20 Blatt),1,2.49,2.49,1
B00938,Klasse 1 & 8,1037,Lineal 30cm Kunststoff transparent,1,1.1,1.1,1
B00938,Klasse 1 & 8,1015,Radiergummi soft (für Bleistifte),1,0.8,0.8,1
B00938,Klasse 1 & 8,1056,Kugelschreiber Grip 2011 M schwarz,1,4.5,4.5,1
B00938,Klasse 1 & 8,1059,Karteikarten A7 liniert 100 Stück,1,1.49,1.49,1
B00938,Klasse 1 & 8,1034,Schulkompass Zirkel Staedtler,1,8.5,8.5,1
B00939,Klasse 3,1016,Sammelbox A4 Karton blau,2,2.49,4.98,0
B00939,Klasse 3,1018,Tuschkasten K12 (12 Farben),1,9.95,9.95,0
B00939,Klasse 3,1036,Bleistift HB Grip 2001 Faber-Castell,1,1.5,1.5,0
B00939,Klasse 3,1020,Haarpinsel-Set (Größen 2/6/10),1,3.99,3.99,0
B00939,Klasse 3,1017,Zeichenblock A3 (20 Blatt),1,2.49,2.49,0
B00939,Klasse 3,1041,Schnellhefter A4 Kunststoff gelb,3,0.5,1.5,0
B00939,Klasse 3,1003,Schreiblernheft A4 Lineatur 3 (16 Blatt),5,0.99,4.95,0
B00940,Klasse 8,1030,Geodreieck 22 cm Griff transparent,1,2.1,2.1,0
B00940,Klasse 8,1017,Zeichenblock A3 (20 Blatt),1,2.49,2.49,0
B00940,Klasse 8,1020,Haarpinsel-Set (Größen 2/6/10),1,3.99,3.99,0
B00940,Klasse 8,1040,Schnellhefter A4 Kunststoff grün,2,0.5,1.0,0
B00940,Klasse 8,1043,Textmarker-Set 4 Farben Stabilo Boss,1,4.99,4.99,0
B00940,Klasse 8,1060,Prospekthüllen A4 transparent 100er Pack,1,3.99,3.99,0
B00941,Klasse 8,1019,Borstenpinsel-Set (Größen 4/8/12),1,3.5,3.5,0
B00941,Klasse 8,1015,Radiergummi soft (für Bleistifte),1,0.8,0.8,0
B00941,Klasse 8,1056,Kugelschreiber Grip 2011 M schwarz,2,4.5,9.0,0
B00941,Klasse 8,1018,Tuschkasten K12 (12 Farben),1,9.95,9.95,0
B00941,Klasse 8,1041,Schnellhefter A4 Kunststoff gelb,2,0.5,1.0,0
B00941,Klasse 8,1059,Karteikarten A7 liniert 100 Stück,1,1.49,1.49,0
B00942,Klasse 7,1059,Karteikarten A7 liniert 100 Stück,1,1.49,1.49,0
B00942,Klasse 7,1046,Ordner A4 breit 80mm schwarz,3,3.49,10.47,0
B00942,Klasse 7,1035,Buntstifte 24er Set dreikant,1,8.99,8.99,0
B00942,Klasse 7,1033,Tintenkiller Super Pirat (2er Pack),5,2.49,12.45,0
B00943,Klasse 5,1044,Fineliner 10er Set Stabilo Point 88,1,7.99,7.99,0
B00943,Klasse 5,1026,Vokabelheft A5 Lineatur 53 (32 Blatt),10,1.29,12.9,0
B00943,Klasse 5,1031,Füllfederhalter Lamy Safari M,1,19.9,19.9,0
B00943,Klasse 5,1020,Haarpinsel-Set (Größen 2/6/10),1,3.99,3.99,0
B00943,Klasse 5,1048,Hausaufgabenheft A5 Classic,1,1.99,1.99,0
B00943,Klasse 5,1060,Prospekthüllen A4 transparent 100er Pack,1,3.99,3.99,0
B00943,Klasse 5,1015,Radiergummi soft (für Bleistifte),1,0.8,0.8,0
B00944,Klasse 10,1045,Ringbuch A4 schmal 25mm,2,2.99,5.98,0
B00944,Klasse 10,1037,Lineal 30cm Kunststoff transparent,1,1.1,1.1,0
B00944,Klasse 10,1050,Oxford Collegeblock A4 liniert (90g Papier),5,2.79,13.95,0
B00944,Klasse 10,1024,Schulheft A4 liniert Lineatur 21 (16 Blatt),3,0.99,2.97,0
B00944,Klasse 10,1049,Oxford Collegeblock A4 kariert (90g Papier),5,2.79,13.95,0
B00945,Klasse 1,1039,Schnellhefter A4 Kunststoff rot,3,0.5,1.5,0
B00945,Klasse 1,1009,Wachsmalkreiden 12er Set (wasservermalbar),1,6.99,6.99,0
B00945,Klasse 1,1005,Rechenheft A4 Lineatur 7 (7x7mm Kästchen),5,0.99,4.95,0
B00945,Klasse 1,1014,Doppelanspitzer Dose Trio Grip,1,2.99,2.99,0
B00946,Klasse 12,1045,Ringbuch A4 schmal 25mm,1,2.99,2.99,0
B00946,Klasse 12,1057,Textmarker-Set Pastell 6 Farben Stabilo Boss,1,6.99,6.99,0
B00946,Klasse 12,1037,Lineal 30cm Kunststoff transparent,1,1.1,1.1,0
B00946,Klasse 12,1049,Oxford Collegeblock A4 kariert (90g Papier),2,2.79,5.58,0
B00946,Klasse 12,1030,Geodreieck 22 cm Griff transparent,1,2.1,2.1,0
B00947,Klasse 9 & 11,1056,Kugelschreiber Grip 2011 M schwarz,1,4.5,4.5,1
B00947,Klasse 9 & 11,1051,Grafikrechner Casio FX-CG50,1,119.0,119.0,1
B00947,Klasse 9 & 11,1017,Zeichenblock A3 (20 Blatt),1,2.49,2.49,1
B00947,Klasse 9 & 11,1035,Buntstifte 24er Set dreikant,1,8.99,8.99,1
B00947,Klasse 9 & 11,1030,Geodreieck 22 cm Griff transparent,1,2.1,2.1,1
B00947,Klasse 9 & 11,1049,Oxford Collegeblock A4 kariert (90g Papier),5,2.79,13.95,1
B00947,Klasse 9 & 11,1052,Formelsammlung Mathematik/Physik/Chemie Duden,1,12.99,12.99,1
B00947,Klasse 9 & 11,1059,Karteikarten A7 liniert 100 Stück,1,1.49,1.49,1
B00947,Klasse 9 & 11,1055,Kugelschreiber Grip 2011 M blau (dokumentenecht),2,4.5,9.0,1
B00948,Klasse 7,1060,Prospekthüllen A4 transparent 100er Pack,1,3.99,3.99,0
B00948,Klasse 7,1041,Schnellhefter A4 Kunststoff gelb,2,0.5,1.0,0
B00948,Klasse 7,1015,Radiergummi soft (für Bleistifte),1,0.8,0.8,0
B00948,Klasse 7,1048,Hausaufgabenheft A5 Classic,1,1.99,1.99,0
B00949,Klasse 9 & 11,1049,Oxford Collegeblock A4 kariert (90g Papier),3,2.79,8.37,1
B00949,Klasse 9 & 11,1031,Füllfederhalter Lamy Safari M,1,19.9,19.9,1
B00949,Klasse 9 & 11,1033,Tintenkiller Super Pirat (2er Pack),2,2.49,4.98,1
B00949,Klasse 9 & 11,1060,Prospekthüllen A4 transparent 100er Pack,1,3.99,3.99,1
B00949,Klasse 9 & 11,1043,Textmarker-Set 4 Farben Stabilo Boss,1,4.99,4.99,1
B00949,Klasse 9 & 11,1052,Formelsammlung Mathematik/Physik/Chemie Duden,1,12.99,12.99,1
B00949,Klasse 9 & 11,1046,Ordner A4 breit 80mm schwarz,1,3.49,3.49,1
B00950,Klasse 10,1040,Schnellhefter A4 Kunststoff grün,2,0.5,1.0,0
B00950,Klasse 10,1029,Geodreieck 16 cm transparent Aristo,1,1.2,1.2,0
B00950,Klasse 10,1015,Radiergummi soft (für Bleistifte),1,0.8,0.8,0
B00950,Klasse 10,1038,Schnellhefter A4 Kunststoff blau,2,0.5,1.0,0
B00951,Klasse 6,1045,Ringbuch A4 schmal 25mm,1,2.99,2.99,0
B00951,Klasse 6,1042,Schnellhefter A4 Kunststoff orange,2,0.5,1.0,0
B00951,Klasse 6,1025,Schulheft A4 kariert Lineatur 22 (16 Blatt),1,0.99,0.99,0
B00951,Klasse 6,1048,Hausaufgabenheft A5 Classic,1,1.99,1.99,0
B00951,Klasse 6,1039,Schnellhefter A4 Kunststoff rot,5,0.5,2.5,0
B00951,Klasse 6,1046,Ordner A4 breit 80mm schwarz,5,3.49,17.45,0
B00951,Klasse 6,1027,Collegeblock A4 kariert (80 Blatt),3,1.79,5.37,0
B00952,Klasse 5,1015,Radiergummi soft (für Bleistifte),1,0.8,0.8,0
B00952,Klasse 5,1004,Schulheft A4 Lineatur 4 (16 Blatt),3,0.99,2.97,0
B00952,Klasse 5,1045,Ringbuch A4 schmal 25mm,3,2.99,8.97,0
B00952,Klasse 5,1060,Prospekthüllen A4 transparent 100er Pack,1,3.99,3.99,0
B00952,Klasse 5,1028,Collegeblock A4 liniert (80 Blatt),5,1.79,8.95,0
B00952,Klasse 5,1026,Vokabelheft A5 Lineatur 53 (32 Blatt),2,1.29,2.58,0
B00953,Klasse 7,1036,Bleistift HB Grip 2001 Faber-Castell,2,1.5,3.0,0
B00953,Klasse 7,1059,Karteikarten A7 liniert 100 Stück,1,1.49,1.49,0
B00953,Klasse 7,1056,Kugelschreiber Grip 2011 M schwarz,2,4.5,9.0,0
B00953,Klasse 7,1048,Hausaufgabenheft A5 Classic,1,1.99,1.99,0
B00953,Klasse 7,1061,Tintenroller Pilot Frixion Ball 0.7 schwarz,3,3.29,9.87,0
B00953,Klasse 7,1038,Schnellhefter A4 Kunststoff blau,1,0.5,0.5,0
B00953,Klasse 7,1015,Radiergummi soft (für Bleistifte),1,0.8,0.8,0
B00954,Klasse 4,1006,Rechenheft A4 Lineatur 8 (5x5mm Kästchen),3,0.99,2.97,0
B00954,Klasse 4,1038,Schnellhefter A4 Kunststoff blau,1,0.5,0.5,0
B00954,Klasse 4,1046,Ordner A4 breit 80mm schwarz,2,3.49,6.98,0
B00954,Klasse 4,1017,Zeichenblock A3 (20 Blatt),1,2.49,2.49,0
B00955,Klasse 10,1040,Schnellhefter A4 Kunststoff grün,3,0.5,1.5,0
B00955,Klasse 10,1039,Schnellhefter A4 Kunststoff rot,2,0.5,1.0,0
B00955,Klasse 10,1059,Karteikarten A7 liniert 100 Stück,1,1.49,1.49,0
B00956,Klasse 4,1038,Schnellhefter A4 Kunststoff blau,1,0.5,0.5,0
B00956,Klasse 4,1024,Schulheft A4 liniert Lineatur 21 (16 Blatt),10,0.99,9.9,0
B00956,Klasse 4,1016,Sammelbox A4 Karton blau,1,2.49,2.49,0
B00956,Klasse 4,1004,Schulheft A4 Lineatur 4 (16 Blatt),3,0.99,2.97,0
B00957,Klasse 5,1048,Hausaufgabenheft A5 Classic,1,1.99,1.99,0
B00957,Klasse 5,1026,Vokabelheft A5 Lineatur 53 (32 Blatt),5,1.29,6.45,0
B00957,Klasse 5,1006,Rechenheft A4 Lineatur 8 (5x5mm Kästchen),3,0.99,2.97,0
B00957,Klasse 5,1024,Schulheft A4 liniert Lineatur 21 (16 Blatt),2,0.99,1.98,0
B00957,Klasse 5,1025,Schulheft A4 kariert Lineatur 22 (16 Blatt),3,0.99,2.97,0
B00957,Klasse 5,1046,Ordner A4 breit 80mm schwarz,2,3.49,6.98,0
B00957,Klasse 5,1039,Schnellhefter A4 Kunststoff rot,3,0.5,1.5,0
B00958,Klasse 3 & 6,1041,Schnellhefter A4 Kunststoff gelb,2,0.5,1.0,1
B00958,Klasse 3 & 6,1015,Radiergummi soft (für Bleistifte),1,0.8,0.8,1
B00958,Klasse 3 & 6,1032,Tintenpatronen blau T10 (5er Pack),2,1.8,3.6,1
B00958,Klasse 3 & 6,1008,Buntstifte 12er Set dreikant (dick),1,5.49,5.49,1
B00958,Klasse 3 & 6,1013,Klebestift Uhu Renature 21g,1,1.89,1.89,1
B00958,Klasse 3 & 6,1019,Borstenpinsel-Set (Größen 4/8/12),1,3.5,3.5,1
B00958,Klasse 3 & 6,1039,Schnellhefter A4 Kunststoff rot,1,0.5,0.5,1
B00958,Klasse 3 & 6,1012,Bastelschere rund 13cm Linkshänder,1,2.2,2.2,1
B00959,Klasse 7,1026,Vokabelheft A5 Lineatur 53 (32 Blatt),5,1.29,6.45,0
B00959,Klasse 7,1061,Tintenroller Pilot Frixion Ball 0.7 schwarz,3,3.29,9.87,0
B00959,Klasse 7,1034,Schulkompass Zirkel Staedtler,1,8.5,8.5,0
B00959,Klasse 7,1041,Schnellhefter A4 Kunststoff gelb,5,0.5,2.5,0
B00959,Klasse 7,1033,Tintenkiller Super Pirat (2er Pack),2,2.49,4.98,0
B00959,Klasse 7,1055,Kugelschreiber Grip 2011 M blau (dokumentenecht),5,4.5,22.5,0
B00959,Klasse 7,1038,Schnellhefter A4 Kunststoff blau,2,0.5,1.0,0
B00960,Klasse 3,1041,Schnellhefter A4 Kunststoff gelb,3,0.5,1.5,0
B00960,Klasse 3,1023,Hausaufgabenheft Grundschule A5,1,1.99,1.99,0
B00960,Klasse 3,1038,Schnellhefter A4 Kunststoff blau,1,0.5,0.5,0
B00960,Klasse 3,1020,Haarpinsel-Set (Größen 2/6/10),1,3.99,3.99,0
B00960,Klasse 3,1042,Schnellhefter A4 Kunststoff orange,3,0.5,1.5,0
B00961,Klasse 2,1008,Buntstifte 12er Set dreikant (dick),1,5.49,5.49,0
B00961,Klasse 2,1016,Sammelbox A4 Karton blau,5,2.49,12.45,0
B00961,Klasse 2,1007,Schreiblernbleistift Trio Grip (dick),3,1.99,5.97,0
B00961,Klasse 2,1023,Hausaufgabenheft Grundschule A5,1,1.99,1.99,0
B00961,Klasse 2,1005,Rechenheft A4 Lineatur 7 (7x7mm Kästchen),5,0.99,4.95,0
B00961,Klasse 2,1038,Schnellhefter A4 Kunststoff blau,2,0.5,1.0,0
B00961,Klasse 2,1018,Tuschkasten K12 (12 Farben),1,9.95,9.95,0
B00961,Klasse 2,1022,Schreiblern-Füller Lamy ABC,1,14.5,14.5,0
B00962,Klasse 9,1018,Tuschkasten K12 (12 Farben),1,9.95,9.95,0
B00962,Klasse 9,1056,Kugelschreiber Grip 2011 M schwarz,2,4.5,9.0,0
B00962,Klasse 9,1061,Tintenroller Pilot Frixion Ball 0.7 schwarz,5,3.29,16.45,0
B00962,Klasse 9,1052,Formelsammlung Mathematik/Physik/Chemie Duden,1,12.99,12.99,0
B00962,Klasse 9,1034,Schulkompass Zirkel Staedtler,1,8.5,8.5,0
B00963,Klasse 3,1012,Bastelschere rund 13cm Linkshänder,1,2.2,2.2,0
B00963,Klasse 3,1003,Schreiblernheft A4 Lineatur 3 (16 Blatt),1,0.99,0.99,0
B00963,Klasse 3,1014,Doppelanspitzer Dose Trio Grip,1,2.99,2.99,0
B00963,Klasse 3,1040,Schnellhefter A4 Kunststoff grün,1,0.5,0.5,0
B00964,Klasse 10,1015,Radiergummi soft (für Bleistifte),1,0.8,0.8,0
B00964,Klasse 10,1044,Fineliner 10er Set Stabilo Point 88,1,7.99,7.99,0
B00965,Klasse 1,1020,Haarpinsel-Set (Größen 2/6/10),1,3.99,3.99,0
B00965,Klasse 1,1008,Buntstifte 12er Set dreikant (dick),1,5.49,5.49,0
B00965,Klasse 1,1017,Zeichenblock A3 (20 Blatt),1,2.49,2.49,0
B00965,Klasse 1,1012,Bastelschere rund 13cm Linkshänder,1,2.2,2.2,0
B00965,Klasse 1,1016,Sammelbox A4 Karton blau,2,2.49,4.98,0
B00965,Klasse 1,1042,Schnellhefter A4 Kunststoff orange,2,0.5,1.0,0
B00966,Klasse 4,1013,Klebestift Uhu Renature 21g,1,1.89,1.89,0
B00966,Klasse 4,1020,Haarpinsel-Set (Größen 2/6/10),1,3.99,3.99,0
B00966,Klasse 4,1012,Bastelschere rund 13cm Linkshänder,1,2.2,2.2,0
B00966,Klasse 4,1045,Ringbuch A4 schmal 25mm,5,2.99,14.95,0
B00966,Klasse 4,1041,Schnellhefter A4 Kunststoff gelb,5,0.5,2.5,0
B00966,Klasse 4,1015,Radiergummi soft (für Bleistifte),1,0.8,0.8,0
B00966,Klasse 4,1031,Füllfederhalter Lamy Safari M,1,19.9,19.9,0
B00967,Klasse 7,1027,Collegeblock A4 kariert (80 Blatt),2,1.79,3.58,0
B00967,Klasse 7,1025,Schulheft A4 kariert Lineatur 22 (16 Blatt),2,0.99,1.98,0
B00967,Klasse 7,1061,Tintenroller Pilot Frixion Ball 0.7 schwarz,1,3.29,3.29,0
B00968,Klasse 5,1023,Hausaufgabenheft Grundschule A5,1,1.99,1.99,0
B00968,Klasse 5,1040,Schnellhefter A4 Kunststoff grün,1,0.5,0.5,0
B00968,Klasse 5,1043,Textmarker-Set 4 Farben Stabilo Boss,1,4.99,4.99,0
B00968,Klasse 5,1036,Bleistift HB Grip 2001 Faber-Castell,3,1.5,4.5,0
B00969,Klasse 3,1011,Bastelschere rund 13cm Rechtshänder,1,2.2,2.2,0
B00969,Klasse 3,1022,Schreiblern-Füller Lamy ABC,1,14.5,14.5,0
B00969,Klasse 3,1015,Radiergummi soft (für Bleistifte),1,0.8,0.8,0
B00969,Klasse 3,1016,Sammelbox A4 Karton blau,5,2.49,12.45,0
B00969,Klasse 3,1014,Doppelanspitzer Dose Trio Grip,1,2.99,2.99,0
B00969,Klasse 3,1038,Schnellhefter A4 Kunststoff blau,2,0.5,1.0,0
B00969,Klasse 3,1042,Schnellhefter A4 Kunststoff orange,2,0.5,1.0,0
B00970,Klasse 9,1031,Füllfederhalter Lamy Safari M,1,19.9,19.9,0
B00970,Klasse 9,1017,Zeichenblock A3 (20 Blatt),1,2.49,2.49,0
B00970,Klasse 9,1029,Geodreieck 16 cm transparent Aristo,1,1.2,1.2,0
B00970,Klasse 9,1046,Ordner A4 breit 80mm schwarz,1,3.49,3.49,0
B00970,Klasse 9,1026,Vokabelheft A5 Lineatur 53 (32 Blatt),2,1.29,2.58,0
B00970,Klasse 9,1015,Radiergummi soft (für Bleistifte),1,0.8,0.8,0
B00970,Klasse 9,1055,Kugelschreiber Grip 2011 M blau (dokumentenecht),1,4.5,4.5,0
B00971,Klasse 11,1034,Schulkompass Zirkel Staedtler,1,8.5,8.5,0
B00971,Klasse 11,1037,Lineal 30cm Kunststoff transparent,1,1.1,1.1,0
B00971,Klasse 11,1027,Collegeblock A4 kariert (80 Blatt),2,1.79,3.58,0
B00971,Klasse 11,1052,Formelsammlung Mathematik/Physik/Chemie Duden,1,12.99,12.99,0
B00972,Klasse 11,1045,Ringbuch A4 schmal 25mm,2,2.99,5.98,0
B00972,Klasse 11,1030,Geodreieck 22 cm Griff transparent,1,2.1,2.1,0
B00972,Klasse 11,1029,Geodreieck 16 cm transparent Aristo,1,1.2,1.2,0
B00972,Klasse 11,1027,Collegeblock A4 kariert (80 Blatt),2,1.79,3.58,0
B00973,Klasse 7,1015,Radiergummi soft (für Bleistifte),1,0.8,0.8,0
B00973,Klasse 7,1018,Tuschkasten K12 (12 Farben),1,9.95,9.95,0
B00973,Klasse 7,1037,Lineal 30cm Kunststoff transparent,1,1.1,1.1,0
B00973,Klasse 7,1041,Schnellhefter A4 Kunststoff gelb,3,0.5,1.5,0
B00973,Klasse 7,1044,Fineliner 10er Set Stabilo Point 88,1,7.99,7.99,0
B00974,Klasse 1 & 9,1041,Schnellhefter A4 Kunststoff gelb,3,0.5,1.5,1
B00974,Klasse 1 & 9,1016,Sammelbox A4 Karton blau,3,2.49,7.47,1
B00974,Klasse 1 & 9,1010,Knetmasse 10 Farben,1,3.49,3.49,1
B00974,Klasse 1 & 9,1021,Knete-Unterlage Kunststoff A3,1,1.99,1.99,1
B00974,Klasse 1 & 9,1014,Doppelanspitzer Dose Trio Grip,1,2.99,2.99,1
B00974,Klasse 1 & 9,1055,Kugelschreiber Grip 2011 M blau (dokumentenecht),3,4.5,13.5,1
B00974,Klasse 1 & 9,1043,Textmarker-Set 4 Farben Stabilo Boss,1,4.99,4.99,1
B00974,Klasse 1 & 9,1029,Geodreieck 16 cm transparent Aristo,1,1.2,1.2,1
B00974,Klasse 1 & 9,1035,Buntstifte 24er Set dreikant,1,8.99,8.99,1
B00974,Klasse 1 & 9,1057,Textmarker-Set Pastell 6 Farben Stabilo Boss,1,6.99,6.99,1
B00974,Klasse 1 & 9,1039,Schnellhefter A4 Kunststoff rot,2,0.5,1.0,1
B00974,Klasse 1 & 9,1053,Ringbucheinlagen A4 liniert 100 Blatt,5,2.29,11.45,1
B00975,Klasse 9,1019,Borstenpinsel-Set (Größen 4/8/12),1,3.5,3.5,0
B00975,Klasse 9,1056,Kugelschreiber Grip 2011 M schwarz,1,4.5,4.5,0
B00975,Klasse 9,1044,Fineliner 10er Set Stabilo Point 88,1,7.99,7.99,0
B00975,Klasse 9,1038,Schnellhefter A4 Kunststoff blau,2,0.5,1.0,0
B00976,Klasse 6,1013,Klebestift Uhu Renature 21g,1,1.89,1.89,0
B00976,Klasse 6,1029,Geodreieck 16 cm transparent Aristo,1,1.2,1.2,0
B00976,Klasse 6,1042,Schnellhefter A4 Kunststoff orange,5,0.5,2.5,0
B00976,Klasse 6,1044,Fineliner 10er Set Stabilo Point 88,1,7.99,7.99,0
B00976,Klasse 6,1043,Textmarker-Set 4 Farben Stabilo Boss,1,4.99,4.99,0
B00976,Klasse 6,1017,Zeichenblock A3 (20 Blatt),1,2.49,2.49,0
B00976,Klasse 6,1019,Borstenpinsel-Set (Größen 4/8/12),1,3.5,3.5,0
B00977,Klasse 11,1045,Ringbuch A4 schmal 25mm,3,2.99,8.97,0
B00977,Klasse 11,1051,Grafikrechner Casio FX-CG50,1,119.0,119.0,0
B00977,Klasse 11,1061,Tintenroller Pilot Frixion Ball 0.7 schwarz,3,3.29,9.87,0
B00978,Klasse 2 & 4,1019,Borstenpinsel-Set (Größen 4/8/12),1,3.5,3.5,1
B00978,Klasse 2 & 4,1020,Haarpinsel-Set (Größen 2/6/10),1,3.99,3.99,1
B00978,Klasse 2 & 4,1021,Knete-Unterlage Kunststoff A3,1,1.99,1.99,1
B00978,Klasse 2 & 4,1008,Buntstifte 12er Set dreikant (dick),1,5.49,5.49,1
B00978,Klasse 2 & 4,1042,Schnellhefter A4 Kunststoff orange,2,0.5,1.0,1
B00978,Klasse 2 & 4,1040,Schnellhefter A4 Kunststoff grün,5,0.5,2.5,1
B00978,Klasse 2 & 4,1018,Tuschkasten K12 (12 Farben),1,9.95,9.95,1
B00978,Klasse 2 & 4,1023,Hausaufgabenheft Grundschule A5,1,1.99,1.99,1
B00978,Klasse 2 & 4,1011,Bastelschere rund 13cm Rechtshänder,1,2.2,2.2,1
B00979,Klasse 6,1042,Schnellhefter A4 Kunststoff orange,2,0.5,1.0,0
B00979,Klasse 6,1038,Schnellhefter A4 Kunststoff blau,2,0.5,1.0,0
B00979,Klasse 6,1035,Buntstifte 24er Set dreikant,1,8.99,8.99,0
B00980,Klasse 8,1045,Ringbuch A4 schmal 25mm,2,2.99,5.98,0
B00980,Klasse 8,1033,Tintenkiller Super Pirat (2er Pack),1,2.49,2.49,0
B00980,Klasse 8,1034,Schulkompass Zirkel Staedtler,1,8.5,8.5,0
B00980,Klasse 8,1025,Schulheft A4 kariert Lineatur 22 (16 Blatt),5,0.99,4.95,0
B00980,Klasse 8,1029,Geodreieck 16 cm transparent Aristo,1,1.2,1.2,0
B00980,Klasse 8,1019,Borstenpinsel-Set (Größen 4/8/12),1,3.5,3.5,0
B00980,Klasse 8,1048,Hausaufgabenheft A5 Classic,1,1.99,1.99,0
B00981,Klasse 4,1011,Bastelschere rund 13cm Rechtshänder,1,2.2,2.2,0
B00981,Klasse 4,1038,Schnellhefter A4 Kunststoff blau,3,0.5,1.5,0
B00981,Klasse 4,1004,Schulheft A4 Lineatur 4 (16 Blatt),5,0.99,4.95,0
B00981,Klasse 4,1026,Vokabelheft A5 Lineatur 53 (32 Blatt),5,1.29,6.45,0
B00981,Klasse 4,1018,Tuschkasten K12 (12 Farben),1,9.95,9.95,0
B00981,Klasse 4,1040,Schnellhefter A4 Kunststoff grün,2,0.5,1.0,0
B00981,Klasse 4,1019,Borstenpinsel-Set (Größen 4/8/12),1,3.5,3.5,0
B00981,Klasse 4,1033,Tintenkiller Super Pirat (2er Pack),1,2.49,2.49,0
B00981,Klasse 4,1036,Bleistift HB Grip 2001 Faber-Castell,5,1.5,7.5,0
B00982,Klasse 4,1018,Tuschkasten K12 (12 Farben),1,9.95,9.95,0
B00982,Klasse 4,1012,Bastelschere rund 13cm Linkshänder,1,2.2,2.2,0
B00982,Klasse 4,1019,Borstenpinsel-Set (Größen 4/8/12),1,3.5,3.5,0
B00982,Klasse 4,1044,Fineliner 10er Set Stabilo Point 88,1,7.99,7.99,0
B00983,Klasse 12,1027,Collegeblock A4 kariert (80 Blatt),5,1.79,8.95,0
B00983,Klasse 12,1055,Kugelschreiber Grip 2011 M blau (dokumentenecht),1,4.5,4.5,0
B00983,Klasse 12,1060,Prospekthüllen A4 transparent 100er Pack,1,3.99,3.99,0
B00983,Klasse 12,1049,Oxford Collegeblock A4 kariert (90g Papier),5,2.79,13.95,0
B00984,Klasse 2,1042,Schnellhefter A4 Kunststoff orange,2,0.5,1.0,0
B00984,Klasse 2,1011,Bastelschere rund 13cm Rechtshänder,1,2.2,2.2,0
B00984,Klasse 2,1041,Schnellhefter A4 Kunststoff gelb,2,0.5,1.0,0
B00984,Klasse 2,1021,Knete-Unterlage Kunststoff A3,1,1.99,1.99,0
B00984,Klasse 2,1020,Haarpinsel-Set (Größen 2/6/10),1,3.99,3.99,0
B00984,Klasse 2,1039,Schnellhefter A4 Kunststoff rot,3,0.5,1.5,0
B00984,Klasse 2,1010,Knetmasse 10 Farben,1,3.49,3.49,0
B00984,Klasse 2,1002,Schreiblernheft A4 Lineatur 2 (16 Blatt),10,0.99,9.9,0
B00984,Klasse 2,1022,Schreiblern-Füller Lamy ABC,1,14.5,14.5,0
B00985,Klasse 10,1036,Bleistift HB Grip 2001 Faber-Castell,2,1.5,3.0,0
B00985,Klasse 10,1050,Oxford Collegeblock A4 liniert (90g Papier),3,2.79,8.37,0
B00985,Klasse 10,1056,Kugelschreiber Grip 2011 M schwarz,2,4.5,9.0,0
B00986,Klasse 8,1017,Zeichenblock A3 (20 Blatt),1,2.49,2.49,0
B00986,Klasse 8,1058,Haftnotizen Post-it 76x76mm gelb,1,1.99,1.99,0
B00986,Klasse 8,1018,Tuschkasten K12 (12 Farben),1,9.95,9.95,0
B00986,Klasse 8,1019,Borstenpinsel-Set (Größen 4/8/12),1,3.5,3.5,0
B00986,Klasse 8,1031,Füllfederhalter Lamy Safari M,1,19.9,19.9,0
B00986,Klasse 8,1055,Kugelschreiber Grip 2011 M blau (dokumentenecht),1,4.5,4.5,0
B00987,Klasse 11,1051,Grafikrechner Casio FX-CG50,1,119.0,119.0,0
B00987,Klasse 11,1054,Ringbucheinlagen A4 kariert 100 Blatt,5,2.29,11.45,0
B00987,Klasse 11,1037,Lineal 30cm Kunststoff transparent,1,1.1,1.1,0
B00987,Klasse 11,1052,Formelsammlung Mathematik/Physik/Chemie Duden,1,12.99,12.99,0
B00987,Klasse 11,1044,Fineliner 10er Set Stabilo Point 88,1,7.99,7.99,0
B00988,Klasse 2,1019,Borstenpinsel-Set (Größen 4/8/12),1,3.5,3.5,0
B00988,Klasse 2,1023,Hausaufgabenheft Grundschule A5,1,1.99,1.99,0
B00988,Klasse 2,1015,Radiergummi soft (für Bleistifte),1,0.8,0.8,0
B00988,Klasse 2,1042,Schnellhefter A4 Kunststoff orange,5,0.5,2.5,0
B00988,Klasse 2,1022,Schreiblern-Füller Lamy ABC,1,14.5,14.5,0
B00989,Klasse 1,1007,Schreiblernbleistift Trio Grip (dick),2,1.99,3.98,0
B00989,Klasse 1,1013,Klebestift Uhu Renature 21g,1,1.89,1.89,0
B00989,Klasse 1,1041,Schnellhefter A4 Kunststoff gelb,5,0.5,2.5,0
B00989,Klasse 1,1001,Schreiblernheft A4 Lineatur 1 (16 Blatt),3,0.99,2.97,0
B00989,Klasse 1,1014,Doppelanspitzer Dose Trio Grip,1,2.99,2.99,0
B00989,Klasse 1,1008,Buntstifte 12er Set dreikant (dick),1,5.49,5.49,0
B00989,Klasse 1,1038,Schnellhefter A4 Kunststoff blau,2,0.5,1.0,0
B00989,Klasse 1,1021,Knete-Unterlage Kunststoff A3,1,1.99,1.99,0
B00990,Klasse 6,1041,Schnellhefter A4 Kunststoff gelb,3,0.5,1.5,0
B00990,Klasse 6,1017,Zeichenblock A3 (20 Blatt),1,2.49,2.49,0
B00990,Klasse 6,1025,Schulheft A4 kariert Lineatur 22 (16 Blatt),5,0.99,4.95,0
B00990,Klasse 6,1039,Schnellhefter A4 Kunststoff rot,1,0.5,0.5,0
B00990,Klasse 6,1024,Schulheft A4 liniert Lineatur 21 (16 Blatt),2,0.99,1.98,0
B00990,Klasse 6,1059,Karteikarten A7 liniert 100 Stück,1,1.49,1.49,0
B00990,Klasse 6,1031,Füllfederhalter Lamy Safari M,1,19.9,19.9,0
B00991,Klasse 1 & 2,1008,Buntstifte 12er Set dreikant (dick),1,5.49,5.49,1
B00991,Klasse 1 & 2,1039,Schnellhefter A4 Kunststoff rot,3,0.5,1.5,1
B00991,Klasse 1 & 2,1014,Doppelanspitzer Dose Trio Grip,1,2.99,2.99,1
B00991,Klasse 1 & 2,1021,Knete-Unterlage Kunststoff A3,1,1.99,1.99,1
B00991,Klasse 1 & 2,1023,Hausaufgabenheft Grundschule A5,1,1.99,1.99,1
B00991,Klasse 1 & 2,1016,Sammelbox A4 Karton blau,2,2.49,4.98,1
B00991,Klasse 1 & 2,1041,Schnellhefter A4 Kunststoff gelb,5,0.5,2.5,1
B00991,Klasse 1 & 2,1012,Bastelschere rund 13cm Linkshänder,1,2.2,2.2,1
B00991,Klasse 1 & 2,1011,Bastelschere rund 13cm Rechtshänder,1,2.2,2.2,1
B00991,Klasse 1 & 2,1007,Schreiblernbleistift Trio Grip (dick),2,1.99,3.98,1
B00991,Klasse 1 & 2,1022,Schreiblern-Füller Lamy ABC,1,14.5,14.5,1
B00991,Klasse 1 & 2,1009,Wachsmalkreiden 12er Set (wasservermalbar),1,6.99,6.99,1
B00992,Klasse 4,1012,Bastelschere rund 13cm Linkshänder,1,2.2,2.2,0
B00992,Klasse 4,1019,Borstenpinsel-Set (Größen 4/8/12),1,3.5,3.5,0
B00992,Klasse 4,1026,Vokabelheft A5 Lineatur 53 (32 Blatt),3,1.29,3.87,0
B00992,Klasse 4,1040,Schnellhefter A4 Kunststoff grün,3,0.5,1.5,0
B00993,Klasse 2,1014,Doppelanspitzer Dose Trio Grip,1,2.99,2.99,0
B00993,Klasse 2,1039,Schnellhefter A4 Kunststoff rot,3,0.5,1.5,0
B00993,Klasse 2,1041,Schnellhefter A4 Kunststoff gelb,1,0.5,0.5,0
B00993,Klasse 2,1021,Knete-Unterlage Kunststoff A3,1,1.99,1.99,0
B00993,Klasse 2,1012,Bastelschere rund 13cm Linkshänder,1,2.2,2.2,0
B00993,Klasse 2,1008,Buntstifte 12er Set dreikant (dick),1,5.49,5.49,0
B00993,Klasse 2,1007,Schreiblernbleistift Trio Grip (dick),2,1.99,3.98,0
B00993,Klasse 2,1042,Schnellhefter A4 Kunststoff orange,2,0.5,1.0,0
B00993,Klasse 2,1002,Schreiblernheft A4 Lineatur 2 (16 Blatt),1,0.99,0.99,0
B00994,Klasse 9,1060,Prospekthüllen A4 transparent 100er Pack,1,3.99,3.99,0
B00994,Klasse 9,1034,Schulkompass Zirkel Staedtler,1,8.5,8.5,0
B00994,Klasse 9,1047,Wissenschaftlicher Taschenrechner Casio fx-87DE X,1,24.99,24.99,0
B00994,Klasse 9,1046,Ordner A4 breit 80mm schwarz,5,3.49,17.45,0
B00994,Klasse 9,1042,Schnellhefter A4 Kunststoff orange,5,0.5,2.5,0
B00994,Klasse 9,1043,Textmarker-Set 4 Farben Stabilo Boss,1,4.99,4.99,0
B00994,Klasse 9,1037,Lineal 30cm Kunststoff transparent,1,1.1,1.1,0
B00995,Klasse 10,1045,Ringbuch A4 schmal 25mm,3,2.99,8.97,0
B00995,Klasse 10,1033,Tintenkiller Super Pirat (2er Pack),1,2.49,2.49,0
B00996,Klasse 3,1014,Doppelanspitzer Dose Trio Grip,1,2.99,2.99,0
B00996,Klasse 3,1003,Schreiblernheft A4 Lineatur 3 (16 Blatt),3,0.99,2.97,0
B00996,Klasse 3,1011,Bastelschere rund 13cm Rechtshänder,1,2.2,2.2,0
B00996,Klasse 3,1015,Radiergummi soft (für Bleistifte),1,0.8,0.8,0
B00996,Klasse 3,1006,Rechenheft A4 Lineatur 8 (5x5mm Kästchen),1,0.99,0.99,0
B00996,Klasse 3,1019,Borstenpinsel-Set (Größen 4/8/12),1,3.5,3.5,0
B00996,Klasse 3,1039,Schnellhefter A4 Kunststoff rot,1,0.5,0.5,0
B00996,Klasse 3,1008,Buntstifte 12er Set dreikant (dick),1,5.49,5.49,0
B00996,Klasse 3,1020,Haarpinsel-Set (Größen 2/6/10),1,3.99,3.99,0
B00997,Klasse 8,1025,Schulheft A4 kariert Lineatur 22 (16 Blatt),3,0.99,2.97,0
B00997,Klasse 8,1015,Radiergummi soft (für Bleistifte),1,0.8,0.8,0
B00997,Klasse 8,1038,Schnellhefter A4 Kunststoff blau,2,0.5,1.0,0
B00997,Klasse 8,1017,Zeichenblock A3 (20 Blatt),1,2.49,2.49,0
B00998,Klasse 6,1039,Schnellhefter A4 Kunststoff rot,3,0.5,1.5,0
B00998,Klasse 6,1018,Tuschkasten K12 (12 Farben),1,9.95,9.95,0
B00998,Klasse 6,1015,Radiergummi soft (für Bleistifte),1,0.8,0.8,0
B00998,Klasse 6,1048,Hausaufgabenheft A5 Classic,1,1.99,1.99,0
B00998,Klasse 6,1017,Zeichenblock A3 (20 Blatt),1,2.49,2.49,0
B00999,Klasse 10,1059,Karteikarten A7 liniert 100 Stück,1,1.49,1.49,0
B00999,Klasse 10,1028,Collegeblock A4 liniert (80 Blatt),5,1.79,8.95,0
B01000,Klasse 4,1038,Schnellhefter A4 Kunststoff blau,1,0.5,0.5,0
B01000,Klasse 4,1025,Schulheft A4 kariert Lineatur 22 (16 Blatt),3,0.99,2.97,0
B01000,Klasse 4,1013,Klebestift Uhu Renature 21g,1,1.89,1.89,0
B01000,Klasse 4,1041,Schnellhefter A4 Kunststoff gelb,2,0.5,1.0,0
B01000,Klasse 4,1018,Tuschkasten K12 (12 Farben),1,9.95,9.95,0
B01000,Klasse 4,1042,Schnellhefter A4 Kunststoff orange,3,0.5,1.5,0
B01000,Klasse 4,1016,Sammelbox A4 Karton blau,2,2.49,4.98,0
B01001,Klasse 6 & 11,1061,Tintenroller Pilot Frixion Ball 0.7 schwarz,1,3.29,3.29,1
B01001,Klasse 6 & 11,1057,Textmarker-Set Pastell 6 Farben Stabilo Boss,1,6.99,6.99,1
B01001,Klasse 6 & 11,1044,Fineliner 10er Set Stabilo Point 88,1,7.99,7.99,1
B01001,Klasse 6 & 11,1024,Schulheft A4 liniert Lineatur 21 (16 Blatt),3,0.99,2.97,1
B01001,Klasse 6 & 11,1033,Tintenkiller Super Pirat (2er Pack),1,2.49,2.49,1
B01001,Klasse 6 & 11,1043,Textmarker-Set 4 Farben Stabilo Boss,1,4.99,4.99,1
B01001,Klasse 6 & 11,1027,Collegeblock A4 kariert (80 Blatt),1,1.79,1.79,1
B01002,Klasse 6,1044,Fineliner 10er Set Stabilo Point 88,1,7.99,7.99,0
B01002,Klasse 6,1060,Prospekthüllen A4 transparent 100er Pack,1,3.99,3.99,0
B01002,Klasse 6,1043,Textmarker-Set 4 Farben Stabilo Boss,1,4.99,4.99,0
B01002,Klasse 6,1045,Ringbuch A4 schmal 25mm,2,2.99,5.98,0
B01002,Klasse 6,1059,Karteikarten A7 liniert 100 Stück,1,1.49,1.49,0
B01002,Klasse 6,1029,Geodreieck 16 cm transparent Aristo,1,1.2,1.2,0
B01003,Klasse 1,1007,Schreiblernbleistift Trio Grip (dick),1,1.99,1.99,0
B01003,Klasse 1,1013,Klebestift Uhu Renature 21g,1,1.89,1.89,0
B01003,Klasse 1,1015,Radiergummi soft (für Bleistifte),1,0.8,0.8,0
B01003,Klasse 1,1002,Schreiblernheft A4 Lineatur 2 (16 Blatt),3,0.99,2.97,0
B01003,Klasse 1,1038,Schnellhefter A4 Kunststoff blau,3,0.5,1.5,0
B01003,Klasse 1,1040,Schnellhefter A4 Kunststoff grün,1,0.5,0.5,0
B01003,Klasse 1,1042,Schnellhefter A4 Kunststoff orange,5,0.5,2.5,0
B01004,Klasse 10,1059,Karteikarten A7 liniert 100 Stück,1,1.49,1.49,0
B01004,Klasse 10,1057,Textmarker-Set Pastell 6 Farben Stabilo Boss,1,6.99,6.99,0
B01004,Klasse 10,1030,Geodreieck 22 cm Griff transparent,1,2.1,2.1,0
B01004,Klasse 10,1061,Tintenroller Pilot Frixion Ball 0.7 schwarz,3,3.29,9.87,0
B01005,Klasse 12,1054,Ringbucheinlagen A4 kariert 100 Blatt,2,2.29,4.58,0
B01005,Klasse 12,1056,Kugelschreiber Grip 2011 M schwarz,1,4.5,4.5,0
B01005,Klasse 12,1043,Textmarker-Set 4 Farben Stabilo Boss,1,4.99,4.99,0
B01006,Klasse 1,1001,Schreiblernheft A4 Lineatur 1 (16 Blatt),2,0.99,1.98,0
B01006,Klasse 1,1015,Radiergummi soft (für Bleistifte),1,0.8,0.8,0
B01006,Klasse 1,1018,Tuschkasten K12 (12 Farben),1,9.95,9.95,0
B01006,Klasse 1,1012,Bastelschere rund 13cm Linkshänder,1,2.2,2.2,0
B01006,Klasse 1,1039,Schnellhefter A4 Kunststoff rot,2,0.5,1.0,0
B01007,Klasse 7,1048,Hausaufgabenheft A5 Classic,1,1.99,1.99,0
B01007,Klasse 7,1028,Collegeblock A4 liniert (80 Blatt),3,1.79,5.37,0
B01007,Klasse 7,1043,Textmarker-Set 4 Farben Stabilo Boss,1,4.99,4.99,0
B01007,Klasse 7,1038,Schnellhefter A4 Kunststoff blau,5,0.5,2.5,0
B01008,Klasse 10,1046,Ordner A4 breit 80mm schwarz,3,3.49,10.47,0
B01008,Klasse 10,1054,Ringbucheinlagen A4 kariert 100 Blatt,5,2.29,11.45,0
B01008,Klasse 10,1042,Schnellhefter A4 Kunststoff orange,3,0.5,1.5,0
B01008,Klasse 10,1040,Schnellhefter A4 Kunststoff grün,3,0.5,1.5,0
B01009,Klasse 3,1016,Sammelbox A4 Karton blau,2,2.49,4.98,0
B01009,Klasse 3,1039,Schnellhefter A4 Kunststoff rot,5,0.5,2.5,0
B01009,Klasse 3,1020,Haarpinsel-Set (Größen 2/6/10),1,3.99,3.99,0
B01009,Klasse 3,1005,Rechenheft A4 Lineatur 7 (7x7mm Kästchen),3,0.99,2.97,0
B01009,Klasse 3,1018,Tuschkasten K12 (12 Farben),1,9.95,9.95,0
B01009,Klasse 3,1022,Schreiblern-Füller Lamy ABC,1,14.5,14.5,0
B01009,Klasse 3,1009,Wachsmalkreiden 12er Set (wasservermalbar),1,6.99,6.99,0
B01009,Klasse 3,1011,Bastelschere rund 13cm Rechtshänder,1,2.2,2.2,0
B01010,Klasse 4,1041,Schnellhefter A4 Kunststoff gelb,2,0.5,1.0,0
B01010,Klasse 4,1006,Rechenheft A4 Lineatur 8 (5x5mm Kästchen),2,0.99,1.98,0
B01010,Klasse 4,1013,Klebestift Uhu Renature 21g,1,1.89,1.89,0
B01010,Klasse 4,1036,Bleistift HB Grip 2001 Faber-Castell,2,1.5,3.0,0
B01010,Klasse 4,1014,Doppelanspitzer Dose Trio Grip,1,2.99,2.99,0
B01010,Klasse 4,1023,Hausaufgabenheft Grundschule A5,1,1.99,1.99,0
B01010,Klasse 4,1033,Tintenkiller Super Pirat (2er Pack),5,2.49,12.45,0
B01010,Klasse 4,1018,Tuschkasten K12 (12 Farben),1,9.95,9.95,0
B01010,Klasse 4,1020,Haarpinsel-Set (Größen 2/6/10),1,3.99,3.99,0
B01011,Klasse 7,1018,Tuschkasten K12 (12 Farben),1,9.95,9.95,0
B01011,Klasse 7,1060,Prospekthüllen A4 transparent 100er Pack,1,3.99,3.99,0
B01011,Klasse 7,1029,Geodreieck 16 cm transparent Aristo,1,1.2,1.2,0
B01011,Klasse 7,1040,Schnellhefter A4 Kunststoff grün,2,0.5,1.0,0
B01011,Klasse 7,1024,Schulheft A4 liniert Lineatur 21 (16 Blatt),3,0.99,2.97,0
B01011,Klasse 7,1025,Schulheft A4 kariert Lineatur 22 (16 Blatt),10,0.99,9.9,0
B01012,Klasse 3,1018,Tuschkasten K12 (12 Farben),1,9.95,9.95,0
B01012,Klasse 3,1008,Buntstifte 12er Set dreikant (dick),1,5.49,5.49,0
B01012,Klasse 3,1042,Schnellhefter A4 Kunststoff orange,2,0.5,1.0,0
B01012,Klasse 3,1013,Klebestift Uhu Renature 21g,1,1.89,1.89,0
B01012,Klasse 3,1015,Radiergummi soft (für Bleistifte),1,0.8,0.8,0
B01012,Klasse 3,1022,Schreiblern-Füller Lamy ABC,1,14.5,14.5,0
B01013,Klasse 3,1006,Rechenheft A4 Lineatur 8 (5x5mm Kästchen),2,0.99,1.98,0
B01013,Klasse 3,1020,Haarpinsel-Set (Größen 2/6/10),1,3.99,3.99,0
B01013,Klasse 3,1012,Bastelschere rund 13cm Linkshänder,1,2.2,2.2,0
B01013,Klasse 3,1017,Zeichenblock A3 (20 Blatt),1,2.49,2.49,0
B01013,Klasse 3,1008,Buntstifte 12er Set dreikant (dick),1,5.49,5.49,0
B01013,Klasse 3,1018,Tuschkasten K12 (12 Farben),1,9.95,9.95,0
B01013,Klasse 3,1038,Schnellhefter A4 Kunststoff blau,2,0.5,1.0,0
B01014,Klasse 8,1020,Haarpinsel-Set (Größen 2/6/10),1,3.99,3.99,0
B01014,Klasse 8,1045,Ringbuch A4 schmal 25mm,2,2.99,5.98,0
B01014,Klasse 8,1026,Vokabelheft A5 Lineatur 53 (32 Blatt),3,1.29,3.87,0
B01014,Klasse 8,1018,Tuschkasten K12 (12 Farben),1,9.95,9.95,0
B01014,Klasse 8,1027,Collegeblock A4 kariert (80 Blatt),1,1.79,1.79,0
B01014,Klasse 8,1033,Tintenkiller Super Pirat (2er Pack),2,2.49,4.98,0
B01014,Klasse 8,1017,Zeichenblock A3 (20 Blatt),1,2.49,2.49,0
B01015,Klasse 7 & 8,1032,Tintenpatronen blau T10 (5er Pack),1,1.8,1.8,1
B01015,Klasse 7 & 8,1034,Schulkompass Zirkel Staedtler,1,8.5,8.5,1
B01015,Klasse 7 & 8,1040,Schnellhefter A4 Kunststoff grün,2,0.5,1.0,1
B01015,Klasse 7 & 8,1060,Prospekthüllen A4 transparent 100er Pack,1,3.99,3.99,1
B01015,Klasse 7 & 8,1059,Karteikarten A7 liniert 100 Stück,1,1.49,1.49,1
B01015,Klasse 7 & 8,1035,Buntstifte 24er Set dreikant,1,8.99,8.99,1
B01016,Klasse 8,1036,Bleistift HB Grip 2001 Faber-Castell,3,1.5,4.5,0
B01016,Klasse 8,1017,Zeichenblock A3 (20 Blatt),1,2.49,2.49,0
B01016,Klasse 8,1037,Lineal 30cm Kunststoff transparent,1,1.1,1.1,0
B01016,Klasse 8,1025,Schulheft A4 kariert Lineatur 22 (16 Blatt),10,0.99,9.9,0
B01016,Klasse 8,1031,Füllfederhalter Lamy Safari M,1,19.9,19.9,0
B01016,Klasse 8,1027,Collegeblock A4 kariert (80 Blatt),10,1.79,17.9,0
B01017,Klasse 6,1028,Collegeblock A4 liniert (80 Blatt),5,1.79,8.95,0
B01017,Klasse 6,1036,Bleistift HB Grip 2001 Faber-Castell,2,1.5,3.0,0
B01017,Klasse 6,1020,Haarpinsel-Set (Größen 2/6/10),1,3.99,3.99,0
B01018,Klasse 9,1046,Ordner A4 breit 80mm schwarz,3,3.49,10.47,0
B01018,Klasse 9,1047,Wissenschaftlicher Taschenrechner Casio fx-87DE X,1,24.99,24.99,0
B01018,Klasse 9,1025,Schulheft A4 kariert Lineatur 22 (16 Blatt),3,0.99,2.97,0
B01019,Klasse 10,1052,Formelsammlung Mathematik/Physik/Chemie Duden,1,12.99,12.99,0
B01019,Klasse 10,1042,Schnellhefter A4 Kunststoff orange,2,0.5,1.0,0
B01019,Klasse 10,1041,Schnellhefter A4 Kunststoff gelb,1,0.5,0.5,0
B01020,Klasse 11,1049,Oxford Collegeblock A4 kariert (90g Papier),2,2.79,5.58,0
B01020,Klasse 11,1051,Grafikrechner Casio FX-CG50,1,119.0,119.0,0
B01020,Klasse 11,1029,Geodreieck 16 cm transparent Aristo,1,1.2,1.2,0
B01021,Klasse 1,1010,Knetmasse 10 Farben,1,3.49,3.49,0
B01021,Klasse 1,1008,Buntstifte 12er Set dreikant (dick),1,5.49,5.49,0
B01021,Klasse 1,1018,Tuschkasten K12 (12 Farben),1,9.95,9.95,0
B01021,Klasse 1,1001,Schreiblernheft A4 Lineatur 1 (16 Blatt),2,0.99,1.98,0
B01021,Klasse 1,1023,Hausaufgabenheft Grundschule A5,1,1.99,1.99,0
B01021,Klasse 1,1014,Doppelanspitzer Dose Trio Grip,1,2.99,2.99,0
B01021,Klasse 1,1013,Klebestift Uhu Renature 21g,1,1.89,1.89,0
B01021,Klasse 1,1021,Knete-Unterlage Kunststoff A3,1,1.99,1.99,0
B01022,Klasse 4 & 6,1041,Schnellhefter A4 Kunststoff gelb,2,0.5,1.0,1
B01022,Klasse 4 & 6,1016,Sammelbox A4 Karton blau,2,2.49,4.98,1
B01022,Klasse 4 & 6,1042,Schnellhefter A4 Kunststoff orange,3,0.5,1.5,1
B01022,Klasse 4 & 6,1036,Bleistift HB Grip 2001 Faber-Castell,1,1.5,1.5,1
B01022,Klasse 4 & 6,1011,Bastelschere rund 13cm Rechtshänder,1,2.2,2.2,1
B01022,Klasse 4 & 6,1033,Tintenkiller Super Pirat (2er Pack),2,2.49,4.98,1
B01022,Klasse 4 & 6,1046,Ordner A4 breit 80mm schwarz,2,3.49,6.98,1
B01022,Klasse 4 & 6,1019,Borstenpinsel-Set (Größen 4/8/12),1,3.5,3.5,1
B01022,Klasse 4 & 6,1038,Schnellhefter A4 Kunststoff blau,1,0.5,0.5,1
B01022,Klasse 4 & 6,1048,Hausaufgabenheft A5 Classic,1,1.99,1.99,1
B01022,Klasse 4 & 6,1017,Zeichenblock A3 (20 Blatt),1,2.49,2.49,1
B01022,Klasse 4 & 6,1025,Schulheft A4 kariert Lineatur 22 (16 Blatt),5,0.99,4.95,1
B01023,Klasse 10,1015,Radiergummi soft (für Bleistifte),1,0.8,0.8,0
B01023,Klasse 10,1050,Oxford Collegeblock A4 liniert (90g Papier),5,2.79,13.95,0
B01023,Klasse 10,1030,Geodreieck 22 cm Griff transparent,1,2.1,2.1,0
B01024,Klasse 8 & 11,1055,Kugelschreiber Grip 2011 M blau (dokumentenecht),2,4.5,9.0,1
B01024,Klasse 8 & 11,1054,Ringbucheinlagen A4 kariert 100 Blatt,1,2.29,2.29,1
B01024,Klasse 8 & 11,1015,Radiergummi soft (für Bleistifte),1,0.8,0.8,1
B01024,Klasse 8 & 11,1028,Collegeblock A4 liniert (80 Blatt),1,1.79,1.79,1
B01024,Klasse 8 & 11,1042,Schnellhefter A4 Kunststoff orange,2,0.5,1.0,1
B01024,Klasse 8 & 11,1032,Tintenpatronen blau T10 (5er Pack),3,1.8,5.4,1
B01024,Klasse 8 & 11,1043,Textmarker-Set 4 Farben Stabilo Boss,1,4.99,4.99,1
B01025,Klasse 6,1042,Schnellhefter A4 Kunststoff orange,3,0.5,1.5,0
B01025,Klasse 6,1039,Schnellhefter A4 Kunststoff rot,2,0.5,1.0,0
B01025,Klasse 6,1060,Prospekthüllen A4 transparent 100er Pack,1,3.99,3.99,0
B01025,Klasse 6,1013,Klebestift Uhu Renature 21g,1,1.89,1.89,0
B01025,Klasse 6,1038,Schnellhefter A4 Kunststoff blau,2,0.5,1.0,0
B01026,Klasse 9 & 12,1061,Tintenroller Pilot Frixion Ball 0.7 schwarz,2,3.29,6.58,1
B01026,Klasse 9 & 12,1039,Schnellhefter A4 Kunststoff rot,1,0.5,0.5,1
B01026,Klasse 9 & 12,1058,Haftnotizen Post-it 76x76mm gelb,1,1.99,1.99,1
B01026,Klasse 9 & 12,1024,Schulheft A4 liniert Lineatur 21 (16 Blatt),2,0.99,1.98,1
B01026,Klasse 9 & 12,1059,Karteikarten A7 liniert 100 Stück,1,1.49,1.49,1
B01026,Klasse 9 & 12,1045,Ringbuch A4 schmal 25mm,1,2.99,2.99,1
B01026,Klasse 9 & 12,1028,Collegeblock A4 liniert (80 Blatt),10,1.79,17.9,1
B01026,Klasse 9 & 12,1040,Schnellhefter A4 Kunststoff grün,3,0.5,1.5,1
B01026,Klasse 9 & 12,1055,Kugelschreiber Grip 2011 M blau (dokumentenecht),2,4.5,9.0,1
B01027,Klasse 10,1060,Prospekthüllen A4 transparent 100er Pack,1,3.99,3.99,0
B01027,Klasse 10,1061,Tintenroller Pilot Frixion Ball 0.7 schwarz,3,3.29,9.87,0
B01027,Klasse 10,1028,Collegeblock A4 liniert (80 Blatt),3,1.79,5.37,0
B01027,Klasse 10,1051,Grafikrechner Casio FX-CG50,1,119.0,119.0,0
B01027,Klasse 10,1026,Vokabelheft A5 Lineatur 53 (32 Blatt),2,1.29,2.58,0
B01028,Klasse 3,1015,Radiergummi soft (für Bleistifte),1,0.8,0.8,0
B01028,Klasse 3,1023,Hausaufgabenheft Grundschule A5,1,1.99,1.99,0
B01028,Klasse 3,1038,Schnellhefter A4 Kunststoff blau,2,0.5,1.0,0
B01028,Klasse 3,1017,Zeichenblock A3 (20 Blatt),1,2.49,2.49,0
B01028,Klasse 3,1005,Rechenheft A4 Lineatur 7 (7x7mm Kästchen),3,0.99,2.97,0
B01028,Klasse 3,1036,Bleistift HB Grip 2001 Faber-Castell,5,1.5,7.5,0
B01029,Klasse 3,1041,Schnellhefter A4 Kunststoff gelb,2,0.5,1.0,0
B01029,Klasse 3,1006,Rechenheft A4 Lineatur 8 (5x5mm Kästchen),1,0.99,0.99,0
B01029,Klasse 3,1014,Doppelanspitzer Dose Trio Grip,1,2.99,2.99,0
B01029,Klasse 3,1015,Radiergummi soft (für Bleistifte),1,0.8,0.8,0
B01030,Klasse 12,1027,Collegeblock A4 kariert (80 Blatt),3,1.79,5.37,0
B01030,Klasse 12,1044,Fineliner 10er Set Stabilo Point 88,1,7.99,7.99,0
B01031,Klasse 6,1043,Textmarker-Set 4 Farben Stabilo Boss,1,4.99,4.99,0
B01031,Klasse 6,1026,Vokabelheft A5 Lineatur 53 (32 Blatt),3,1.29,3.87,0
B01031,Klasse 6,1045,Ringbuch A4 schmal 25mm,1,2.99,2.99,0
B01031,Klasse 6,1018,Tuschkasten K12 (12 Farben),1,9.95,9.95,0
B01031,Klasse 6,1015,Radiergummi soft (für Bleistifte),1,0.8,0.8,0
B01031,Klasse 6,1046,Ordner A4 breit 80mm schwarz,2,3.49,6.98,0
B01031,Klasse 6,1027,Collegeblock A4 kariert (80 Blatt),3,1.79,5.37,0
B01032,Klasse 6,1031,Füllfederhalter Lamy Safari M,1,19.9,19.9,0
B01032,Klasse 6,1028,Collegeblock A4 liniert (80 Blatt),10,1.79,17.9,0
B01032,Klasse 6,1018,Tuschkasten K12 (12 Farben),1,9.95,9.95,0
B01033,Klasse 3 & 5,1004,Schulheft A4 Lineatur 4 (16 Blatt),2,0.99,1.98,1
B01033,Klasse 3 & 5,1041,Schnellhefter A4 Kunststoff gelb,1,0.5,0.5,1
B01033,Klasse 3 & 5,1023,Hausaufgabenheft Grundschule A5,1,1.99,1.99,1
B01033,Klasse 3 & 5,1008,Buntstifte 12er Set dreikant (dick),1,5.49,5.49,1
B01033,Klasse 3 & 5,1015,Radiergummi soft (für Bleistifte),1,0.8,0.8,1
B01033,Klasse 3 & 5,1032,Tintenpatronen blau T10 (5er Pack),2,1.8,3.6,1
B01033,Klasse 3 & 5,1043,Textmarker-Set 4 Farben Stabilo Boss,1,4.99,4.99,1
B01033,Klasse 3 & 5,1048,Hausaufgabenheft A5 Classic,1,1.99,1.99,1
B01034,Klasse 11,1037,Lineal 30cm Kunststoff transparent,1,1.1,1.1,0
B01034,Klasse 11,1027,Collegeblock A4 kariert (80 Blatt),5,1.79,8.95,0
B01034,Klasse 11,1042,Schnellhefter A4 Kunststoff orange,2,0.5,1.0,0
B01034,Klasse 11,1055,Kugelschreiber Grip 2011 M blau (dokumentenecht),2,4.5,9.0,0
B01035,Klasse 4 & 9,1011,Bastelschere rund 13cm Rechtshänder,1,2.2,2.2,1
B01035,Klasse 4 & 9,1020,Haarpinsel-Set (Größen 2/6/10),1,3.99,3.99,1
B01035,Klasse 4 & 9,1032,Tintenpatronen blau T10 (5er Pack),3,1.8,5.4,1
B01035,Klasse 4 & 9,1041,Schnellhefter A4 Kunststoff gelb,2,0.5,1.0,1
B01035,Klasse 4 & 9,1031,Füllfederhalter Lamy Safari M,1,19.9,19.9,1
B01035,Klasse 4 & 9,1015,Radiergummi soft (für Bleistifte),1,0.8,0.8,1
B01035,Klasse 4 & 9,1045,Ringbuch A4 schmal 25mm,2,2.99,5.98,1
B01035,Klasse 4 & 9,1030,Geodreieck 22 cm Griff transparent,1,2.1,2.1,1
B01035,Klasse 4 & 9,1033,Tintenkiller Super Pirat (2er Pack),2,2.49,4.98,1
B01035,Klasse 4 & 9,1036,Bleistift HB Grip 2001 Faber-Castell,1,1.5,1.5,1
B01035,Klasse 4 & 9,1039,Schnellhefter A4 Kunststoff rot,5,0.5,2.5,1
B01036,Klasse 2,1039,Schnellhefter A4 Kunststoff rot,1,0.5,0.5,0
B01036,Klasse 2,1017,Zeichenblock A3 (20 Blatt),1,2.49,2.49,0
B01036,Klasse 2,1038,Schnellhefter A4 Kunststoff blau,2,0.5,1.0,0
B01036,Klasse 2,1010,Knetmasse 10 Farben,1,3.49,3.49,0
B01037,Klasse 1,1001,Schreiblernheft A4 Lineatur 1 (16 Blatt),5,0.99,4.95,0
B01037,Klasse 1,1023,Hausaufgabenheft Grundschule A5,1,1.99,1.99,0
B01037,Klasse 1,1019,Borstenpinsel-Set (Größen 4/8/12),1,3.5,3.5,0
B01037,Klasse 1,1041,Schnellhefter A4 Kunststoff gelb,3,0.5,1.5,0
B01037,Klasse 1,1016,Sammelbox A4 Karton blau,3,2.49,7.47,0
B01037,Klasse 1,1014,Doppelanspitzer Dose Trio Grip,1,2.99,2.99,0
B01038,Klasse 6,1046,Ordner A4 breit 80mm schwarz,2,3.49,6.98,0
B01038,Klasse 6,1028,Collegeblock A4 liniert (80 Blatt),3,1.79,5.37,0
B01038,Klasse 6,1020,Haarpinsel-Set (Größen 2/6/10),1,3.99,3.99,0
B01039,Klasse 2,1008,Buntstifte 12er Set dreikant (dick),1,5.49,5.49,0
B01039,Klasse 2,1020,Haarpinsel-Set (Größen 2/6/10),1,3.99,3.99,0
B01039,Klasse 2,1042,Schnellhefter A4 Kunststoff orange,2,0.5,1.0,0
B01039,Klasse 2,1009,Wachsmalkreiden 12er Set (wasservermalbar),1,6.99,6.99,0
B01039,Klasse 2,1041,Schnellhefter A4 Kunststoff gelb,3,0.5,1.5,0
B01039,Klasse 2,1002,Schreiblernheft A4 Lineatur 2 (16 Blatt),3,0.99,2.97,0
B01039,Klasse 2,1016,Sammelbox A4 Karton blau,2,2.49,4.98,0
B01039,Klasse 2,1007,Schreiblernbleistift Trio Grip (dick),2,1.99,3.98,0
B01039,Klasse 2,1039,Schnellhefter A4 Kunststoff rot,3,0.5,1.5,0
B01040,Klasse 10,1051,Grafikrechner Casio FX-CG50,1,119.0,119.0,0
B01040,Klasse 10,1057,Textmarker-Set Pastell 6 Farben Stabilo Boss,1,6.99,6.99,0
B01040,Klasse 10,1028,Collegeblock A4 liniert (80 Blatt),2,1.79,3.58,0
B01040,Klasse 10,1030,Geodreieck 22 cm Griff transparent,1,2.1,2.1,0
B01041,Klasse 12,1036,Bleistift HB Grip 2001 Faber-Castell,2,1.5,3.0,0
B01041,Klasse 12,1056,Kugelschreiber Grip 2011 M schwarz,5,4.5,22.5,0
B01042,Klasse 1,1008,Buntstifte 12er Set dreikant (dick),1,5.49,5.49,0
B01042,Klasse 1,1017,Zeichenblock A3 (20 Blatt),1,2.49,2.49,0
B01042,Klasse 1,1007,Schreiblernbleistift Trio Grip (dick),2,1.99,3.98,0
B01042,Klasse 1,1018,Tuschkasten K12 (12 Farben),1,9.95,9.95,0
B01042,Klasse 1,1012,Bastelschere rund 13cm Linkshänder,1,2.2,2.2,0
B01042,Klasse 1,1038,Schnellhefter A4 Kunststoff blau,2,0.5,1.0,0
B01042,Klasse 1,1039,Schnellhefter A4 Kunststoff rot,5,0.5,2.5,0
B01043,Klasse 2,1042,Schnellhefter A4 Kunststoff orange,2,0.5,1.0,0
B01043,Klasse 2,1038,Schnellhefter A4 Kunststoff blau,2,0.5,1.0,0
B01043,Klasse 2,1040,Schnellhefter A4 Kunststoff grün,5,0.5,2.5,0
B01043,Klasse 2,1015,Radiergummi soft (für Bleistifte),1,0.8,0.8,0
B01043,Klasse 2,1008,Buntstifte 12er Set dreikant (dick),1,5.49,5.49,0
B01043,Klasse 2,1018,Tuschkasten K12 (12 Farben),1,9.95,9.95,0
B01043,Klasse 2,1023,Hausaufgabenheft Grundschule A5,1,1.99,1.99,0
B01044,Klasse 9,1038,Schnellhefter A4 Kunststoff blau,1,0.5,0.5,0
B01044,Klasse 9,1056,Kugelschreiber Grip 2011 M schwarz,3,4.5,13.5,0
B01044,Klasse 9,1035,Buntstifte 24er Set dreikant,1,8.99,8.99,0
B01044,Klasse 9,1055,Kugelschreiber Grip 2011 M blau (dokumentenecht),2,4.5,9.0,0
B01045,Klasse 11,1053,Ringbucheinlagen A4 liniert 100 Blatt,5,2.29,11.45,0
B01045,Klasse 11,1058,Haftnotizen Post-it 76x76mm gelb,1,1.99,1.99,0
B01045,Klasse 11,1028,Collegeblock A4 liniert (80 Blatt),10,1.79,17.9,0
B01046,Klasse 11,1055,Kugelschreiber Grip 2011 M blau (dokumentenecht),2,4.5,9.0,0
B01046,Klasse 11,1036,Bleistift HB Grip 2001 Faber-Castell,1,1.5,1.5,0
B01046,Klasse 11,1059,Karteikarten A7 liniert 100 Stück,1,1.49,1.49,0
B01046,Klasse 11,1054,Ringbucheinlagen A4 kariert 100 Blatt,3,2.29,6.87,0
B01047,Klasse 11,1056,Kugelschreiber Grip 2011 M schwarz,3,4.5,13.5,0
B01047,Klasse 11,1049,Oxford Collegeblock A4 kariert (90g Papier),3,2.79,8.37,0
B01047,Klasse 11,1027,Collegeblock A4 kariert (80 Blatt),5,1.79,8.95,0
B01047,Klasse 11,1028,Collegeblock A4 liniert (80 Blatt),2,1.79,3.58,0
B01048,Klasse 1,1040,Schnellhefter A4 Kunststoff grün,2,0.5,1.0,0
B01048,Klasse 1,1023,Hausaufgabenheft Grundschule A5,1,1.99,1.99,0
B01048,Klasse 1,1013,Klebestift Uhu Renature 21g,1,1.89,1.89,0
B01048,Klasse 1,1016,Sammelbox A4 Karton blau,2,2.49,4.98,0
B01048,Klasse 1,1008,Buntstifte 12er Set dreikant (dick),1,5.49,5.49,0
B01049,Klasse 5,1020,Haarpinsel-Set (Größen 2/6/10),1,3.99,3.99,0
B01049,Klasse 5,1017,Zeichenblock A3 (20 Blatt),1,2.49,2.49,0
B01049,Klasse 5,1025,Schulheft A4 kariert Lineatur 22 (16 Blatt),2,0.99,1.98,0
B01049,Klasse 5,1018,Tuschkasten K12 (12 Farben),1,9.95,9.95,0
B01049,Klasse 5,1027,Collegeblock A4 kariert (80 Blatt),3,1.79,5.37,0
B01049,Klasse 5,1033,Tintenkiller Super Pirat (2er Pack),2,2.49,4.98,0
B01049,Klasse 5,1045,Ringbuch A4 schmal 25mm,1,2.99,2.99,0
B01050,Klasse 8,1039,Schnellhefter A4 Kunststoff rot,2,0.5,1.0,0
B01050,Klasse 8,1030,Geodreieck 22 cm Griff transparent,1,2.1,2.1,0
B01050,Klasse 8,1015,Radiergummi soft (für Bleistifte),1,0.8,0.8,0
B01050,Klasse 8,1031,Füllfederhalter Lamy Safari M,1,19.9,19.9,0
B01051,Klasse 6,1019,Borstenpinsel-Set (Größen 4/8/12),1,3.5,3.5,0
B01051,Klasse 6,1060,Prospekthüllen A4 transparent 100er Pack,1,3.99,3.99,0
B01051,Klasse 6,1027,Collegeblock A4 kariert (80 Blatt),2,1.79,3.58,0
B01051,Klasse 6,1043,Textmarker-Set 4 Farben Stabilo Boss,1,4.99,4.99,0
B01051,Klasse 6,1044,Fineliner 10er Set Stabilo Point 88,1,7.99,7.99,0
B01051,Klasse 6,1013,Klebestift Uhu Renature 21g,1,1.89,1.89,0
B01052,Klasse 10,1053,Ringbucheinlagen A4 liniert 100 Blatt,3,2.29,6.87,0
B01052,Klasse 10,1029,Geodreieck 16 cm transparent Aristo,1,1.2,1.2,0
B01053,Klasse 3,1013,Klebestift Uhu Renature 21g,1,1.89,1.89,0
B01053,Klasse 3,1015,Radiergummi soft (für Bleistifte),1,0.8,0.8,0
B01053,Klasse 3,1020,Haarpinsel-Set (Größen 2/6/10),1,3.99,3.99,0
B01053,Klasse 3,1022,Schreiblern-Füller Lamy ABC,1,14.5,14.5,0
B01053,Klasse 3,1040,Schnellhefter A4 Kunststoff grün,5,0.5,2.5,0
B01053,Klasse 3,1041,Schnellhefter A4 Kunststoff gelb,2,0.5,1.0,0
B01053,Klasse 3,1023,Hausaufgabenheft Grundschule A5,1,1.99,1.99,0
B01053,Klasse 3,1003,Schreiblernheft A4 Lineatur 3 (16 Blatt),2,0.99,1.98,0
B01054,Klasse 3,1005,Rechenheft A4 Lineatur 7 (7x7mm Kästchen),3,0.99,2.97,0
B01054,Klasse 3,1040,Schnellhefter A4 Kunststoff grün,5,0.5,2.5,0
B01054,Klasse 3,1018,Tuschkasten K12 (12 Farben),1,9.95,9.95,0
B01054,Klasse 3,1022,Schreiblern-Füller Lamy ABC,1,14.5,14.5,0
B01054,Klasse 3,1020,Haarpinsel-Set (Größen 2/6/10),1,3.99,3.99,0
B01055,Klasse 6,1024,Schulheft A4 liniert Lineatur 21 (16 Blatt),5,0.99,4.95,0
B01055,Klasse 6,1033,Tintenkiller Super Pirat (2er Pack),2,2.49,4.98,0
B01055,Klasse 6,1043,Textmarker-Set 4 Farben Stabilo Boss,1,4.99,4.99,0
B01055,Klasse 6,1041,Schnellhefter A4 Kunststoff gelb,3,0.5,1.5,0
B01055,Klasse 6,1038,Schnellhefter A4 Kunststoff blau,2,0.5,1.0,0
B01056,Klasse 6,1040,Schnellhefter A4 Kunststoff grün,3,0.5,1.5,0
B01056,Klasse 6,1029,Geodreieck 16 cm transparent Aristo,1,1.2,1.2,0
B01056,Klasse 6,1037,Lineal 30cm Kunststoff transparent,1,1.1,1.1,0
B01056,Klasse 6,1046,Ordner A4 breit 80mm schwarz,2,3.49,6.98,0
B01056,Klasse 6,1041,Schnellhefter A4 Kunststoff gelb,2,0.5,1.0,0
B01056,Klasse 6,1035,Buntstifte 24er Set dreikant,1,8.99,8.99,0
B01056,Klasse 6,1030,Geodreieck 22 cm Griff transparent,1,2.1,2.1,0
B01057,Klasse 4,1014,Doppelanspitzer Dose Trio Grip,1,2.99,2.99,0
B01057,Klasse 4,1042,Schnellhefter A4 Kunststoff orange,2,0.5,1.0,0
B01057,Klasse 4,1041,Schnellhefter A4 Kunststoff gelb,1,0.5,0.5,0
B01057,Klasse 4,1011,Bastelschere rund 13cm Rechtshänder,1,2.2,2.2,0
B01057,Klasse 4,1019,Borstenpinsel-Set (Größen 4/8/12),1,3.5,3.5,0
B01057,Klasse 4,1016,Sammelbox A4 Karton blau,2,2.49,4.98,0
B01057,Klasse 4,1013,Klebestift Uhu Renature 21g,1,1.89,1.89,0
B01058,Klasse 11,1055,Kugelschreiber Grip 2011 M blau (dokumentenecht),5,4.5,22.5,0
B01058,Klasse 11,1053,Ringbucheinlagen A4 liniert 100 Blatt,1,2.29,2.29,0
B01058,Klasse 11,1059,Karteikarten A7 liniert 100 Stück,1,1.49,1.49,0
B01058,Klasse 11,1061,Tintenroller Pilot Frixion Ball 0.7 schwarz,2,3.29,6.58,0
B01059,Klasse 6,1039,Schnellhefter A4 Kunststoff rot,3,0.5,1.5,0
B01059,Klasse 6,1027,Collegeblock A4 kariert (80 Blatt),5,1.79,8.95,0
B01059,Klasse 6,1059,Karteikarten A7 liniert 100 Stück,1,1.49,1.49,0
B01059,Klasse 6,1026,Vokabelheft A5 Lineatur 53 (32 Blatt),3,1.29,3.87,0
B01060,Klasse 12,1057,Textmarker-Set Pastell 6 Farben Stabilo Boss,1,6.99,6.99,0
B01060,Klasse 12,1015,Radiergummi soft (für Bleistifte),1,0.8,0.8,0
B01060,Klasse 12,1054,Ringbucheinlagen A4 kariert 100 Blatt,3,2.29,6.87,0
B01060,Klasse 12,1056,Kugelschreiber Grip 2011 M schwarz,2,4.5,9.0,0
B01061,Klasse 6 & 10,1027,Collegeblock A4 kariert (80 Blatt),10,1.79,17.9,1
B01061,Klasse 6 & 10,1040,Schnellhefter A4 Kunststoff grün,3,0.5,1.5,1
B01061,Klasse 6 & 10,1018,Tuschkasten K12 (12 Farben),1,9.95,9.95,1
B01061,Klasse 6 & 10,1044,Fineliner 10er Set Stabilo Point 88,1,7.99,7.99,1
B01061,Klasse 6 & 10,1034,Schulkompass Zirkel Staedtler,1,8.5,8.5,1
B01061,Klasse 6 & 10,1030,Geodreieck 22 cm Griff transparent,1,2.1,2.1,1
B01062,Klasse 12,1052,Formelsammlung Mathematik/Physik/Chemie Duden,1,12.99,12.99,0
B01062,Klasse 12,1061,Tintenroller Pilot Frixion Ball 0.7 schwarz,2,3.29,6.58,0
B01062,Klasse 12,1049,Oxford Collegeblock A4 kariert (90g Papier),3,2.79,8.37,0
B01063,Klasse 2,1021,Knete-Unterlage Kunststoff A3,1,1.99,1.99,0
B01063,Klasse 2,1038,Schnellhefter A4 Kunststoff blau,2,0.5,1.0,0
B01063,Klasse 2,1023,Hausaufgabenheft Grundschule A5,1,1.99,1.99,0
B01063,Klasse 2,1011,Bastelschere rund 13cm Rechtshänder,1,2.2,2.2,0
B01064,Klasse 5,1018,Tuschkasten K12 (12 Farben),1,9.95,9.95,0
B01064,Klasse 5,1029,Geodreieck 16 cm transparent Aristo,1,1.2,1.2,0
B01064,Klasse 5,1032,Tintenpatronen blau T10 (5er Pack),1,1.8,1.8,0
B01064,Klasse 5,1028,Collegeblock A4 liniert (80 Blatt),10,1.79,17.9,0
B01064,Klasse 5,1045,Ringbuch A4 schmal 25mm,3,2.99,8.97,0
B01064,Klasse 5,1042,Schnellhefter A4 Kunststoff orange,2,0.5,1.0,0
B01064,Klasse 5,1043,Textmarker-Set 4 Farben Stabilo Boss,1,4.99,4.99,0
B01065,Klasse 3,1011,Bastelschere rund 13cm Rechtshänder,1,2.2,2.2,0
B01065,Klasse 3,1016,Sammelbox A4 Karton blau,1,2.49,2.49,0
B01065,Klasse 3,1014,Doppelanspitzer Dose Trio Grip,1,2.99,2.99,0
B01065,Klasse 3,1013,Klebestift Uhu Renature 21g,1,1.89,1.89,0
B01065,Klasse 3,1038,Schnellhefter A4 Kunststoff blau,1,0.5,0.5,0
B01065,Klasse 3,1022,Schreiblern-Füller Lamy ABC,1,14.5,14.5,0
B01065,Klasse 3,1021,Knete-Unterlage Kunststoff A3,1,1.99,1.99,0
B01065,Klasse 3,1019,Borstenpinsel-Set (Größen 4/8/12),1,3.5,3.5,0
B01065,Klasse 3,1042,Schnellhefter A4 Kunststoff orange,2,0.5,1.0,0
B01066,Klasse 11,1036,Bleistift HB Grip 2001 Faber-Castell,5,1.5,7.5,0
B01066,Klasse 11,1046,Ordner A4 breit 80mm schwarz,3,3.49,10.47,0
B01066,Klasse 11,1015,Radiergummi soft (für Bleistifte),1,0.8,0.8,0
B01066,Klasse 11,1049,Oxford Collegeblock A4 kariert (90g Papier),1,2.79,2.79,0
B01067,Klasse 8,1020,Haarpinsel-Set (Größen 2/6/10),1,3.99,3.99,0
B01067,Klasse 8,1029,Geodreieck 16 cm transparent Aristo,1,1.2,1.2,0
B01067,Klasse 8,1040,Schnellhefter A4 Kunststoff grün,5,0.5,2.5,0
B01067,Klasse 8,1060,Prospekthüllen A4 transparent 100er Pack,1,3.99,3.99,0
B01067,Klasse 8,1047,Wissenschaftlicher Taschenrechner Casio fx-87DE X,1,24.99,24.99,0
B01067,Klasse 8,1031,Füllfederhalter Lamy Safari M,1,19.9,19.9,0
B01068,Klasse 10,1028,Collegeblock A4 liniert (80 Blatt),2,1.79,3.58,0
B01068,Klasse 10,1061,Tintenroller Pilot Frixion Ball 0.7 schwarz,1,3.29,3.29,0
B01068,Klasse 10,1040,Schnellhefter A4 Kunststoff grün,2,0.5,1.0,0
B01068,Klasse 10,1059,Karteikarten A7 liniert 100 Stück,1,1.49,1.49,0
B01069,Klasse 2 & 7,1025,Schulheft A4 kariert Lineatur 22 (16 Blatt),3,0.99,2.97,1
B01069,Klasse 2 & 7,1035,Buntstifte 24er Set dreikant,1,8.99,8.99,1
B01069,Klasse 2 & 7,1015,Radiergummi soft (für Bleistifte),1,0.8,0.8,1
B01069,Klasse 2 & 7,1031,Füllfederhalter Lamy Safari M,1,19.9,19.9,1
B01069,Klasse 2 & 7,1014,Doppelanspitzer Dose Trio Grip,1,2.99,2.99,1
B01069,Klasse 2 & 7,1022,Schreiblern-Füller Lamy ABC,1,14.5,14.5,1
B01069,Klasse 2 & 7,1007,Schreiblernbleistift Trio Grip (dick),2,1.99,3.98,1
B01069,Klasse 2 & 7,1042,Schnellhefter A4 Kunststoff orange,3,0.5,1.5,1
B01069,Klasse 2 & 7,1038,Schnellhefter A4 Kunststoff blau,1,0.5,0.5,1
B01069,Klasse 2 & 7,1008,Buntstifte 12er Set dreikant (dick),1,5.49,5.49,1
B01069,Klasse 2 & 7,1021,Knete-Unterlage Kunststoff A3,1,1.99,1.99,1
B01069,Klasse 2 & 7,1040,Schnellhefter A4 Kunststoff grün,2,0.5,1.0,1
B01070,Klasse 3,1020,Haarpinsel-Set (Größen 2/6/10),1,3.99,3.99,0
B01070,Klasse 3,1042,Schnellhefter A4 Kunststoff orange,2,0.5,1.0,0
B01070,Klasse 3,1019,Borstenpinsel-Set (Größen 4/8/12),1,3.5,3.5,0
B01070,Klasse 3,1023,Hausaufgabenheft Grundschule A5,1,1.99,1.99,0
B01070,Klasse 3,1039,Schnellhefter A4 Kunststoff rot,5,0.5,2.5,0
B01070,Klasse 3,1008,Buntstifte 12er Set dreikant (dick),1,5.49,5.49,0
B01070,Klasse 3,1017,Zeichenblock A3 (20 Blatt),1,2.49,2.49,0
B01071,Klasse 2,1021,Knete-Unterlage Kunststoff A3,1,1.99,1.99,0
B01071,Klasse 2,1018,Tuschkasten K12 (12 Farben),1,9.95,9.95,0
B01071,Klasse 2,1007,Schreiblernbleistift Trio Grip (dick),1,1.99,1.99,0
B01071,Klasse 2,1040,Schnellhefter A4 Kunststoff grün,1,0.5,0.5,0
B01071,Klasse 2,1022,Schreiblern-Füller Lamy ABC,1,14.5,14.5,0
B01072,Klasse 8,1045,Ringbuch A4 schmal 25mm,5,2.99,14.95,0
B01072,Klasse 8,1047,Wissenschaftlicher Taschenrechner Casio fx-87DE X,1,24.99,24.99,0
B01072,Klasse 8,1060,Prospekthüllen A4 transparent 100er Pack,1,3.99,3.99,0
B01073,Klasse 7,1018,Tuschkasten K12 (12 Farben),1,9.95,9.95,0
B01073,Klasse 7,1027,Collegeblock A4 kariert (80 Blatt),10,1.79,17.9,0
B01073,Klasse 7,1048,Hausaufgabenheft A5 Classic,1,1.99,1.99,0
B01074,Klasse 7,1042,Schnellhefter A4 Kunststoff orange,3,0.5,1.5,0
B01074,Klasse 7,1044,Fineliner 10er Set Stabilo Point 88,1,7.99,7.99,0
B01074,Klasse 7,1032,Tintenpatronen blau T10 (5er Pack),2,1.8,3.6,0
B01074,Klasse 7,1035,Buntstifte 24er Set dreikant,1,8.99,8.99,0
B01074,Klasse 7,1026,Vokabelheft A5 Lineatur 53 (32 Blatt),5,1.29,6.45,0
B01074,Klasse 7,1040,Schnellhefter A4 Kunststoff grün,3,0.5,1.5,0
B01075,Klasse 9,1019,Borstenpinsel-Set (Größen 4/8/12),1,3.5,3.5,0
B01075,Klasse 9,1055,Kugelschreiber Grip 2011 M blau (dokumentenecht),2,4.5,9.0,0
B01075,Klasse 9,1058,Haftnotizen Post-it 76x76mm gelb,1,1.99,1.99,0
B01075,Klasse 9,1047,Wissenschaftlicher Taschenrechner Casio fx-87DE X,1,24.99,24.99,0
B01075,Klasse 9,1041,Schnellhefter A4 Kunststoff gelb,1,0.5,0.5,0
B01076,Klasse 7,1043,Textmarker-Set 4 Farben Stabilo Boss,1,4.99,4.99,0
B01076,Klasse 7,1048,Hausaufgabenheft A5 Classic,1,1.99,1.99,0
B01076,Klasse 7,1029,Geodreieck 16 cm transparent Aristo,1,1.2,1.2,0
B01076,Klasse 7,1027,Collegeblock A4 kariert (80 Blatt),5,1.79,8.95,0
B01077,Klasse 5,1019,Borstenpinsel-Set (Größen 4/8/12),1,3.5,3.5,0
B01077,Klasse 5,1036,Bleistift HB Grip 2001 Faber-Castell,3,1.5,4.5,0
B01077,Klasse 5,1035,Buntstifte 24er Set dreikant,1,8.99,8.99,0
B01078,Klasse 11,1044,Fineliner 10er Set Stabilo Point 88,1,7.99,7.99,0
B01078,Klasse 11,1056,Kugelschreiber Grip 2011 M schwarz,2,4.5,9.0,0
B01078,Klasse 11,1045,Ringbuch A4 schmal 25mm,2,2.99,5.98,0
B01078,Klasse 11,1053,Ringbucheinlagen A4 liniert 100 Blatt,3,2.29,6.87,0
B01079,Klasse 8,1046,Ordner A4 breit 80mm schwarz,3,3.49,10.47,0
B01079,Klasse 8,1060,Prospekthüllen A4 transparent 100er Pack,1,3.99,3.99,0
B01079,Klasse 8,1027,Collegeblock A4 kariert (80 Blatt),5,1.79,8.95,0
B01079,Klasse 8,1045,Ringbuch A4 schmal 25mm,2,2.99,5.98,0
B01080,Klasse 5,1026,Vokabelheft A5 Lineatur 53 (32 Blatt),3,1.29,3.87,0
B01080,Klasse 5,1036,Bleistift HB Grip 2001 Faber-Castell,2,1.5,3.0,0
B01080,Klasse 5,1039,Schnellhefter A4 Kunststoff rot,5,0.5,2.5,0
B01080,Klasse 5,1028,Collegeblock A4 liniert (80 Blatt),10,1.79,17.9,0
B01081,Klasse 5,1015,Radiergummi soft (für Bleistifte),1,0.8,0.8,0
B01081,Klasse 5,1045,Ringbuch A4 schmal 25mm,2,2.99,5.98,0
B01081,Klasse 5,1060,Prospekthüllen A4 transparent 100er Pack,1,3.99,3.99,0
B01081,Klasse 5,1020,Haarpinsel-Set (Größen 2/6/10),1,3.99,3.99,0
B01081,Klasse 5,1042,Schnellhefter A4 Kunststoff orange,2,0.5,1.0,0
B01082,Klasse 1,1015,Radiergummi soft (für Bleistifte),1,0.8,0.8,0
B01082,Klasse 1,1021,Knete-Unterlage Kunststoff A3,1,1.99,1.99,0
B01082,Klasse 1,1016,Sammelbox A4 Karton blau,2,2.49,4.98,0
B01082,Klasse 1,1042,Schnellhefter A4 Kunststoff orange,1,0.5,0.5,0
B01083,Klasse 10,1061,Tintenroller Pilot Frixion Ball 0.7 schwarz,1,3.29,3.29,0
B01083,Klasse 10,1059,Karteikarten A7 liniert 100 Stück,1,1.49,1.49,0
B01084,Klasse 4,1039,Schnellhefter A4 Kunststoff rot,1,0.5,0.5,0
B01084,Klasse 4,1023,Hausaufgabenheft Grundschule A5,1,1.99,1.99,0
B01084,Klasse 4,1008,Buntstifte 12er Set dreikant (dick),1,5.49,5.49,0
B01084,Klasse 4,1012,Bastelschere rund 13cm Linkshänder,1,2.2,2.2,0
B01084,Klasse 4,1013,Klebestift Uhu Renature 21g,1,1.89,1.89,0
B01085,Klasse 11,1049,Oxford Collegeblock A4 kariert (90g Papier),5,2.79,13.95,0
B01085,Klasse 11,1050,Oxford Collegeblock A4 liniert (90g Papier),2,2.79,5.58,0
B01085,Klasse 11,1061,Tintenroller Pilot Frixion Ball 0.7 schwarz,5,3.29,16.45,0
B01085,Klasse 11,1051,Grafikrechner Casio FX-CG50,1,119.0,119.0,0
B01086,Klasse 9,1028,Collegeblock A4 liniert (80 Blatt),5,1.79,8.95,0
B01086,Klasse 9,1055,Kugelschreiber Grip 2011 M blau (dokumentenecht),1,4.5,4.5,0
B01086,Klasse 9,1040,Schnellhefter A4 Kunststoff grün,2,0.5,1.0,0
B01086,Klasse 9,1038,Schnellhefter A4 Kunststoff blau,3,0.5,1.5,0
B01087,Klasse 8,1015,Radiergummi soft (für Bleistifte),1,0.8,0.8,0
B01087,Klasse 8,1061,Tintenroller Pilot Frixion Ball 0.7 schwarz,1,3.29,3.29,0
B01087,Klasse 8,1047,Wissenschaftlicher Taschenrechner Casio fx-87DE X,1,24.99,24.99,0
B01087,Klasse 8,1034,Schulkompass Zirkel Staedtler,1,8.5,8.5,0
B01087,Klasse 8,1039,Schnellhefter A4 Kunststoff rot,3,0.5,1.5,0
B01087,Klasse 8,1038,Schnellhefter A4 Kunststoff blau,2,0.5,1.0,0
B01088,Klasse 9,1032,Tintenpatronen blau T10 (5er Pack),1,1.8,1.8,0
B01088,Klasse 9,1026,Vokabelheft A5 Lineatur 53 (32 Blatt),2,1.29,2.58,0
B01088,Klasse 9,1045,Ringbuch A4 schmal 25mm,1,2.99,2.99,0
B01088,Klasse 9,1030,Geodreieck 22 cm Griff transparent,1,2.1,2.1,0
B01088,Klasse 9,1061,Tintenroller Pilot Frixion Ball 0.7 schwarz,2,3.29,6.58,0
B01088,Klasse 9,1048,Hausaufgabenheft A5 Classic,1,1.99,1.99,0
B01089,Klasse 8 & 12,1024,Schulheft A4 liniert Lineatur 21 (16 Blatt),1,0.99,0.99,1
B01089,Klasse 8 & 12,1046,Ordner A4 breit 80mm schwarz,5,3.49,17.45,1
B01089,Klasse 8 & 12,1033,Tintenkiller Super Pirat (2er Pack),2,2.49,4.98,1
B01089,Klasse 8 & 12,1043,Textmarker-Set 4 Farben Stabilo Boss,1,4.99,4.99,1
B01089,Klasse 8 & 12,1037,Lineal 30cm Kunststoff transparent,1,1.1,1.1,1
B01089,Klasse 8 & 12,1060,Prospekthüllen A4 transparent 100er Pack,1,3.99,3.99,1
B01089,Klasse 8 & 12,1015,Radiergummi soft (für Bleistifte),1,0.8,0.8,1
B01089,Klasse 8 & 12,1051,Grafikrechner Casio FX-CG50,1,119.0,119.0,1
B01090,Klasse 10,1057,Textmarker-Set Pastell 6 Farben Stabilo Boss,1,6.99,6.99,0
B01090,Klasse 10,1058,Haftnotizen Post-it 76x76mm gelb,1,1.99,1.99,0
B01090,Klasse 10,1059,Karteikarten A7 liniert 100 Stück,1,1.49,1.49,0
B01090,Klasse 10,1056,Kugelschreiber Grip 2011 M schwarz,3,4.5,13.5,0
B01090,Klasse 10,1053,Ringbucheinlagen A4 liniert 100 Blatt,10,2.29,22.9,0
B01091,Klasse 8,1039,Schnellhefter A4 Kunststoff rot,5,0.5,2.5,0
B01091,Klasse 8,1029,Geodreieck 16 cm transparent Aristo,1,1.2,1.2,0
B01091,Klasse 8,1024,Schulheft A4 liniert Lineatur 21 (16 Blatt),3,0.99,2.97,0
B01091,Klasse 8,1043,Textmarker-Set 4 Farben Stabilo Boss,1,4.99,4.99,0
B01092,Klasse 11,1027,Collegeblock A4 kariert (80 Blatt),3,1.79,5.37,0
B01092,Klasse 11,1051,Grafikrechner Casio FX-CG50,1,119.0,119.0,0
B01092,Klasse 11,1058,Haftnotizen Post-it 76x76mm gelb,1,1.99,1.99,0
B01092,Klasse 11,1030,Geodreieck 22 cm Griff transparent,1,2.1,2.1,0
B01092,Klasse 11,1037,Lineal 30cm Kunststoff transparent,1,1.1,1.1,0
B01093,Klasse 2,1014,Doppelanspitzer Dose Trio Grip,1,2.99,2.99,0
B01093,Klasse 2,1038,Schnellhefter A4 Kunststoff blau,1,0.5,0.5,0
B01093,Klasse 2,1007,Schreiblernbleistift Trio Grip (dick),3,1.99,5.97,0
B01093,Klasse 2,1010,Knetmasse 10 Farben,1,3.49,3.49,0
B01094,Klasse 6,1028,Collegeblock A4 liniert (80 Blatt),5,1.79,8.95,0
B01094,Klasse 6,1029,Geodreieck 16 cm transparent Aristo,1,1.2,1.2,0
B01094,Klasse 6,1026,Vokabelheft A5 Lineatur 53 (32 Blatt),3,1.29,3.87,0
B01094,Klasse 6,1017,Zeichenblock A3 (20 Blatt),1,2.49,2.49,0
B01094,Klasse 6,1034,Schulkompass Zirkel Staedtler,1,8.5,8.5,0
B01094,Klasse 6,1059,Karteikarten A7 liniert 100 Stück,1,1.49,1.49,0
B01095,Klasse 4,1017,Zeichenblock A3 (20 Blatt),1,2.49,2.49,0
B01095,Klasse 4,1039,Schnellhefter A4 Kunststoff rot,3,0.5,1.5,0
B01095,Klasse 4,1036,Bleistift HB Grip 2001 Faber-Castell,2,1.5,3.0,0
B01095,Klasse 4,1015,Radiergummi soft (für Bleistifte),1,0.8,0.8,0
B01095,Klasse 4,1023,Hausaufgabenheft Grundschule A5,1,1.99,1.99,0
B01095,Klasse 4,1008,Buntstifte 12er Set dreikant (dick),1,5.49,5.49,0
B01095,Klasse 4,1012,Bastelschere rund 13cm Linkshänder,1,2.2,2.2,0
B01096,Klasse 5,1004,Schulheft A4 Lineatur 4 (16 Blatt),1,0.99,0.99,0
B01096,Klasse 5,1038,Schnellhefter A4 Kunststoff blau,1,0.5,0.5,0
B01096,Klasse 5,1044,Fineliner 10er Set Stabilo Point 88,1,7.99,7.99,0
B01096,Klasse 5,1036,Bleistift HB Grip 2001 Faber-Castell,1,1.5,1.5,0
B01096,Klasse 5,1037,Lineal 30cm Kunststoff transparent,1,1.1,1.1,0
B01097,Klasse 1,1013,Klebestift Uhu Renature 21g,1,1.89,1.89,0
B01097,Klasse 1,1039,Schnellhefter A4 Kunststoff rot,2,0.5,1.0,0
B01097,Klasse 1,1017,Zeichenblock A3 (20 Blatt),1,2.49,2.49,0
B01097,Klasse 1,1042,Schnellhefter A4 Kunststoff orange,3,0.5,1.5,0
B01097,Klasse 1,1029,Geodreieck 16 cm transparent Aristo,1,1.2,1.2,0
B01097,Klasse 1,1023,Hausaufgabenheft Grundschule A5,1,1.99,1.99,0
B01097,Klasse 1,1012,Bastelschere rund 13cm Linkshänder,1,2.2,2.2,0
B01097,Klasse 1,1009,Wachsmalkreiden 12er Set (wasservermalbar),1,6.99,6.99,0
B01097,Klasse 1,1007,Schreiblernbleistift Trio Grip (dick),1,1.99,1.99,0
B01098,Klasse 1,1017,Zeichenblock A3 (20 Blatt),1,2.49,2.49,0
B01098,Klasse 1,1009,Wachsmalkreiden 12er Set (wasservermalbar),1,6.99,6.99,0
B01098,Klasse 1,1020,Haarpinsel-Set (Größen 2/6/10),1,3.99,3.99,0
B01098,Klasse 1,1018,Tuschkasten K12 (12 Farben),1,9.95,9.95,0
B01098,Klasse 1,1038,Schnellhefter A4 Kunststoff blau,5,0.5,2.5,0
B01098,Klasse 1,1015,Radiergummi soft (für Bleistifte),1,0.8,0.8,0
B01099,Klasse 6,1031,Füllfederhalter Lamy Safari M,1,19.9,19.9,0
B01099,Klasse 6,1015,Radiergummi soft (für Bleistifte),1,0.8,0.8,0
B01099,Klasse 6,1019,Borstenpinsel-Set (Größen 4/8/12),1,3.5,3.5,0
B01099,Klasse 6,1059,Karteikarten A7 liniert 100 Stück,1,1.49,1.49,0
B01100,Klasse 2,1015,Radiergummi soft (für Bleistifte),1,0.8,0.8,0
B01100,Klasse 2,1019,Borstenpinsel-Set (Größen 4/8/12),1,3.5,3.5,0
B01100,Klasse 2,1006,Rechenheft A4 Lineatur 8 (5x5mm Kästchen),3,0.99,2.97,0
B01100,Klasse 2,1017,Zeichenblock A3 (20 Blatt),1,2.49,2.49,0
B01101,Klasse 2,1038,Schnellhefter A4 Kunststoff blau,3,0.5,1.5,0
B01101,Klasse 2,1015,Radiergummi soft (für Bleistifte),1,0.8,0.8,0
B01101,Klasse 2,1013,Klebestift Uhu Renature 21g,1,1.89,1.89,0
B01101,Klasse 2,1016,Sammelbox A4 Karton blau,1,2.49,2.49,0
B01101,Klasse 2,1041,Schnellhefter A4 Kunststoff gelb,3,0.5,1.5,0
B01101,Klasse 2,1010,Knetmasse 10 Farben,1,3.49,3.49,0
B01101,Klasse 2,1039,Schnellhefter A4 Kunststoff rot,1,0.5,0.5,0
B01101,Klasse 2,1022,Schreiblern-Füller Lamy ABC,1,14.5,14.5,0
B01101,Klasse 2,1021,Knete-Unterlage Kunststoff A3,1,1.99,1.99,0
B01102,Klasse 2,1029,Geodreieck 16 cm transparent Aristo,1,1.2,1.2,0
B01102,Klasse 2,1011,Bastelschere rund 13cm Rechtshänder,1,2.2,2.2,0
B01102,Klasse 2,1042,Schnellhefter A4 Kunststoff orange,1,0.5,0.5,0
B01102,Klasse 2,1039,Schnellhefter A4 Kunststoff rot,1,0.5,0.5,0
B01102,Klasse 2,1005,Rechenheft A4 Lineatur 7 (7x7mm Kästchen),1,0.99,0.99,0
B01102,Klasse 2,1021,Knete-Unterlage Kunststoff A3,1,1.99,1.99,0
B01102,Klasse 2,1010,Knetmasse 10 Farben,1,3.49,3.49,0
B01102,Klasse 2,1041,Schnellhefter A4 Kunststoff gelb,3,0.5,1.5,0
B01102,Klasse 2,1020,Haarpinsel-Set (Größen 2/6/10),1,3.99,3.99,0
B01103,Klasse 4,1004,Schulheft A4 Lineatur 4 (16 Blatt),2,0.99,1.98,0
B01103,Klasse 4,1018,Tuschkasten K12 (12 Farben),1,9.95,9.95,0
B01103,Klasse 4,1023,Hausaufgabenheft Grundschule A5,1,1.99,1.99,0
B01103,Klasse 4,1032,Tintenpatronen blau T10 (5er Pack),3,1.8,5.4,0
B01103,Klasse 4,1031,Füllfederhalter Lamy Safari M,1,19.9,19.9,0
B01103,Klasse 4,1038,Schnellhefter A4 Kunststoff blau,1,0.5,0.5,0
B01103,Klasse 4,1037,Lineal 30cm Kunststoff transparent,1,1.1,1.1,0
B01103,Klasse 4,1008,Buntstifte 12er Set dreikant (dick),1,5.49,5.49,0
B01104,Klasse 10,1055,Kugelschreiber Grip 2011 M blau (dokumentenecht),2,4.5,9.0,0
B01104,Klasse 10,1054,Ringbucheinlagen A4 kariert 100 Blatt,2,2.29,4.58,0
B01104,Klasse 10,1051,Grafikrechner Casio FX-CG50,1,119.0,119.0,0
B01105,Klasse 10,1055,Kugelschreiber Grip 2011 M blau (dokumentenecht),5,4.5,22.5,0
B01105,Klasse 10,1040,Schnellhefter A4 Kunststoff grün,1,0.5,0.5,0
B01105,Klasse 10,1058,Haftnotizen Post-it 76x76mm gelb,1,1.99,1.99,0
B01106,Klasse 5,1013,Klebestift Uhu Renature 21g,1,1.89,1.89,0
B01106,Klasse 5,1039,Schnellhefter A4 Kunststoff rot,1,0.5,0.5,0
B01106,Klasse 5,1046,Ordner A4 breit 80mm schwarz,3,3.49,10.47,0
B01106,Klasse 5,1017,Zeichenblock A3 (20 Blatt),1,2.49,2.49,0
B01106,Klasse 5,1037,Lineal 30cm Kunststoff transparent,1,1.1,1.1,0
B01106,Klasse 5,1042,Schnellhefter A4 Kunststoff orange,2,0.5,1.0,0
B01106,Klasse 5,1029,Geodreieck 16 cm transparent Aristo,1,1.2,1.2,0
B01107,Klasse 4,1041,Schnellhefter A4 Kunststoff gelb,3,0.5,1.5,0
B01107,Klasse 4,1035,Buntstifte 24er Set dreikant,1,8.99,8.99,0
B01107,Klasse 4,1012,Bastelschere rund 13cm Linkshänder,1,2.2,2.2,0
B01107,Klasse 4,1032,Tintenpatronen blau T10 (5er Pack),3,1.8,5.4,0
B01107,Klasse 4,1023,Hausaufgabenheft Grundschule A5,1,1.99,1.99,0
B01107,Klasse 4,1038,Schnellhefter A4 Kunststoff blau,5,0.5,2.5,0
B01108,Klasse 1,1016,Sammelbox A4 Karton blau,5,2.49,12.45,0
B01108,Klasse 1,1023,Hausaufgabenheft Grundschule A5,1,1.99,1.99,0
B01108,Klasse 1,1005,Rechenheft A4 Lineatur 7 (7x7mm Kästchen),10,0.99,9.9,0
B01108,Klasse 1,1009,Wachsmalkreiden 12er Set (wasservermalbar),1,6.99,6.99,0
B01108,Klasse 1,1042,Schnellhefter A4 Kunststoff orange,2,0.5,1.0,0
B01108,Klasse 1,1038,Schnellhefter A4 Kunststoff blau,2,0.5,1.0,0
B01108,Klasse 1,1014,Doppelanspitzer Dose Trio Grip,1,2.99,2.99,0
B01109,Klasse 7,1032,Tintenpatronen blau T10 (5er Pack),1,1.8,1.8,0
B01109,Klasse 7,1043,Textmarker-Set 4 Farben Stabilo Boss,1,4.99,4.99,0
B01109,Klasse 7,1038,Schnellhefter A4 Kunststoff blau,5,0.5,2.5,0
B01110,Klasse 7,1026,Vokabelheft A5 Lineatur 53 (32 Blatt),3,1.29,3.87,0
B01110,Klasse 7,1041,Schnellhefter A4 Kunststoff gelb,3,0.5,1.5,0
B01110,Klasse 7,1034,Schulkompass Zirkel Staedtler,1,8.5,8.5,0
B01111,Klasse 6,1060,Prospekthüllen A4 transparent 100er Pack,1,3.99,3.99,0
B01111,Klasse 6,1043,Textmarker-Set 4 Farben Stabilo Boss,1,4.99,4.99,0
B01111,Klasse 6,1039,Schnellhefter A4 Kunststoff rot,1,0.5,0.5,0
B01111,Klasse 6,1041,Schnellhefter A4 Kunststoff gelb,5,0.5,2.5,0
B01111,Klasse 6,1034,Schulkompass Zirkel Staedtler,1,8.5,8.5,0
B01112,Klasse 4,1019,Borstenpinsel-Set (Größen 4/8/12),1,3.5,3.5,0
B01112,Klasse 4,1039,Schnellhefter A4 Kunststoff rot,2,0.5,1.0,0
B01112,Klasse 4,1013,Klebestift Uhu Renature 21g,1,1.89,1.89,0
B01112,Klasse 4,1026,Vokabelheft A5 Lineatur 53 (32 Blatt),1,1.29,1.29,0
B01112,Klasse 4,1014,Doppelanspitzer Dose Trio Grip,1,2.99,2.99,0
B01112,Klasse 4,1004,Schulheft A4 Lineatur 4 (16 Blatt),3,0.99,2.97,0
B01113,Klasse 2,1015,Radiergummi soft (für Bleistifte),1,0.8,0.8,0
B01113,Klasse 2,1013,Klebestift Uhu Renature 21g,1,1.89,1.89,0
B01113,Klasse 2,1038,Schnellhefter A4 Kunststoff blau,2,0.5,1.0,0
B01113,Klasse 2,1022,Schreiblern-Füller Lamy ABC,1,14.5,14.5,0
B01113,Klasse 2,1007,Schreiblernbleistift Trio Grip (dick),2,1.99,3.98,0
B01113,Klasse 2,1039,Schnellhefter A4 Kunststoff rot,1,0.5,0.5,0
B01113,Klasse 2,1016,Sammelbox A4 Karton blau,3,2.49,7.47,0
B01113,Klasse 2,1001,Schreiblernheft A4 Lineatur 1 (16 Blatt),3,0.99,2.97,0
B01114,Klasse 7,1042,Schnellhefter A4 Kunststoff orange,5,0.5,2.5,0
B01114,Klasse 7,1061,Tintenroller Pilot Frixion Ball 0.7 schwarz,1,3.29,3.29,0
B01114,Klasse 7,1036,Bleistift HB Grip 2001 Faber-Castell,1,1.5,1.5,0
B01114,Klasse 7,1025,Schulheft A4 kariert Lineatur 22 (16 Blatt),10,0.99,9.9,0
B01114,Klasse 7,1045,Ringbuch A4 schmal 25mm,3,2.99,8.97,0
B01114,Klasse 7,1035,Buntstifte 24er Set dreikant,1,8.99,8.99,0
B01114,Klasse 7,1018,Tuschkasten K12 (12 Farben),1,9.95,9.95,0
B01115,Klasse 2,1015,Radiergummi soft (für Bleistifte),1,0.8,0.8,0
B01115,Klasse 2,1022,Schreiblern-Füller Lamy ABC,1,14.5,14.5,0
B01115,Klasse 2,1017,Zeichenblock A3 (20 Blatt),1,2.49,2.49,0
B01115,Klasse 2,1013,Klebestift Uhu Renature 21g,1,1.89,1.89,0
B01116,Klasse 6,1013,Klebestift Uhu Renature 21g,1,1.89,1.89,0
B01116,Klasse 6,1035,Buntstifte 24er Set dreikant,1,8.99,8.99,0
B01116,Klasse 6,1019,Borstenpinsel-Set (Größen 4/8/12),1,3.5,3.5,0
B01116,Klasse 6,1041,Schnellhefter A4 Kunststoff gelb,2,0.5,1.0,0
B01116,Klasse 6,1046,Ordner A4 breit 80mm schwarz,2,3.49,6.98,0
B01117,Klasse 3,1009,Wachsmalkreiden 12er Set (wasservermalbar),1,6.99,6.99,0
B01117,Klasse 3,1041,Schnellhefter A4 Kunststoff gelb,3,0.5,1.5,0
B01117,Klasse 3,1017,Zeichenblock A3 (20 Blatt),1,2.49,2.49,0
B01117,Klasse 3,1012,Bastelschere rund 13cm Linkshänder,1,2.2,2.2,0
B01118,Klasse 1,1007,Schreiblernbleistift Trio Grip (dick),2,1.99,3.98,0
B01118,Klasse 1,1040,Schnellhefter A4 Kunststoff grün,1,0.5,0.5,0
B01118,Klasse 1,1041,Schnellhefter A4 Kunststoff gelb,5,0.5,2.5,0
B01118,Klasse 1,1011,Bastelschere rund 13cm Rechtshänder,1,2.2,2.2,0
B01118,Klasse 1,1016,Sammelbox A4 Karton blau,2,2.49,4.98,0
B01118,Klasse 1,1013,Klebestift Uhu Renature 21g,1,1.89,1.89,0
B01118,Klasse 1,1001,Schreiblernheft A4 Lineatur 1 (16 Blatt),5,0.99,4.95,0
B01118,Klasse 1,1039,Schnellhefter A4 Kunststoff rot,2,0.5,1.0,0
B01118,Klasse 1,1042,Schnellhefter A4 Kunststoff orange,1,0.5,0.5,0
B01119,Klasse 5,1037,Lineal 30cm Kunststoff transparent,1,1.1,1.1,0
B01119,Klasse 5,1026,Vokabelheft A5 Lineatur 53 (32 Blatt),1,1.29,1.29,0
B01119,Klasse 5,1045,Ringbuch A4 schmal 25mm,2,2.99,5.98,0
B01120,Klasse 3,1016,Sammelbox A4 Karton blau,2,2.49,4.98,0
B01120,Klasse 3,1022,Schreiblern-Füller Lamy ABC,1,14.5,14.5,0
B01120,Klasse 3,1012,Bastelschere rund 13cm Linkshänder,1,2.2,2.2,0
B01120,Klasse 3,1015,Radiergummi soft (für Bleistifte),1,0.8,0.8,0
B01120,Klasse 3,1039,Schnellhefter A4 Kunststoff rot,1,0.5,0.5,0
B01120,Klasse 3,1042,Schnellhefter A4 Kunststoff orange,3,0.5,1.5,0
B01120,Klasse 3,1020,Haarpinsel-Set (Größen 2/6/10),1,3.99,3.99,0
B01121,Klasse 4,1008,Buntstifte 12er Set dreikant (dick),1,5.49,5.49,0
B01121,Klasse 4,1013,Klebestift Uhu Renature 21g,1,1.89,1.89,0
B01121,Klasse 4,1006,Rechenheft A4 Lineatur 8 (5x5mm Kästchen),3,0.99,2.97,0
B01121,Klasse 4,1029,Geodreieck 16 cm transparent Aristo,1,1.2,1.2,0
B01121,Klasse 4,1042,Schnellhefter A4 Kunststoff orange,5,0.5,2.5,0
B01122,Klasse 5,1032,Tintenpatronen blau T10 (5er Pack),2,1.8,3.6,0
B01122,Klasse 5,1020,Haarpinsel-Set (Größen 2/6/10),1,3.99,3.99,0
B01122,Klasse 5,1015,Radiergummi soft (für Bleistifte),1,0.8,0.8,0
B01122,Klasse 5,1060,Prospekthüllen A4 transparent 100er Pack,1,3.99,3.99,0
B01122,Klasse 5,1036,Bleistift HB Grip 2001 Faber-Castell,2,1.5,3.0,0
B01122,Klasse 5,1045,Ringbuch A4 schmal 25mm,2,2.99,5.98,0
B01123,Klasse 3,1022,Schreiblern-Füller Lamy ABC,1,14.5,14.5,0
B01123,Klasse 3,1023,Hausaufgabenheft Grundschule A5,1,1.99,1.99,0
B01123,Klasse 3,1016,Sammelbox A4 Karton blau,2,2.49,4.98,0
B01123,Klasse 3,1014,Doppelanspitzer Dose Trio Grip,1,2.99,2.99,0
B01124,Klasse 1,1015,Radiergummi soft (für Bleistifte),1,0.8,0.8,0
B01124,Klasse 1,1019,Borstenpinsel-Set (Größen 4/8/12),1,3.5,3.5,0
B01124,Klasse 1,1020,Haarpinsel-Set (Größen 2/6/10),1,3.99,3.99,0
B01124,Klasse 1,1011,Bastelschere rund 13cm Rechtshänder,1,2.2,2.2,0
B01124,Klasse 1,1007,Schreiblernbleistift Trio Grip (dick),2,1.99,3.98,0
B01124,Klasse 1,1014,Doppelanspitzer Dose Trio Grip,1,2.99,2.99,0
B01124,Klasse 1,1008,Buntstifte 12er Set dreikant (dick),1,5.49,5.49,0
B01124,Klasse 1,1039,Schnellhefter A4 Kunststoff rot,3,0.5,1.5,0
B01124,Klasse 1,1022,Schreiblern-Füller Lamy ABC,1,14.5,14.5,0
B01125,Klasse 7 & 8,1056,Kugelschreiber Grip 2011 M schwarz,3,4.5,13.5,1
B01125,Klasse 7 & 8,1043,Textmarker-Set 4 Farben Stabilo Boss,1,4.99,4.99,1
B01125,Klasse 7 & 8,1061,Tintenroller Pilot Frixion Ball 0.7 schwarz,3,3.29,9.87,1
B01125,Klasse 7 & 8,1058,Haftnotizen Post-it 76x76mm gelb,1,1.99,1.99,1
B01125,Klasse 7 & 8,1037,Lineal 30cm Kunststoff transparent,1,1.1,1.1,1
B01125,Klasse 7 & 8,1017,Zeichenblock A3 (20 Blatt),1,2.49,2.49,1
B01125,Klasse 7 & 8,1040,Schnellhefter A4 Kunststoff grün,2,0.5,1.0,1
B01125,Klasse 7 & 8,1020,Haarpinsel-Set (Größen 2/6/10),1,3.99,3.99,1
B01125,Klasse 7 & 8,1060,Prospekthüllen A4 transparent 100er Pack,1,3.99,3.99,1
B01125,Klasse 7 & 8,1024,Schulheft A4 liniert Lineatur 21 (16 Blatt),3,0.99,2.97,1
B01125,Klasse 7 & 8,1038,Schnellhefter A4 Kunststoff blau,3,0.5,1.5,1
B01125,Klasse 7 & 8,1046,Ordner A4 breit 80mm schwarz,2,3.49,6.98,1
B01126,Klasse 1,1042,Schnellhefter A4 Kunststoff orange,2,0.5,1.0,0
B01126,Klasse 1,1021,Knete-Unterlage Kunststoff A3,1,1.99,1.99,0
B01126,Klasse 1,1007,Schreiblernbleistift Trio Grip (dick),1,1.99,1.99,0
B01126,Klasse 1,1016,Sammelbox A4 Karton blau,2,2.49,4.98,0
B01126,Klasse 1,1010,Knetmasse 10 Farben,1,3.49,3.49,0
B01127,Klasse 6,1046,Ordner A4 breit 80mm schwarz,2,3.49,6.98,0
B01127,Klasse 6,1018,Tuschkasten K12 (12 Farben),1,9.95,9.95,0
B01127,Klasse 6,1028,Collegeblock A4 liniert (80 Blatt),3,1.79,5.37,0
B01127,Klasse 6,1024,Schulheft A4 liniert Lineatur 21 (16 Blatt),2,0.99,1.98,0
B01127,Klasse 6,1045,Ringbuch A4 schmal 25mm,2,2.99,5.98,0
B01127,Klasse 6,1031,Füllfederhalter Lamy Safari M,1,19.9,19.9,0
B01128,Klasse 11,1051,Grafikrechner Casio FX-CG50,1,119.0,119.0,0
B01128,Klasse 11,1044,Fineliner 10er Set Stabilo Point 88,1,7.99,7.99,0
B01128,Klasse 11,1037,Lineal 30cm Kunststoff transparent,1,1.1,1.1,0
B01128,Klasse 11,1057,Textmarker-Set Pastell 6 Farben Stabilo Boss,1,6.99,6.99,0
B01129,Klasse 7 & 12,1029,Geodreieck 16 cm transparent Aristo,1,1.2,1.2,1
B01129,Klasse 7 & 12,1015,Radiergummi soft (für Bleistifte),1,0.8,0.8,1
B01129,Klasse 7 & 12,1052,Formelsammlung Mathematik/Physik/Chemie Duden,1,12.99,12.99,1
B01129,Klasse 7 & 12,1061,Tintenroller Pilot Frixion Ball 0.7 schwarz,2,3.29,6.58,1
B01129,Klasse 7 & 12,1036,Bleistift HB Grip 2001 Faber-Castell,2,1.5,3.0,1
B01129,Klasse 7 & 12,1060,Prospekthüllen A4 transparent 100er Pack,1,3.99,3.99,1
B01129,Klasse 7 & 12,1031,Füllfederhalter Lamy Safari M,1,19.9,19.9,1
B01129,Klasse 7 & 12,1041,Schnellhefter A4 Kunststoff gelb,3,0.5,1.5,1
B01130,Klasse 2,1010,Knetmasse 10 Farben,1,3.49,3.49,0
B01130,Klasse 2,1011,Bastelschere rund 13cm Rechtshänder,1,2.2,2.2,0
B01130,Klasse 2,1008,Buntstifte 12er Set dreikant (dick),1,5.49,5.49,0
B01130,Klasse 2,1059,Karteikarten A7 liniert 100 Stück,1,1.49,1.49,0
B01131,Klasse 9,1043,Textmarker-Set 4 Farben Stabilo Boss,1,4.99,4.99,0
B01131,Klasse 9,1049,Oxford Collegeblock A4 kariert (90g Papier),2,2.79,5.58,0
B01131,Klasse 9,1037,Lineal 30cm Kunststoff transparent,1,1.1,1.1,0
B01131,Klasse 9,1042,Schnellhefter A4 Kunststoff orange,2,0.5,1.0,0
B01131,Klasse 9,1026,Vokabelheft A5 Lineatur 53 (32 Blatt),10,1.29,12.9,0
B01131,Klasse 9,1041,Schnellhefter A4 Kunststoff gelb,2,0.5,1.0,0
B01131,Klasse 9,1031,Füllfederhalter Lamy Safari M,1,19.9,19.9,0
B01132,Klasse 8,1061,Tintenroller Pilot Frixion Ball 0.7 schwarz,2,3.29,6.58,0
B01132,Klasse 8,1030,Geodreieck 22 cm Griff transparent,1,2.1,2.1,0
B01132,Klasse 8,1048,Hausaufgabenheft A5 Classic,1,1.99,1.99,0
B01132,Klasse 8,1041,Schnellhefter A4 Kunststoff gelb,2,0.5,1.0,0
B01133,Klasse 8 & 9,1024,Schulheft A4 liniert Lineatur 21 (16 Blatt),5,0.99,4.95,1
B01133,Klasse 8 & 9,1058,Haftnotizen Post-it 76x76mm gelb,1,1.99,1.99,1
B01133,Klasse 8 & 9,1032,Tintenpatronen blau T10 (5er Pack),2,1.8,3.6,1
B01133,Klasse 8 & 9,1044,Fineliner 10er Set Stabilo Point 88,1,7.99,7.99,1
B01133,Klasse 8 & 9,1043,Textmarker-Set 4 Farben Stabilo Boss,1,4.99,4.99,1
B01133,Klasse 8 & 9,1034,Schulkompass Zirkel Staedtler,1,8.5,8.5,1
B01133,Klasse 8 & 9,1038,Schnellhefter A4 Kunststoff blau,3,0.5,1.5,1
B01133,Klasse 8 & 9,1056,Kugelschreiber Grip 2011 M schwarz,1,4.5,4.5,1
B01133,Klasse 8 & 9,1047,Wissenschaftlicher Taschenrechner Casio fx-87DE X,1,24.99,24.99,1
B01134,Klasse 1,1038,Schnellhefter A4 Kunststoff blau,2,0.5,1.0,0
B01134,Klasse 1,1014,Doppelanspitzer Dose Trio Grip,1,2.99,2.99,0
B01134,Klasse 1,1007,Schreiblernbleistift Trio Grip (dick),1,1.99,1.99,0
B01134,Klasse 1,1023,Hausaufgabenheft Grundschule A5,1,1.99,1.99,0
B01134,Klasse 1,1020,Haarpinsel-Set (Größen 2/6/10),1,3.99,3.99,0
B01134,Klasse 1,1010,Knetmasse 10 Farben,1,3.49,3.49,0
B01134,Klasse 1,1008,Buntstifte 12er Set dreikant (dick),1,5.49,5.49,0
B01134,Klasse 1,1012,Bastelschere rund 13cm Linkshänder,1,2.2,2.2,0
B01134,Klasse 1,1041,Schnellhefter A4 Kunststoff gelb,5,0.5,2.5,0
B01135,Klasse 5,1015,Radiergummi soft (für Bleistifte),1,0.8,0.8,0
B01135,Klasse 5,1026,Vokabelheft A5 Lineatur 53 (32 Blatt),3,1.29,3.87,0
B01135,Klasse 5,1018,Tuschkasten K12 (12 Farben),1,9.95,9.95,0
B01136,Klasse 5,1026,Vokabelheft A5 Lineatur 53 (32 Blatt),3,1.29,3.87,0
B01136,Klasse 5,1018,Tuschkasten K12 (12 Farben),1,9.95,9.95,0
B01136,Klasse 5,1038,Schnellhefter A4 Kunststoff blau,2,0.5,1.0,0
B01136,Klasse 5,1013,Klebestift Uhu Renature 21g,1,1.89,1.89,0
B01136,Klasse 5,1004,Schulheft A4 Lineatur 4 (16 Blatt),5,0.99,4.95,0
B01136,Klasse 5,1032,Tintenpatronen blau T10 (5er Pack),1,1.8,1.8,0
B01136,Klasse 5,1020,Haarpinsel-Set (Größen 2/6/10),1,3.99,3.99,0
B01137,Klasse 9,1056,Kugelschreiber Grip 2011 M schwarz,2,4.5,9.0,0
B01137,Klasse 9,1020,Haarpinsel-Set (Größen 2/6/10),1,3.99,3.99,0
B01137,Klasse 9,1041,Schnellhefter A4 Kunststoff gelb,3,0.5,1.5,0
B01137,Klasse 9,1033,Tintenkiller Super Pirat (2er Pack),2,2.49,4.98,0
B01137,Klasse 9,1018,Tuschkasten K12 (12 Farben),1,9.95,9.95,0
B01137,Klasse 9,1025,Schulheft A4 kariert Lineatur 22 (16 Blatt),1,0.99,0.99,0
B01137,Klasse 9,1050,Oxford Collegeblock A4 liniert (90g Papier),3,2.79,8.37,0
B01138,Klasse 12,1030,Geodreieck 22 cm Griff transparent,1,2.1,2.1,0
B01138,Klasse 12,1046,Ordner A4 breit 80mm schwarz,1,3.49,3.49,0
B01138,Klasse 12,1056,Kugelschreiber Grip 2011 M schwarz,3,4.5,13.5,0
B01139,Klasse 3 & 12,1036,Bleistift HB Grip 2001 Faber-Castell,2,1.5,3.0,1
B01139,Klasse 3 & 12,1051,Grafikrechner Casio FX-CG50,1,119.0,119.0,1
B01139,Klasse 3 & 12,1029,Geodreieck 16 cm transparent Aristo,1,1.2,1.2,1
B01139,Klasse 3 & 12,1060,Prospekthüllen A4 transparent 100er Pack,1,3.99,3.99,1
B01139,Klasse 3 & 12,1014,Doppelanspitzer Dose Trio Grip,1,2.99,2.99,1
B01139,Klasse 3 & 12,1018,Tuschkasten K12 (12 Farben),1,9.95,9.95,1
B01139,Klasse 3 & 12,1011,Bastelschere rund 13cm Rechtshänder,1,2.2,2.2,1
B01139,Klasse 3 & 12,1006,Rechenheft A4 Lineatur 8 (5x5mm Kästchen),3,0.99,2.97,1
B01139,Klasse 3 & 12,1019,Borstenpinsel-Set (Größen 4/8/12),1,3.5,3.5,1
B01139,Klasse 3 & 12,1007,Schreiblernbleistift Trio Grip (dick),5,1.99,9.95,1
B01139,Klasse 3 & 12,1015,Radiergummi soft (für Bleistifte),1,0.8,0.8,1
B01139,Klasse 3 & 12,1013,Klebestift Uhu Renature 21g,1,1.89,1.89,1
B01140,Klasse 1,1021,Knete-Unterlage Kunststoff A3,1,1.99,1.99,0
B01140,Klasse 1,1022,Schreiblern-Füller Lamy ABC,1,14.5,14.5,0
B01140,Klasse 1,1013,Klebestift Uhu Renature 21g,1,1.89,1.89,0
B01140,Klasse 1,1014,Doppelanspitzer Dose Trio Grip,1,2.99,2.99,0
B01140,Klasse 1,1008,Buntstifte 12er Set dreikant (dick),1,5.49,5.49,0
B01140,Klasse 1,1041,Schnellhefter A4 Kunststoff gelb,2,0.5,1.0,0
B01140,Klasse 1,1017,Zeichenblock A3 (20 Blatt),1,2.49,2.49,0
B01140,Klasse 1,1040,Schnellhefter A4 Kunststoff grün,1,0.5,0.5,0
B01141,Klasse 5,1026,Vokabelheft A5 Lineatur 53 (32 Blatt),5,1.29,6.45,0
B01141,Klasse 5,1033,Tintenkiller Super Pirat (2er Pack),1,2.49,2.49,0
B01141,Klasse 5,1036,Bleistift HB Grip 2001 Faber-Castell,5,1.5,7.5,0
B01141,Klasse 5,1031,Füllfederhalter Lamy Safari M,1,19.9,19.9,0
B01141,Klasse 5,1042,Schnellhefter A4 Kunststoff orange,2,0.5,1.0,0
B01142,Klasse 3,1015,Radiergummi soft (für Bleistifte),1,0.8,0.8,0
B01142,Klasse 3,1033,Tintenkiller Super Pirat (2er Pack),3,2.49,7.47,0
B01142,Klasse 3,1018,Tuschkasten K12 (12 Farben),1,9.95,9.95,0
B01142,Klasse 3,1022,Schreiblern-Füller Lamy ABC,1,14.5,14.5,0
B01142,Klasse 3,1016,Sammelbox A4 Karton blau,1,2.49,2.49,0
B01143,Klasse 8,1039,Schnellhefter A4 Kunststoff rot,3,0.5,1.5,0
B01143,Klasse 8,1045,Ringbuch A4 schmal 25mm,2,2.99,5.98,0
B01143,Klasse 8,1037,Lineal 30cm Kunststoff transparent,1,1.1,1.1,0
B01143,Klasse 8,1018,Tuschkasten K12 (12 Farben),1,9.95,9.95,0
B01143,Klasse 8,1042,Schnellhefter A4 Kunststoff orange,1,0.5,0.5,0
B01143,Klasse 8,1057,Textmarker-Set Pastell 6 Farben Stabilo Boss,1,6.99,6.99,0
B01144,Klasse 10,1045,Ringbuch A4 schmal 25mm,3,2.99,8.97,0
B01144,Klasse 10,1055,Kugelschreiber Grip 2011 M blau (dokumentenecht),2,4.5,9.0,0
B01144,Klasse 10,1029,Geodreieck 16 cm transparent Aristo,1,1.2,1.2,0
B01144,Klasse 10,1051,Grafikrechner Casio FX-CG50,1,119.0,119.0,0
B01144,Klasse 10,1060,Prospekthüllen A4 transparent 100er Pack,1,3.99,3.99,0
B01145,Klasse 1,1010,Knetmasse 10 Farben,1,3.49,3.49,0
B01145,Klasse 1,1039,Schnellhefter A4 Kunststoff rot,2,0.5,1.0,0
B01145,Klasse 1,1001,Schreiblernheft A4 Lineatur 1 (16 Blatt),3,0.99,2.97,0
B01145,Klasse 1,1019,Borstenpinsel-Set (Größen 4/8/12),1,3.5,3.5,0
B01145,Klasse 1,1021,Knete-Unterlage Kunststoff A3,1,1.99,1.99,0
B01145,Klasse 1,1005,Rechenheft A4 Lineatur 7 (7x7mm Kästchen),3,0.99,2.97,0
B01145,Klasse 1,1040,Schnellhefter A4 Kunststoff grün,2,0.5,1.0,0
B01146,Klasse 6,1028,Collegeblock A4 liniert (80 Blatt),3,1.79,5.37,0
B01146,Klasse 6,1029,Geodreieck 16 cm transparent Aristo,1,1.2,1.2,0
B01146,Klasse 6,1046,Ordner A4 breit 80mm schwarz,3,3.49,10.47,0
B01146,Klasse 6,1055,Kugelschreiber Grip 2011 M blau (dokumentenecht),2,4.5,9.0,0
B01146,Klasse 6,1027,Collegeblock A4 kariert (80 Blatt),5,1.79,8.95,0
B01146,Klasse 6,1044,Fineliner 10er Set Stabilo Point 88,1,7.99,7.99,0
B01147,Klasse 3,1016,Sammelbox A4 Karton blau,3,2.49,7.47,0
B01147,Klasse 3,1012,Bastelschere rund 13cm Linkshänder,1,2.2,2.2,0
B01147,Klasse 3,1018,Tuschkasten K12 (12 Farben),1,9.95,9.95,0
B01147,Klasse 3,1015,Radiergummi soft (für Bleistifte),1,0.8,0.8,0
B01147,Klasse 3,1003,Schreiblernheft A4 Lineatur 3 (16 Blatt),5,0.99,4.95,0
B01147,Klasse 3,1013,Klebestift Uhu Renature 21g,1,1.89,1.89,0
B01147,Klasse 3,1020,Haarpinsel-Set (Größen 2/6/10),1,3.99,3.99,0
B01148,Klasse 5,1013,Klebestift Uhu Renature 21g,1,1.89,1.89,0
B01148,Klasse 5,1029,Geodreieck 16 cm transparent Aristo,1,1.2,1.2,0
B01148,Klasse 5,1033,Tintenkiller Super Pirat (2er Pack),2,2.49,4.98,0
B01148,Klasse 5,1024,Schulheft A4 liniert Lineatur 21 (16 Blatt),3,0.99,2.97,0
B01148,Klasse 5,1006,Rechenheft A4 Lineatur 8 (5x5mm Kästchen),5,0.99,4.95,0
B01148,Klasse 5,1020,Haarpinsel-Set (Größen 2/6/10),1,3.99,3.99,0
B01148,Klasse 5,1040,Schnellhefter A4 Kunststoff grün,5,0.5,2.5,0
B01149,Klasse 10,1034,Schulkompass Zirkel Staedtler,1,8.5,8.5,0
B01149,Klasse 10,1039,Schnellhefter A4 Kunststoff rot,1,0.5,0.5,0
B01149,Klasse 10,1061,Tintenroller Pilot Frixion Ball 0.7 schwarz,2,3.29,6.58,0
B01149,Klasse 10,1044,Fineliner 10er Set Stabilo Point 88,1,7.99,7.99,0
B01150,Klasse 4 & 8,1020,Haarpinsel-Set (Größen 2/6/10),1,3.99,3.99,1
B01150,Klasse 4 & 8,1048,Hausaufgabenheft A5 Classic,1,1.99,1.99,1
B01150,Klasse 4 & 8,1030,Geodreieck 22 cm Griff transparent,1,2.1,2.1,1
B01150,Klasse 4 & 8,1029,Geodreieck 16 cm transparent Aristo,1,1.2,1.2,1
B01150,Klasse 4 & 8,1035,Buntstifte 24er Set dreikant,1,8.99,8.99,1
B01150,Klasse 4 & 8,1032,Tintenpatronen blau T10 (5er Pack),2,1.8,3.6,1
B01150,Klasse 4 & 8,1059,Karteikarten A7 liniert 100 Stück,1,1.49,1.49,1
B01150,Klasse 4 & 8,1038,Schnellhefter A4 Kunststoff blau,3,0.5,1.5,1
B01150,Klasse 4 & 8,1012,Bastelschere rund 13cm Linkshänder,1,2.2,2.2,1
B01150,Klasse 4 & 8,1017,Zeichenblock A3 (20 Blatt),1,2.49,2.49,1
B01150,Klasse 4 & 8,1031,Füllfederhalter Lamy Safari M,1,19.9,19.9,1
B01150,Klasse 4 & 8,1040,Schnellhefter A4 Kunststoff grün,3,0.5,1.5,1
B01150,Klasse 4 & 8,1025,Schulheft A4 kariert Lineatur 22 (16 Blatt),5,0.99,4.95,1
B01150,Klasse 4 & 8,1041,Schnellhefter A4 Kunststoff gelb,2,0.5,1.0,1
B01151,Klasse 9,1057,Textmarker-Set Pastell 6 Farben Stabilo Boss,1,6.99,6.99,0
B01151,Klasse 9,1035,Buntstifte 24er Set dreikant,1,8.99,8.99,0
B01151,Klasse 9,1037,Lineal 30cm Kunststoff transparent,1,1.1,1.1,0
B01151,Klasse 9,1045,Ringbuch A4 schmal 25mm,3,2.99,8.97,0
B01151,Klasse 9,1059,Karteikarten A7 liniert 100 Stück,1,1.49,1.49,0
B01151,Klasse 9,1048,Hausaufgabenheft A5 Classic,1,1.99,1.99,0
B01152,Klasse 1,1042,Schnellhefter A4 Kunststoff orange,2,0.5,1.0,0
B01152,Klasse 1,1016,Sammelbox A4 Karton blau,5,2.49,12.45,0
B01152,Klasse 1,1012,Bastelschere rund 13cm Linkshänder,1,2.2,2.2,0
B01152,Klasse 1,1005,Rechenheft A4 Lineatur 7 (7x7mm Kästchen),5,0.99,4.95,0
B01152,Klasse 1,1017,Zeichenblock A3 (20 Blatt),1,2.49,2.49,0
B01152,Klasse 1,1040,Schnellhefter A4 Kunststoff grün,3,0.5,1.5,0
B01153,Klasse 12,1027,Collegeblock A4 kariert (80 Blatt),2,1.79,3.58,0
B01153,Klasse 12,1015,Radiergummi soft (für Bleistifte),1,0.8,0.8,0
B01153,Klasse 12,1046,Ordner A4 breit 80mm schwarz,2,3.49,6.98,0
B01153,Klasse 12,1053,Ringbucheinlagen A4 liniert 100 Blatt,2,2.29,4.58,0
B01153,Klasse 12,1049,Oxford Collegeblock A4 kariert (90g Papier),3,2.79,8.37,0
B01154,Klasse 2,1040,Schnellhefter A4 Kunststoff grün,1,0.5,0.5,0
B01154,Klasse 2,1014,Doppelanspitzer Dose Trio Grip,1,2.99,2.99,0
B01154,Klasse 2,1002,Schreiblernheft A4 Lineatur 2 (16 Blatt),10,0.99,9.9,0
B01154,Klasse 2,1019,Borstenpinsel-Set (Größen 4/8/12),1,3.5,3.5,0
B01154,Klasse 2,1017,Zeichenblock A3 (20 Blatt),1,2.49,2.49,0
B01154,Klasse 2,1008,Buntstifte 12er Set dreikant (dick),1,5.49,5.49,0
B01154,Klasse 2,1018,Tuschkasten K12 (12 Farben),1,9.95,9.95,0
B01154,Klasse 2,1023,Hausaufgabenheft Grundschule A5,1,1.99,1.99,0
B01154,Klasse 2,1013,Klebestift Uhu Renature 21g,1,1.89,1.89,0
B01155,Klasse 8,1027,Collegeblock A4 kariert (80 Blatt),3,1.79,5.37,0
B01155,Klasse 8,1017,Zeichenblock A3 (20 Blatt),1,2.49,2.49,0
B01155,Klasse 8,1040,Schnellhefter A4 Kunststoff grün,2,0.5,1.0,0
B01155,Klasse 8,1035,Buntstifte 24er Set dreikant,1,8.99,8.99,0
B01155,Klasse 8,1060,Prospekthüllen A4 transparent 100er Pack,1,3.99,3.99,0
B01156,Klasse 1 & 11,1014,Doppelanspitzer Dose Trio Grip,1,2.99,2.99,1
B01156,Klasse 1 & 11,1007,Schreiblernbleistift Trio Grip (dick),1,1.99,1.99,1
B01156,Klasse 1 & 11,1041,Schnellhefter A4 Kunststoff gelb,3,0.5,1.5,1
B01156,Klasse 1 & 11,1009,Wachsmalkreiden 12er Set (wasservermalbar),1,6.99,6.99,1
B01156,Klasse 1 & 11,1021,Knete-Unterlage Kunststoff A3,1,1.99,1.99,1
B01156,Klasse 1 & 11,1023,Hausaufgabenheft Grundschule A5,1,1.99,1.99,1
B01156,Klasse 1 & 11,1029,Geodreieck 16 cm transparent Aristo,1,1.2,1.2,1
B01156,Klasse 1 & 11,1061,Tintenroller Pilot Frixion Ball 0.7 schwarz,5,3.29,16.45,1
B01156,Klasse 1 & 11,1028,Collegeblock A4 liniert (80 Blatt),5,1.79,8.95,1
B01156,Klasse 1 & 11,1036,Bleistift HB Grip 2001 Faber-Castell,5,1.5,7.5,1
B01156,Klasse 1 & 11,1059,Karteikarten A7 liniert 100 Stück,1,1.49,1.49,1
B01157,Klasse 7,1048,Hausaufgabenheft A5 Classic,1,1.99,1.99,0
B01157,Klasse 7,1035,Buntstifte 24er Set dreikant,1,8.99,8.99,0
B01157,Klasse 7,1060,Prospekthüllen A4 transparent 100er Pack,1,3.99,3.99,0
B01157,Klasse 7,1036,Bleistift HB Grip 2001 Faber-Castell,1,1.5,1.5,0
B01157,Klasse 7,1038,Schnellhefter A4 Kunststoff blau,2,0.5,1.0,0
B01158,Klasse 12,1052,Formelsammlung Mathematik/Physik/Chemie Duden,1,12.99,12.99,0
B01158,Klasse 12,1054,Ringbucheinlagen A4 kariert 100 Blatt,3,2.29,6.87,0
B01158,Klasse 12,1045,Ringbuch A4 schmal 25mm,1,2.99,2.99,0
B01158,Klasse 12,1036,Bleistift HB Grip 2001 Faber-Castell,1,1.5,1.5,0
B01158,Klasse 12,1061,Tintenroller Pilot Frixion Ball 0.7 schwarz,1,3.29,3.29,0
B01159,Klasse 10,1050,Oxford Collegeblock A4 liniert (90g Papier),2,2.79,5.58,0
B01159,Klasse 10,1048,Hausaufgabenheft A5 Classic,1,1.99,1.99,0
B01159,Klasse 10,1058,Haftnotizen Post-it 76x76mm gelb,1,1.99,1.99,0
B01159,Klasse 10,1041,Schnellhefter A4 Kunststoff gelb,3,0.5,1.5,0
B01160,Klasse 4,1036,Bleistift HB Grip 2001 Faber-Castell,2,1.5,3.0,0
B01160,Klasse 4,1041,Schnellhefter A4 Kunststoff gelb,3,0.5,1.5,0
B01160,Klasse 4,1023,Hausaufgabenheft Grundschule A5,1,1.99,1.99,0
B01160,Klasse 4,1018,Tuschkasten K12 (12 Farben),1,9.95,9.95,0
B01160,Klasse 4,1016,Sammelbox A4 Karton blau,5,2.49,12.45,0
B01160,Klasse 4,1019,Borstenpinsel-Set (Größen 4/8/12),1,3.5,3.5,0
B01160,Klasse 4,1038,Schnellhefter A4 Kunststoff blau,2,0.5,1.0,0
B01160,Klasse 4,1015,Radiergummi soft (für Bleistifte),1,0.8,0.8,0
B01160,Klasse 4,1003,Schreiblernheft A4 Lineatur 3 (16 Blatt),1,0.99,0.99,0
B01161,Klasse 6,1060,Prospekthüllen A4 transparent 100er Pack,1,3.99,3.99,0
B01161,Klasse 6,1018,Tuschkasten K12 (12 Farben),1,9.95,9.95,0
B01161,Klasse 6,1027,Collegeblock A4 kariert (80 Blatt),5,1.79,8.95,0
B01161,Klasse 6,1029,Geodreieck 16 cm transparent Aristo,1,1.2,1.2,0
B01161,Klasse 6,1037,Lineal 30cm Kunststoff transparent,1,1.1,1.1,0
B01161,Klasse 6,1015,Radiergummi soft (für Bleistifte),1,0.8,0.8,0
B01162,Klasse 5,1036,Bleistift HB Grip 2001 Faber-Castell,1,1.5,1.5,0
B01162,Klasse 5,1044,Fineliner 10er Set Stabilo Point 88,1,7.99,7.99,0
B01162,Klasse 5,1026,Vokabelheft A5 Lineatur 53 (32 Blatt),5,1.29,6.45,0
B01162,Klasse 5,1043,Textmarker-Set 4 Farben Stabilo Boss,1,4.99,4.99,0
B01163,Klasse 1,1005,Rechenheft A4 Lineatur 7 (7x7mm Kästchen),3,0.99,2.97,0
B01163,Klasse 1,1023,Hausaufgabenheft Grundschule A5,1,1.99,1.99,0
B01163,Klasse 1,1022,Schreiblern-Füller Lamy ABC,1,14.5,14.5,0
B01163,Klasse 1,1008,Buntstifte 12er Set dreikant (dick),1,5.49,5.49,0
B01163,Klasse 1,1021,Knete-Unterlage Kunststoff A3,1,1.99,1.99,0
B01163,Klasse 1,1017,Zeichenblock A3 (20 Blatt),1,2.49,2.49,0
B01163,Klasse 1,1013,Klebestift Uhu Renature 21g,1,1.89,1.89,0
B01163,Klasse 1,1014,Doppelanspitzer Dose Trio Grip,1,2.99,2.99,0
B01163,Klasse 1,1018,Tuschkasten K12 (12 Farben),1,9.95,9.95,0
B01164,Klasse 3,1020,Haarpinsel-Set (Größen 2/6/10),1,3.99,3.99,0
B01164,Klasse 3,1034,Schulkompass Zirkel Staedtler,1,8.5,8.5,0
B01164,Klasse 3,1055,Kugelschreiber Grip 2011 M blau (dokumentenecht),2,4.5,9.0,0
B01164,Klasse 3,1006,Rechenheft A4 Lineatur 8 (5x5mm Kästchen),2,0.99,1.98,0
B01164,Klasse 3,1008,Buntstifte 12er Set dreikant (dick),1,5.49,5.49,0
B01165,Klasse 3,1011,Bastelschere rund 13cm Rechtshänder,1,2.2,2.2,0
B01165,Klasse 3,1015,Radiergummi soft (für Bleistifte),1,0.8,0.8,0
B01165,Klasse 3,1016,Sammelbox A4 Karton blau,2,2.49,4.98,0
B01165,Klasse 3,1017,Zeichenblock A3 (20 Blatt),1,2.49,2.49,0
B01165,Klasse 3,1023,Hausaufgabenheft Grundschule A5,1,1.99,1.99,0
B01165,Klasse 3,1020,Haarpinsel-Set (Größen 2/6/10),1,3.99,3.99,0
B01165,Klasse 3,1042,Schnellhefter A4 Kunststoff orange,2,0.5,1.0,0
B01165,Klasse 3,1014,Doppelanspitzer Dose Trio Grip,1,2.99,2.99,0
B01165,Klasse 3,1008,Buntstifte 12er Set dreikant (dick),1,5.49,5.49,0
B01166,Klasse 11,1045,Ringbuch A4 schmal 25mm,2,2.99,5.98,0
B01166,Klasse 11,1028,Collegeblock A4 liniert (80 Blatt),5,1.79,8.95,0
B01166,Klasse 11,1057,Textmarker-Set Pastell 6 Farben Stabilo Boss,1,6.99,6.99,0
B01167,Klasse 12,1051,Grafikrechner Casio FX-CG50,1,119.0,119.0,0
B01167,Klasse 12,1036,Bleistift HB Grip 2001 Faber-Castell,1,1.5,1.5,0
B01167,Klasse 12,1045,Ringbuch A4 schmal 25mm,1,2.99,2.99,0
B01168,Klasse 5,1024,Schulheft A4 liniert Lineatur 21 (16 Blatt),3,0.99,2.97,0
B01168,Klasse 5,1045,Ringbuch A4 schmal 25mm,2,2.99,5.98,0
B01168,Klasse 5,1027,Collegeblock A4 kariert (80 Blatt),5,1.79,8.95,0
B01168,Klasse 5,1018,Tuschkasten K12 (12 Farben),1,9.95,9.95,0
B01168,Klasse 5,1039,Schnellhefter A4 Kunststoff rot,5,0.5,2.5,0
B01168,Klasse 5,1046,Ordner A4 breit 80mm schwarz,3,3.49,10.47,0
B01169,Klasse 4,1023,Hausaufgabenheft Grundschule A5,1,1.99,1.99,0
B01169,Klasse 4,1060,Prospekthüllen A4 transparent 100er Pack,1,3.99,3.99,0
B01169,Klasse 4,1020,Haarpinsel-Set (Größen 2/6/10),1,3.99,3.99,0
B01169,Klasse 4,1013,Klebestift Uhu Renature 21g,1,1.89,1.89,0
B01170,Klasse 1,1008,Buntstifte 12er Set dreikant (dick),1,5.49,5.49,0
B01170,Klasse 1,1042,Schnellhefter A4 Kunststoff orange,1,0.5,0.5,0
B01170,Klasse 1,1007,Schreiblernbleistift Trio Grip (dick),2,1.99,3.98,0
B01170,Klasse 1,1021,Knete-Unterlage Kunststoff A3,1,1.99,1.99,0
B01170,Klasse 1,1039,Schnellhefter A4 Kunststoff rot,2,0.5,1.0,0
B01170,Klasse 1,1005,Rechenheft A4 Lineatur 7 (7x7mm Kästchen),3,0.99,2.97,0
B01170,Klasse 1,1013,Klebestift Uhu Renature 21g,1,1.89,1.89,0
B01171,Klasse 10,1051,Grafikrechner Casio FX-CG50,1,119.0,119.0,0
B01171,Klasse 10,1048,Hausaufgabenheft A5 Classic,1,1.99,1.99,0
B01172,Klasse 5,1038,Schnellhefter A4 Kunststoff blau,2,0.5,1.0,0
B01172,Klasse 5,1028,Collegeblock A4 liniert (80 Blatt),3,1.79,5.37,0
B01172,Klasse 5,1048,Hausaufgabenheft A5 Classic,1,1.99,1.99,0
B01172,Klasse 5,1046,Ordner A4 breit 80mm schwarz,5,3.49,17.45,0
B01173,Klasse 6,1026,Vokabelheft A5 Lineatur 53 (32 Blatt),3,1.29,3.87,0
B01173,Klasse 6,1036,Bleistift HB Grip 2001 Faber-Castell,2,1.5,3.0,0
B01173,Klasse 6,1042,Schnellhefter A4 Kunststoff orange,5,0.5,2.5,0
B01173,Klasse 6,1020,Haarpinsel-Set (Größen 2/6/10),1,3.99,3.99,0
B01173,Klasse 6,1035,Buntstifte 24er Set dreikant,1,8.99,8.99,0
B01174,Klasse 3,1042,Schnellhefter A4 Kunststoff orange,2,0.5,1.0,0
B01174,Klasse 3,1017,Zeichenblock A3 (20 Blatt),1,2.49,2.49,0
B01174,Klasse 3,1022,Schreiblern-Füller Lamy ABC,1,14.5,14.5,0
B01174,Klasse 3,1041,Schnellhefter A4 Kunststoff gelb,3,0.5,1.5,0
B01174,Klasse 3,1020,Haarpinsel-Set (Größen 2/6/10),1,3.99,3.99,0
B01174,Klasse 3,1004,Schulheft A4 Lineatur 4 (16 Blatt),3,0.99,2.97,0
B01174,Klasse 3,1039,Schnellhefter A4 Kunststoff rot,2,0.5,1.0,0
B01174,Klasse 3,1011,Bastelschere rund 13cm Rechtshänder,1,2.2,2.2,0
B01175,Klasse 8,1038,Schnellhefter A4 Kunststoff blau,3,0.5,1.5,0
B01175,Klasse 8,1032,Tintenpatronen blau T10 (5er Pack),5,1.8,9.0,0
B01175,Klasse 8,1026,Vokabelheft A5 Lineatur 53 (32 Blatt),5,1.29,6.45,0
B01175,Klasse 8,1035,Buntstifte 24er Set dreikant,1,8.99,8.99,0
B01175,Klasse 8,1040,Schnellhefter A4 Kunststoff grün,5,0.5,2.5,0
B01175,Klasse 8,1042,Schnellhefter A4 Kunststoff orange,5,0.5,2.5,0
B01176,Klasse 6,1036,Bleistift HB Grip 2001 Faber-Castell,3,1.5,4.5,0
B01176,Klasse 6,1048,Hausaufgabenheft A5 Classic,1,1.99,1.99,0
B01176,Klasse 6,1015,Radiergummi soft (für Bleistifte),1,0.8,0.8,0
B01176,Klasse 6,1035,Buntstifte 24er Set dreikant,1,8.99,8.99,0
B01176,Klasse 6,1044,Fineliner 10er Set Stabilo Point 88,1,7.99,7.99,0
B01176,Klasse 6,1040,Schnellhefter A4 Kunststoff grün,3,0.5,1.5,0
B01176,Klasse 6,1013,Klebestift Uhu Renature 21g,1,1.89,1.89,0
B01177,Klasse 3,1006,Rechenheft A4 Lineatur 8 (5x5mm Kästchen),5,0.99,4.95,0
B01177,Klasse 3,1014,Doppelanspitzer Dose Trio Grip,1,2.99,2.99,0
B01177,Klasse 3,1008,Buntstifte 12er Set dreikant (dick),1,5.49,5.49,0
B01177,Klasse 3,1023,Hausaufgabenheft Grundschule A5,1,1.99,1.99,0
B01177,Klasse 3,1041,Schnellhefter A4 Kunststoff gelb,3,0.5,1.5,0
B01178,Klasse 8,1042,Schnellhefter A4 Kunststoff orange,3,0.5,1.5,0
B01178,Klasse 8,1043,Textmarker-Set 4 Farben Stabilo Boss,1,4.99,4.99,0
B01178,Klasse 8,1056,Kugelschreiber Grip 2011 M schwarz,2,4.5,9.0,0
B01178,Klasse 8,1033,Tintenkiller Super Pirat (2er Pack),2,2.49,4.98,0
B01178,Klasse 8,1041,Schnellhefter A4 Kunststoff gelb,2,0.5,1.0,0
B01178,Klasse 8,1044,Fineliner 10er Set Stabilo Point 88,1,7.99,7.99,0
B01178,Klasse 8,1047,Wissenschaftlicher Taschenrechner Casio fx-87DE X,1,24.99,24.99,0
B01179,Klasse 1,1021,Knete-Unterlage Kunststoff A3,1,1.99,1.99,0
B01179,Klasse 1,1040,Schnellhefter A4 Kunststoff grün,3,0.5,1.5,0
B01179,Klasse 1,1041,Schnellhefter A4 Kunststoff gelb,3,0.5,1.5,0
B01179,Klasse 1,1011,Bastelschere rund 13cm Rechtshänder,1,2.2,2.2,0
B01180,Klasse 8,1045,Ringbuch A4 schmal 25mm,1,2.99,2.99,0
B01180,Klasse 8,1039,Schnellhefter A4 Kunststoff rot,1,0.5,0.5,0
B01180,Klasse 8,1061,Tintenroller Pilot Frixion Ball 0.7 schwarz,2,3.29,6.58,0
B01181,Klasse 3,1012,Bastelschere rund 13cm Linkshänder,1,2.2,2.2,0
B01181,Klasse 3,1016,Sammelbox A4 Karton blau,2,2.49,4.98,0
B01181,Klasse 3,1008,Buntstifte 12er Set dreikant (dick),1,5.49,5.49,0
B01181,Klasse 3,1019,Borstenpinsel-Set (Größen 4/8/12),1,3.5,3.5,0
B01181,Klasse 3,1039,Schnellhefter A4 Kunststoff rot,3,0.5,1.5,0
B01181,Klasse 3,1013,Klebestift Uhu Renature 21g,1,1.89,1.89,0
B01181,Klasse 3,1038,Schnellhefter A4 Kunststoff blau,1,0.5,0.5,0
B01181,Klasse 3,1020,Haarpinsel-Set (Größen 2/6/10),1,3.99,3.99,0
B01182,Klasse 9,1032,Tintenpatronen blau T10 (5er Pack),2,1.8,3.6,0
B01182,Klasse 9,1044,Fineliner 10er Set Stabilo Point 88,1,7.99,7.99,0
B01182,Klasse 9,1034,Schulkompass Zirkel Staedtler,1,8.5,8.5,0
B01182,Klasse 9,1027,Collegeblock A4 kariert (80 Blatt),5,1.79,8.95,0
B01182,Klasse 9,1019,Borstenpinsel-Set (Größen 4/8/12),1,3.5,3.5,0
B01182,Klasse 9,1029,Geodreieck 16 cm transparent Aristo,1,1.2,1.2,0
B01183,Klasse 3,1011,Bastelschere rund 13cm Rechtshänder,1,2.2,2.2,0
B01183,Klasse 3,1018,Tuschkasten K12 (12 Farben),1,9.95,9.95,0
B01183,Klasse 3,1042,Schnellhefter A4 Kunststoff orange,2,0.5,1.0,0
B01183,Klasse 3,1020,Haarpinsel-Set (Größen 2/6/10),1,3.99,3.99,0
B01183,Klasse 3,1013,Klebestift Uhu Renature 21g,1,1.89,1.89,0
B01183,Klasse 3,1023,Hausaufgabenheft Grundschule A5,1,1.99,1.99,0
B01183,Klasse 3,1003,Schreiblernheft A4 Lineatur 3 (16 Blatt),3,0.99,2.97,0
B01183,Klasse 3,1015,Radiergummi soft (für Bleistifte),1,0.8,0.8,0
B01183,Klasse 3,1019,Borstenpinsel-Set (Größen 4/8/12),1,3.5,3.5,0
B01184,Klasse 10,1027,Collegeblock A4 kariert (80 Blatt),2,1.79,3.58,0
B01184,Klasse 10,1058,Haftnotizen Post-it 76x76mm gelb,1,1.99,1.99,0
B01185,Klasse 4,1004,Schulheft A4 Lineatur 4 (16 Blatt),1,0.99,0.99,0
B01185,Klasse 4,1014,Doppelanspitzer Dose Trio Grip,1,2.99,2.99,0
B01185,Klasse 4,1041,Schnellhefter A4 Kunststoff gelb,5,0.5,2.5,0
B01185,Klasse 4,1036,Bleistift HB Grip 2001 Faber-Castell,3,1.5,4.5,0
B01185,Klasse 4,1035,Buntstifte 24er Set dreikant,1,8.99,8.99,0
B01186,Klasse 6,1025,Schulheft A4 kariert Lineatur 22 (16 Blatt),3,0.99,2.97,0
B01186,Klasse 6,1038,Schnellhefter A4 Kunststoff blau,2,0.5,1.0,0
B01186,Klasse 6,1028,Collegeblock A4 liniert (80 Blatt),1,1.79,1.79,0
B01187,Klasse 1,1042,Schnellhefter A4 Kunststoff orange,2,0.5,1.0,0
B01187,Klasse 1,1014,Doppelanspitzer Dose Trio Grip,1,2.99,2.99,0
B01187,Klasse 1,1038,Schnellhefter A4 Kunststoff blau,2,0.5,1.0,0
B01187,Klasse 1,1040,Schnellhefter A4 Kunststoff grün,3,0.5,1.5,0
B01187,Klasse 1,1001,Schreiblernheft A4 Lineatur 1 (16 Blatt),2,0.99,1.98,0
B01188,Klasse 7,1031,Füllfederhalter Lamy Safari M,1,19.9,19.9,0
B01188,Klasse 7,1024,Schulheft A4 liniert Lineatur 21 (16 Blatt),5,0.99,4.95,0
B01188,Klasse 7,1033,Tintenkiller Super Pirat (2er Pack),1,2.49,2.49,0
B01188,Klasse 7,1030,Geodreieck 22 cm Griff transparent,1,2.1,2.1,0
B01188,Klasse 7,1044,Fineliner 10er Set Stabilo Point 88,1,7.99,7.99,0
B01188,Klasse 7,1029,Geodreieck 16 cm transparent Aristo,1,1.2,1.2,0
B01188,Klasse 7,1046,Ordner A4 breit 80mm schwarz,3,3.49,10.47,0
B01189,Klasse 6,1037,Lineal 30cm Kunststoff transparent,1,1.1,1.1,0
B01189,Klasse 6,1044,Fineliner 10er Set Stabilo Point 88,1,7.99,7.99,0
B01189,Klasse 6,1039,Schnellhefter A4 Kunststoff rot,2,0.5,1.0,0
B01189,Klasse 6,1015,Radiergummi soft (für Bleistifte),1,0.8,0.8,0
B01189,Klasse 6,1040,Schnellhefter A4 Kunststoff grün,3,0.5,1.5,0
B01189,Klasse 6,1043,Textmarker-Set 4 Farben Stabilo Boss,1,4.99,4.99,0
B01189,Klasse 6,1013,Klebestift Uhu Renature 21g,1,1.89,1.89,0
B01190,Klasse 9,1058,Haftnotizen Post-it 76x76mm gelb,1,1.99,1.99,0
B01190,Klasse 9,1024,Schulheft A4 liniert Lineatur 21 (16 Blatt),2,0.99,1.98,0
B01190,Klasse 9,1030,Geodreieck 22 cm Griff transparent,1,2.1,2.1,0
B01190,Klasse 9,1060,Prospekthüllen A4 transparent 100er Pack,1,3.99,3.99,0
B01190,Klasse 9,1055,Kugelschreiber Grip 2011 M blau (dokumentenecht),1,4.5,4.5,0
B01190,Klasse 9,1025,Schulheft A4 kariert Lineatur 22 (16 Blatt),5,0.99,4.95,0
B01190,Klasse 9,1043,Textmarker-Set 4 Farben Stabilo Boss,1,4.99,4.99,0
B01191,Klasse 11,1015,Radiergummi soft (für Bleistifte),1,0.8,0.8,0
B01191,Klasse 11,1027,Collegeblock A4 kariert (80 Blatt),3,1.79,5.37,0
B01191,Klasse 11,1049,Oxford Collegeblock A4 kariert (90g Papier),3,2.79,8.37,0
B01191,Klasse 11,1057,Textmarker-Set Pastell 6 Farben Stabilo Boss,1,6.99,6.99,0
B01192,Klasse 10,1043,Textmarker-Set 4 Farben Stabilo Boss,1,4.99,4.99,0
B01192,Klasse 10,1056,Kugelschreiber Grip 2011 M schwarz,3,4.5,13.5,0
B01192,Klasse 10,1060,Prospekthüllen A4 transparent 100er Pack,1,3.99,3.99,0
B01192,Klasse 10,1036,Bleistift HB Grip 2001 Faber-Castell,2,1.5,3.0,0
B01193,Klasse 1,1001,Schreiblernheft A4 Lineatur 1 (16 Blatt),3,0.99,2.97,0
B01193,Klasse 1,1040,Schnellhefter A4 Kunststoff grün,3,0.5,1.5,0
B01193,Klasse 1,1012,Bastelschere rund 13cm Linkshänder,1,2.2,2.2,0
B01193,Klasse 1,1039,Schnellhefter A4 Kunststoff rot,3,0.5,1.5,0
B01194,Klasse 1 & 3,1014,Doppelanspitzer Dose Trio Grip,1,2.99,2.99,1
B01194,Klasse 1 & 3,1038,Schnellhefter A4 Kunststoff blau,2,0.5,1.0,1
B01194,Klasse 1 & 3,1039,Schnellhefter A4 Kunststoff rot,2,0.5,1.0,1
B01194,Klasse 1 & 3,1016,Sammelbox A4 Karton blau,2,2.49,4.98,1
B01194,Klasse 1 & 3,1008,Buntstifte 12er Set dreikant (dick),1,5.49,5.49,1
B01194,Klasse 1 & 3,1020,Haarpinsel-Set (Größen 2/6/10),1,3.99,3.99,1
B01194,Klasse 1 & 3,1019,Borstenpinsel-Set (Größen 4/8/12),1,3.5,3.5,1
B01194,Klasse 1 & 3,1009,Wachsmalkreiden 12er Set (wasservermalbar),1,6.99,6.99,1
B01194,Klasse 1 & 3,1042,Schnellhefter A4 Kunststoff orange,3,0.5,1.5,1
B01194,Klasse 1 & 3,1041,Schnellhefter A4 Kunststoff gelb,2,0.5,1.0,1
B01195,Klasse 10,1046,Ordner A4 breit 80mm schwarz,1,3.49,3.49,0
B01195,Klasse 10,1061,Tintenroller Pilot Frixion Ball 0.7 schwarz,2,3.29,6.58,0
B01196,Klasse 7,1032,Tintenpatronen blau T10 (5er Pack),3,1.8,5.4,0
B01196,Klasse 7,1027,Collegeblock A4 kariert (80 Blatt),3,1.79,5.37,0
B01196,Klasse 7,1034,Schulkompass Zirkel Staedtler,1,8.5,8.5,0
B01196,Klasse 7,1059,Karteikarten A7 liniert 100 Stück,1,1.49,1.49,0
B01196,Klasse 7,1061,Tintenroller Pilot Frixion Ball 0.7 schwarz,2,3.29,6.58,0
B01196,Klasse 7,1039,Schnellhefter A4 Kunststoff rot,2,0.5,1.0,0
B01197,Klasse 11,1057,Textmarker-Set Pastell 6 Farben Stabilo Boss,1,6.99,6.99,0
B01197,Klasse 11,1046,Ordner A4 breit 80mm schwarz,2,3.49,6.98,0
B01197,Klasse 11,1028,Collegeblock A4 liniert (80 Blatt),1,1.79,1.79,0
B01198,Klasse 1,1041,Schnellhefter A4 Kunststoff gelb,1,0.5,0.5,0
B01198,Klasse 1,1038,Schnellhefter A4 Kunststoff blau,3,0.5,1.5,0
B01198,Klasse 1,1017,Zeichenblock A3 (20 Blatt),1,2.49,2.49,0
B01198,Klasse 1,1039,Schnellhefter A4 Kunststoff rot,3,0.5,1.5,0
B01198,Klasse 1,1001,Schreiblernheft A4 Lineatur 1 (16 Blatt),3,0.99,2.97,0
B01198,Klasse 1,1012,Bastelschere rund 13cm Linkshänder,1,2.2,2.2,0
B01198,Klasse 1,1018,Tuschkasten K12 (12 Farben),1,9.95,9.95,0
B01198,Klasse 1,1021,Knete-Unterlage Kunststoff A3,1,1.99,1.99,0
B01199,Klasse 6 & 8,1038,Schnellhefter A4 Kunststoff blau,3,0.5,1.5,1
B01199,Klasse 6 & 8,1020,Haarpinsel-Set (Größen 2/6/10),1,3.99,3.99,1
B01199,Klasse 6 & 8,1025,Schulheft A4 kariert Lineatur 22 (16 Blatt),5,0.99,4.95,1
B01199,Klasse 6 & 8,1027,Collegeblock A4 kariert (80 Blatt),3,1.79,5.37,1
B01199,Klasse 6 & 8,1040,Schnellhefter A4 Kunststoff grün,2,0.5,1.0,1
B01199,Klasse 6 & 8,1018,Tuschkasten K12 (12 Farben),1,9.95,9.95,1
B01199,Klasse 6 & 8,1042,Schnellhefter A4 Kunststoff orange,2,0.5,1.0,1
B01199,Klasse 6 & 8,1026,Vokabelheft A5 Lineatur 53 (32 Blatt),3,1.29,3.87,1
B01199,Klasse 6 & 8,1037,Lineal 30cm Kunststoff transparent,1,1.1,1.1,1
B01199,Klasse 6 & 8,1043,Textmarker-Set 4 Farben Stabilo Boss,1,4.99,4.99,1
B01200,Klasse 6,1029,Geodreieck 16 cm transparent Aristo,1,1.2,1.2,0
B01200,Klasse 6,1018,Tuschkasten K12 (12 Farben),1,9.95,9.95,0
B01200,Klasse 6,1045,Ringbuch A4 schmal 25mm,2,2.99,5.98,0
B01200,Klasse 6,1027,Collegeblock A4 kariert (80 Blatt),3,1.79,5.37,0
B01201,Klasse 9 & 10,1034,Schulkompass Zirkel Staedtler,1,8.5,8.5,1
B01201,Klasse 9 & 10,1026,Vokabelheft A5 Lineatur 53 (32 Blatt),5,1.29,6.45,1
B01201,Klasse 9 & 10,1057,Textmarker-Set Pastell 6 Farben Stabilo Boss,1,6.99,6.99,1
B01201,Klasse 9 & 10,1056,Kugelschreiber Grip 2011 M schwarz,2,4.5,9.0,1
B01201,Klasse 9 & 10,1042,Schnellhefter A4 Kunststoff orange,5,0.5,2.5,1
B01201,Klasse 9 & 10,1024,Schulheft A4 liniert Lineatur 21 (16 Blatt),10,0.99,9.9,1
B01201,Klasse 9 & 10,1038,Schnellhefter A4 Kunststoff blau,2,0.5,1.0,1
B01202,Klasse 11,1015,Radiergummi soft (für Bleistifte),1,0.8,0.8,0
B01202,Klasse 11,1027,Collegeblock A4 kariert (80 Blatt),1,1.79,1.79,0
B01202,Klasse 11,1054,Ringbucheinlagen A4 kariert 100 Blatt,2,2.29,4.58,0
B01203,Klasse 8,1024,Schulheft A4 liniert Lineatur 21 (16 Blatt),1,0.99,0.99,0
B01203,Klasse 8,1015,Radiergummi soft (für Bleistifte),1,0.8,0.8,0
B01203,Klasse 8,1039,Schnellhefter A4 Kunststoff rot,3,0.5,1.5,0
B01204,Klasse 12,1061,Tintenroller Pilot Frixion Ball 0.7 schwarz,2,3.29,6.58,0
B01204,Klasse 12,1050,Oxford Collegeblock A4 liniert (90g Papier),3,2.79,8.37,0
B01204,Klasse 12,1037,Lineal 30cm Kunststoff transparent,1,1.1,1.1,0
B01204,Klasse 12,1029,Geodreieck 16 cm transparent Aristo,1,1.2,1.2,0
B01205,Klasse 9,1025,Schulheft A4 kariert Lineatur 22 (16 Blatt),2,0.99,1.98,0
B01205,Klasse 9,1034,Schulkompass Zirkel Staedtler,1,8.5,8.5,0
B01205,Klasse 9,1040,Schnellhefter A4 Kunststoff grün,2,0.5,1.0,0
B01205,Klasse 9,1061,Tintenroller Pilot Frixion Ball 0.7 schwarz,1,3.29,3.29,0
B01206,Klasse 4,1012,Bastelschere rund 13cm Linkshänder,1,2.2,2.2,0
B01206,Klasse 4,1006,Rechenheft A4 Lineatur 8 (5x5mm Kästchen),5,0.99,4.95,0
B01206,Klasse 4,1008,Buntstifte 12er Set dreikant (dick),1,5.49,5.49,0
B01206,Klasse 4,1017,Zeichenblock A3 (20 Blatt),1,2.49,2.49,0
B01206,Klasse 4,1011,Bastelschere rund 13cm Rechtshänder,1,2.2,2.2,0
B01206,Klasse 4,1014,Doppelanspitzer Dose Trio Grip,1,2.99,2.99,0
B01207,Klasse 4,1046,Ordner A4 breit 80mm schwarz,3,3.49,10.47,0
B01207,Klasse 4,1016,Sammelbox A4 Karton blau,1,2.49,2.49,0
B01207,Klasse 4,1033,Tintenkiller Super Pirat (2er Pack),3,2.49,7.47,0
B01207,Klasse 4,1018,Tuschkasten K12 (12 Farben),1,9.95,9.95,0
B01208,Klasse 3,1014,Doppelanspitzer Dose Trio Grip,1,2.99,2.99,0
B01208,Klasse 3,1020,Haarpinsel-Set (Größen 2/6/10),1,3.99,3.99,0
B01208,Klasse 3,1017,Zeichenblock A3 (20 Blatt),1,2.49,2.49,0
B01208,Klasse 3,1016,Sammelbox A4 Karton blau,3,2.49,7.47,0
B01208,Klasse 3,1038,Schnellhefter A4 Kunststoff blau,3,0.5,1.5,0
B01208,Klasse 3,1040,Schnellhefter A4 Kunststoff grün,2,0.5,1.0,0
B01209,Klasse 4,1060,Prospekthüllen A4 transparent 100er Pack,1,3.99,3.99,0
B01209,Klasse 4,1016,Sammelbox A4 Karton blau,2,2.49,4.98,0
B01209,Klasse 4,1033,Tintenkiller Super Pirat (2er Pack),2,2.49,4.98,0
B01209,Klasse 4,1015,Radiergummi soft (für Bleistifte),1,0.8,0.8,0
B01209,Klasse 4,1014,Doppelanspitzer Dose Trio Grip,1,2.99,2.99,0
B01210,Klasse 11,1057,Textmarker-Set Pastell 6 Farben Stabilo Boss,1,6.99,6.99,0
B01210,Klasse 11,1050,Oxford Collegeblock A4 liniert (90g Papier),10,2.79,27.9,0
B01210,Klasse 11,1059,Karteikarten A7 liniert 100 Stück,1,1.49,1.49,0
B01211,Klasse 9,1029,Geodreieck 16 cm transparent Aristo,1,1.2,1.2,0
B01211,Klasse 9,1058,Haftnotizen Post-it 76x76mm gelb,1,1.99,1.99,0
B01211,Klasse 9,1031,Füllfederhalter Lamy Safari M,1,19.9,19.9,0
B01212,Klasse 1 & 10,1009,Wachsmalkreiden 12er Set (wasservermalbar),1,6.99,6.99,1
B01212,Klasse 1 & 10,1023,Hausaufgabenheft Grundschule A5,1,1.99,1.99,1
B01212,Klasse 1 & 10,1041,Schnellhefter A4 Kunststoff gelb,2,0.5,1.0,1
B01212,Klasse 1 & 10,1039,Schnellhefter A4 Kunststoff rot,3,0.5,1.5,1
B01212,Klasse 1 & 10,1061,Tintenroller Pilot Frixion Ball 0.7 schwarz,5,3.29,16.45,1
B01212,Klasse 1 & 10,1040,Schnellhefter A4 Kunststoff grün,3,0.5,1.5,1
B01212,Klasse 1 & 10,1038,Schnellhefter A4 Kunststoff blau,2,0.5,1.0,1
B01212,Klasse 1 & 10,1051,Grafikrechner Casio FX-CG50,1,119.0,119.0,1
B01212,Klasse 1 & 10,1043,Textmarker-Set 4 Farben Stabilo Boss,1,4.99,4.99,1
B01213,Klasse 11,1052,Formelsammlung Mathematik/Physik/Chemie Duden,1,12.99,12.99,0
B01213,Klasse 11,1015,Radiergummi soft (für Bleistifte),1,0.8,0.8,0
B01213,Klasse 11,1044,Fineliner 10er Set Stabilo Point 88,1,7.99,7.99,0
B01214,Klasse 6,1039,Schnellhefter A4 Kunststoff rot,2,0.5,1.0,0
B01214,Klasse 6,1049,Oxford Collegeblock A4 kariert (90g Papier),2,2.79,5.58,0
B01214,Klasse 6,1048,Hausaufgabenheft A5 Classic,1,1.99,1.99,0
B01214,Klasse 6,1025,Schulheft A4 kariert Lineatur 22 (16 Blatt),5,0.99,4.95,0
B01214,Klasse 6,1029,Geodreieck 16 cm transparent Aristo,1,1.2,1.2,0
B01215,Klasse 5,1026,Vokabelheft A5 Lineatur 53 (32 Blatt),5,1.29,6.45,0
B01215,Klasse 5,1060,Prospekthüllen A4 transparent 100er Pack,1,3.99,3.99,0
B01215,Klasse 5,1032,Tintenpatronen blau T10 (5er Pack),2,1.8,3.6,0
B01215,Klasse 5,1018,Tuschkasten K12 (12 Farben),1,9.95,9.95,0
B01216,Klasse 9 & 10,1046,Ordner A4 breit 80mm schwarz,1,3.49,3.49,1
B01216,Klasse 9 & 10,1039,Schnellhefter A4 Kunststoff rot,2,0.5,1.0,1
B01216,Klasse 9 & 10,1018,Tuschkasten K12 (12 Farben),1,9.95,9.95,1
B01216,Klasse 9 & 10,1030,Geodreieck 22 cm Griff transparent,1,2.1,2.1,1
B01216,Klasse 9 & 10,1057,Textmarker-Set Pastell 6 Farben Stabilo Boss,1,6.99,6.99,1
B01216,Klasse 9 & 10,1055,Kugelschreiber Grip 2011 M blau (dokumentenecht),5,4.5,22.5,1
B01216,Klasse 9 & 10,1029,Geodreieck 16 cm transparent Aristo,1,1.2,1.2,1
B01217,Klasse 6,1042,Schnellhefter A4 Kunststoff orange,2,0.5,1.0,0
B01217,Klasse 6,1024,Schulheft A4 liniert Lineatur 21 (16 Blatt),3,0.99,2.97,0
B01217,Klasse 6,1038,Schnellhefter A4 Kunststoff blau,2,0.5,1.0,0
B01217,Klasse 6,1033,Tintenkiller Super Pirat (2er Pack),3,2.49,7.47,0
B01218,Klasse 6,1013,Klebestift Uhu Renature 21g,1,1.89,1.89,0
B01218,Klasse 6,1032,Tintenpatronen blau T10 (5er Pack),3,1.8,5.4,0
B01218,Klasse 6,1015,Radiergummi soft (für Bleistifte),1,0.8,0.8,0
B01219,Klasse 3,1011,Bastelschere rund 13cm Rechtshänder,1,2.2,2.2,0
B01219,Klasse 3,1004,Schulheft A4 Lineatur 4 (16 Blatt),3,0.99,2.97,0
B01219,Klasse 3,1041,Schnellhefter A4 Kunststoff gelb,3,0.5,1.5,0
B01219,Klasse 3,1018,Tuschkasten K12 (12 Farben),1,9.95,9.95,0
B01219,Klasse 3,1022,Schreiblern-Füller Lamy ABC,1,14.5,14.5,0
B01219,Klasse 3,1003,Schreiblernheft A4 Lineatur 3 (16 Blatt),3,0.99,2.97,0
B01219,Klasse 3,1017,Zeichenblock A3 (20 Blatt),1,2.49,2.49,0
B01219,Klasse 3,1023,Hausaufgabenheft Grundschule A5,1,1.99,1.99,0
B01220,Klasse 8,1046,Ordner A4 breit 80mm schwarz,3,3.49,10.47,0
B01220,Klasse 8,1026,Vokabelheft A5 Lineatur 53 (32 Blatt),2,1.29,2.58,0
B01220,Klasse 8,1015,Radiergummi soft (für Bleistifte),1,0.8,0.8,0
B01220,Klasse 8,1061,Tintenroller Pilot Frixion Ball 0.7 schwarz,2,3.29,6.58,0
B01220,Klasse 8,1036,Bleistift HB Grip 2001 Faber-Castell,2,1.5,3.0,0
B01221,Klasse 2,1010,Knetmasse 10 Farben,1,3.49,3.49,0
B01221,Klasse 2,1003,Schreiblernheft A4 Lineatur 3 (16 Blatt),5,0.99,4.95,0
B01221,Klasse 2,1013,Klebestift Uhu Renature 21g,1,1.89,1.89,0
B01221,Klasse 2,1014,Doppelanspitzer Dose Trio Grip,1,2.99,2.99,0
B01221,Klasse 2,1018,Tuschkasten K12 (12 Farben),1,9.95,9.95,0
B01221,Klasse 2,1038,Schnellhefter A4 Kunststoff blau,2,0.5,1.0,0
B01221,Klasse 2,1005,Rechenheft A4 Lineatur 7 (7x7mm Kästchen),3,0.99,2.97,0
B01221,Klasse 2,1012,Bastelschere rund 13cm Linkshänder,1,2.2,2.2,0
B01221,Klasse 2,1039,Schnellhefter A4 Kunststoff rot,1,0.5,0.5,0
B01222,Klasse 7,1028,Collegeblock A4 liniert (80 Blatt),2,1.79,3.58,0
B01222,Klasse 7,1061,Tintenroller Pilot Frixion Ball 0.7 schwarz,5,3.29,16.45,0
B01222,Klasse 7,1059,Karteikarten A7 liniert 100 Stück,1,1.49,1.49,0
B01223,Klasse 7,1061,Tintenroller Pilot Frixion Ball 0.7 schwarz,2,3.29,6.58,0
B01223,Klasse 7,1043,Textmarker-Set 4 Farben Stabilo Boss,1,4.99,4.99,0
B01223,Klasse 7,1047,Wissenschaftlicher Taschenrechner Casio fx-87DE X,1,24.99,24.99,0
B01223,Klasse 7,1046,Ordner A4 breit 80mm schwarz,3,3.49,10.47,0
B01223,Klasse 7,1025,Schulheft A4 kariert Lineatur 22 (16 Blatt),3,0.99,2.97,0
B01223,Klasse 7,1029,Geodreieck 16 cm transparent Aristo,1,1.2,1.2,0
B01224,Klasse 8,1026,Vokabelheft A5 Lineatur 53 (32 Blatt),2,1.29,2.58,0
B01224,Klasse 8,1044,Fineliner 10er Set Stabilo Point 88,1,7.99,7.99,0
B01224,Klasse 8,1027,Collegeblock A4 kariert (80 Blatt),10,1.79,17.9,0
B01224,Klasse 8,1041,Schnellhefter A4 Kunststoff gelb,2,0.5,1.0,0
B01224,Klasse 8,1034,Schulkompass Zirkel Staedtler,1,8.5,8.5,0
B01224,Klasse 8,1042,Schnellhefter A4 Kunststoff orange,2,0.5,1.0,0
B01225,Klasse 8,1043,Textmarker-Set 4 Farben Stabilo Boss,1,4.99,4.99,0
B01225,Klasse 8,1027,Collegeblock A4 kariert (80 Blatt),1,1.79,1.79,0
B01225,Klasse 8,1017,Zeichenblock A3 (20 Blatt),1,2.49,2.49,0
B01225,Klasse 8,1042,Schnellhefter A4 Kunststoff orange,2,0.5,1.0,0
B01225,Klasse 8,1028,Collegeblock A4 liniert (80 Blatt),5,1.79,8.95,0
B01226,Klasse 2 & 11,1056,Kugelschreiber Grip 2011 M schwarz,1,4.5,4.5,1
B01226,Klasse 2 & 11,1052,Formelsammlung Mathematik/Physik/Chemie Duden,1,12.99,12.99,1
B01226,Klasse 2 & 11,1015,Radiergummi soft (für Bleistifte),1,0.8,0.8,1
B01226,Klasse 2 & 11,1022,Schreiblern-Füller Lamy ABC,1,14.5,14.5,1
B01226,Klasse 2 & 11,1017,Zeichenblock A3 (20 Blatt),1,2.49,2.49,1
B01226,Klasse 2 & 11,1018,Tuschkasten K12 (12 Farben),1,9.95,9.95,1
B01226,Klasse 2 & 11,1008,Buntstifte 12er Set dreikant (dick),1,5.49,5.49,1
B01226,Klasse 2 & 11,1040,Schnellhefter A4 Kunststoff grün,2,0.5,1.0,1
B01226,Klasse 2 & 11,1020,Haarpinsel-Set (Größen 2/6/10),1,3.99,3.99,1
B01226,Klasse 2 & 11,1016,Sammelbox A4 Karton blau,2,2.49,4.98,1
B01227,Klasse 2,1008,Buntstifte 12er Set dreikant (dick),1,5.49,5.49,0
B01227,Klasse 2,1039,Schnellhefter A4 Kunststoff rot,3,0.5,1.5,0
B01227,Klasse 2,1002,Schreiblernheft A4 Lineatur 2 (16 Blatt),3,0.99,2.97,0
B01227,Klasse 2,1023,Hausaufgabenheft Grundschule A5,1,1.99,1.99,0
B01227,Klasse 2,1010,Knetmasse 10 Farben,1,3.49,3.49,0
B01227,Klasse 2,1005,Rechenheft A4 Lineatur 7 (7x7mm Kästchen),5,0.99,4.95,0
B01227,Klasse 2,1014,Doppelanspitzer Dose Trio Grip,1,2.99,2.99,0
B01227,Klasse 2,1018,Tuschkasten K12 (12 Farben),1,9.95,9.95,0
B01227,Klasse 2,1021,Knete-Unterlage Kunststoff A3,1,1.99,1.99,0
B01228,Klasse 5,1042,Schnellhefter A4 Kunststoff orange,2,0.5,1.0,0
B01228,Klasse 5,1024,Schulheft A4 liniert Lineatur 21 (16 Blatt),2,0.99,1.98,0
B01228,Klasse 5,1013,Klebestift Uhu Renature 21g,1,1.89,1.89,0
B01228,Klasse 5,1020,Haarpinsel-Set (Größen 2/6/10),1,3.99,3.99,0
B01228,Klasse 5,1040,Schnellhefter A4 Kunststoff grün,2,0.5,1.0,0
B01228,Klasse 5,1045,Ringbuch A4 schmal 25mm,3,2.99,8.97,0
B01229,Klasse 3 & 12,1038,Schnellhefter A4 Kunststoff blau,5,0.5,2.5,1
B01229,Klasse 3 & 12,1019,Borstenpinsel-Set (Größen 4/8/12),1,3.5,3.5,1
B01229,Klasse 3 & 12,1016,Sammelbox A4 Karton blau,2,2.49,4.98,1
B01229,Klasse 3 & 12,1008,Buntstifte 12er Set dreikant (dick),1,5.49,5.49,1
B01229,Klasse 3 & 12,1006,Rechenheft A4 Lineatur 8 (5x5mm Kästchen),3,0.99,2.97,1
B01229,Klasse 3 & 12,1011,Bastelschere rund 13cm Rechtshänder,1,2.2,2.2,1
B01229,Klasse 3 & 12,1003,Schreiblernheft A4 Lineatur 3 (16 Blatt),2,0.99,1.98,1
B01229,Klasse 3 & 12,1039,Schnellhefter A4 Kunststoff rot,2,0.5,1.0,1
B01229,Klasse 3 & 12,1042,Schnellhefter A4 Kunststoff orange,2,0.5,1.0,1
B01229,Klasse 3 & 12,1055,Kugelschreiber Grip 2011 M blau (dokumentenecht),2,4.5,9.0,1
B01229,Klasse 3 & 12,1051,Grafikrechner Casio FX-CG50,1,119.0,119.0,1
B01229,Klasse 3 & 12,1050,Oxford Collegeblock A4 liniert (90g Papier),2,2.79,5.58,1
B01229,Klasse 3 & 12,1058,Haftnotizen Post-it 76x76mm gelb,1,1.99,1.99,1
B01229,Klasse 3 & 12,1043,Textmarker-Set 4 Farben Stabilo Boss,1,4.99,4.99,1
B01230,Klasse 10,1061,Tintenroller Pilot Frixion Ball 0.7 schwarz,5,3.29,16.45,0
B01230,Klasse 10,1039,Schnellhefter A4 Kunststoff rot,3,0.5,1.5,0
B01231,Klasse 2,1010,Knetmasse 10 Farben,1,3.49,3.49,0
B01231,Klasse 2,1005,Rechenheft A4 Lineatur 7 (7x7mm Kästchen),5,0.99,4.95,0
B01231,Klasse 2,1007,Schreiblernbleistift Trio Grip (dick),3,1.99,5.97,0
B01231,Klasse 2,1018,Tuschkasten K12 (12 Farben),1,9.95,9.95,0
B01231,Klasse 2,1020,Haarpinsel-Set (Größen 2/6/10),1,3.99,3.99,0
B01231,Klasse 2,1022,Schreiblern-Füller Lamy ABC,1,14.5,14.5,0
B01232,Klasse 9,1061,Tintenroller Pilot Frixion Ball 0.7 schwarz,1,3.29,3.29,0
B01232,Klasse 9,1027,Collegeblock A4 kariert (80 Blatt),1,1.79,1.79,0
B01232,Klasse 9,1039,Schnellhefter A4 Kunststoff rot,2,0.5,1.0,0
B01232,Klasse 9,1040,Schnellhefter A4 Kunststoff grün,3,0.5,1.5,0
B01232,Klasse 9,1056,Kugelschreiber Grip 2011 M schwarz,1,4.5,4.5,0
B01233,Klasse 7,1059,Karteikarten A7 liniert 100 Stück,1,1.49,1.49,0
B01233,Klasse 7,1028,Collegeblock A4 liniert (80 Blatt),3,1.79,5.37,0
B01233,Klasse 7,1037,Lineal 30cm Kunststoff transparent,1,1.1,1.1,0
B01233,Klasse 7,1045,Ringbuch A4 schmal 25mm,1,2.99,2.99,0
B01233,Klasse 7,1044,Fineliner 10er Set Stabilo Point 88,1,7.99,7.99,0
B01234,Klasse 10,1036,Bleistift HB Grip 2001 Faber-Castell,2,1.5,3.0,0
B01234,Klasse 10,1059,Karteikarten A7 liniert 100 Stück,1,1.49,1.49,0
B01235,Klasse 11,1060,Prospekthüllen A4 transparent 100er Pack,1,3.99,3.99,0
B01235,Klasse 11,1055,Kugelschreiber Grip 2011 M blau (dokumentenecht),5,4.5,22.5,0
B01235,Klasse 11,1045,Ringbuch A4 schmal 25mm,3,2.99,8.97,0
B01235,Klasse 11,1056,Kugelschreiber Grip 2011 M schwarz,5,4.5,22.5,0
B01235,Klasse 11,1028,Collegeblock A4 liniert (80 Blatt),10,1.79,17.9,0
B01236,Klasse 2,1005,Rechenheft A4 Lineatur 7 (7x7mm Kästchen),3,0.99,2.97,0
B01236,Klasse 2,1023,Hausaufgabenheft Grundschule A5,1,1.99,1.99,0
B01236,Klasse 2,1008,Buntstifte 12er Set dreikant (dick),1,5.49,5.49,0
B01236,Klasse 2,1017,Zeichenblock A3 (20 Blatt),1,2.49,2.49,0
B01236,Klasse 2,1022,Schreiblern-Füller Lamy ABC,1,14.5,14.5,0
B01236,Klasse 2,1019,Borstenpinsel-Set (Größen 4/8/12),1,3.5,3.5,0
B01236,Klasse 2,1010,Knetmasse 10 Farben,1,3.49,3.49,0
B01236,Klasse 2,1015,Radiergummi soft (für Bleistifte),1,0.8,0.8,0
B01237,Klasse 2,1010,Knetmasse 10 Farben,1,3.49,3.49,0
B01237,Klasse 2,1018,Tuschkasten K12 (12 Farben),1,9.95,9.95,0
B01237,Klasse 2,1039,Schnellhefter A4 Kunststoff rot,2,0.5,1.0,0
B01237,Klasse 2,1020,Haarpinsel-Set (Größen 2/6/10),1,3.99,3.99,0
B01237,Klasse 2,1008,Buntstifte 12er Set dreikant (dick),1,5.49,5.49,0
B01237,Klasse 2,1012,Bastelschere rund 13cm Linkshänder,1,2.2,2.2,0
B01237,Klasse 2,1038,Schnellhefter A4 Kunststoff blau,2,0.5,1.0,0
B01238,Klasse 6,1025,Schulheft A4 kariert Lineatur 22 (16 Blatt),5,0.99,4.95,0
B01238,Klasse 6,1035,Buntstifte 24er Set dreikant,1,8.99,8.99,0
B01238,Klasse 6,1020,Haarpinsel-Set (Größen 2/6/10),1,3.99,3.99,0
B01238,Klasse 6,1038,Schnellhefter A4 Kunststoff blau,3,0.5,1.5,0
B01238,Klasse 6,1026,Vokabelheft A5 Lineatur 53 (32 Blatt),3,1.29,3.87,0
B01238,Klasse 6,1040,Schnellhefter A4 Kunststoff grün,1,0.5,0.5,0
B01238,Klasse 6,1059,Karteikarten A7 liniert 100 Stück,1,1.49,1.49,0
B01239,Klasse 5 & 9,1031,Füllfederhalter Lamy Safari M,1,19.9,19.9,1
B01239,Klasse 5 & 9,1046,Ordner A4 breit 80mm schwarz,2,3.49,6.98,1
B01239,Klasse 5 & 9,1030,Geodreieck 22 cm Griff transparent,1,2.1,2.1,1
B01239,Klasse 5 & 9,1047,Wissenschaftlicher Taschenrechner Casio fx-87DE X,1,24.99,24.99,1
B01239,Klasse 5 & 9,1029,Geodreieck 16 cm transparent Aristo,1,1.2,1.2,1
B01239,Klasse 5 & 9,1013,Klebestift Uhu Renature 21g,1,1.89,1.89,1
B01239,Klasse 5 & 9,1018,Tuschkasten K12 (12 Farben),1,9.95,9.95,1
B01239,Klasse 5 & 9,1039,Schnellhefter A4 Kunststoff rot,3,0.5,1.5,1
B01239,Klasse 5 & 9,1043,Textmarker-Set 4 Farben Stabilo Boss,1,4.99,4.99,1
B01239,Klasse 5 & 9,1011,Bastelschere rund 13cm Rechtshänder,1,2.2,2.2,1
B01239,Klasse 5 & 9,1017,Zeichenblock A3 (20 Blatt),1,2.49,2.49,1
B01240,Klasse 3,1011,Bastelschere rund 13cm Rechtshänder,1,2.2,2.2,0
B01240,Klasse 3,1040,Schnellhefter A4 Kunststoff grün,2,0.5,1.0,0
B01240,Klasse 3,1003,Schreiblernheft A4 Lineatur 3 (16 Blatt),10,0.99,9.9,0
B01240,Klasse 3,1015,Radiergummi soft (für Bleistifte),1,0.8,0.8,0
B01240,Klasse 3,1016,Sammelbox A4 Karton blau,1,2.49,2.49,0
B01240,Klasse 3,1020,Haarpinsel-Set (Größen 2/6/10),1,3.99,3.99,0
B01240,Klasse 3,1022,Schreiblern-Füller Lamy ABC,1,14.5,14.5,0
B01241,Klasse 1 & 9,1020,Haarpinsel-Set (Größen 2/6/10),1,3.99,3.99,1
B01241,Klasse 1 & 9,1015,Radiergummi soft (für Bleistifte),1,0.8,0.8,1
B01241,Klasse 1 & 9,1041,Schnellhefter A4 Kunststoff gelb,2,0.5,1.0,1
B01241,Klasse 1 & 9,1040,Schnellhefter A4 Kunststoff grün,3,0.5,1.5,1
B01241,Klasse 1 & 9,1039,Schnellhefter A4 Kunststoff rot,1,0.5,0.5,1
B01241,Klasse 1 & 9,1021,Knete-Unterlage Kunststoff A3,1,1.99,1.99,1
B01241,Klasse 1 & 9,1007,Schreiblernbleistift Trio Grip (dick),5,1.99,9.95,1
B01241,Klasse 1 & 9,1008,Buntstifte 12er Set dreikant (dick),1,5.49,5.49,1
B01241,Klasse 1 & 9,1013,Klebestift Uhu Renature 21g,1,1.89,1.89,1
B01241,Klasse 1 & 9,1024,Schulheft A4 liniert Lineatur 21 (16 Blatt),3,0.99,2.97,1
B01241,Klasse 1 & 9,1031,Füllfederhalter Lamy Safari M,1,19.9,19.9,1
B01241,Klasse 1 & 9,1046,Ordner A4 breit 80mm schwarz,2,3.49,6.98,1
B01242,Klasse 12,1015,Radiergummi soft (für Bleistifte),1,0.8,0.8,0
B01242,Klasse 12,1060,Prospekthüllen A4 transparent 100er Pack,1,3.99,3.99,0
B01243,Klasse 9 & 10,1044,Fineliner 10er Set Stabilo Point 88,1,7.99,7.99,1
B01243,Klasse 9 & 10,1027,Collegeblock A4 kariert (80 Blatt),2,1.79,3.58,1
B01243,Klasse 9 & 10,1059,Karteikarten A7 liniert 100 Stück,1,1.49,1.49,1
B01243,Klasse 9 & 10,1029,Geodreieck 16 cm transparent Aristo,1,1.2,1.2,1
B01243,Klasse 9 & 10,1047,Wissenschaftlicher Taschenrechner Casio fx-87DE X,1,24.99,24.99,1
B01243,Klasse 9 & 10,1055,Kugelschreiber Grip 2011 M blau (dokumentenecht),3,4.5,13.5,1
B01244,Klasse 1 & 6,1055,Kugelschreiber Grip 2011 M blau (dokumentenecht),1,4.5,4.5,1
B01244,Klasse 1 & 6,1041,Schnellhefter A4 Kunststoff gelb,2,0.5,1.0,1
B01244,Klasse 1 & 6,1018,Tuschkasten K12 (12 Farben),1,9.95,9.95,1
B01244,Klasse 1 & 6,1013,Klebestift Uhu Renature 21g,1,1.89,1.89,1
B01244,Klasse 1 & 6,1015,Radiergummi soft (für Bleistifte),1,0.8,0.8,1
B01244,Klasse 1 & 6,1040,Schnellhefter A4 Kunststoff grün,2,0.5,1.0,1
B01244,Klasse 1 & 6,1059,Karteikarten A7 liniert 100 Stück,1,1.49,1.49,1
B01245,Klasse 5,1017,Zeichenblock A3 (20 Blatt),1,2.49,2.49,0
B01245,Klasse 5,1020,Haarpinsel-Set (Größen 2/6/10),1,3.99,3.99,0
B01245,Klasse 5,1037,Lineal 30cm Kunststoff transparent,1,1.1,1.1,0
B01245,Klasse 5,1039,Schnellhefter A4 Kunststoff rot,2,0.5,1.0,0
B01245,Klasse 5,1015,Radiergummi soft (für Bleistifte),1,0.8,0.8,0
B01246,Klasse 1,1021,Knete-Unterlage Kunststoff A3,1,1.99,1.99,0
B01246,Klasse 1,1008,Buntstifte 12er Set dreikant (dick),1,5.49,5.49,0
B01246,Klasse 1,1013,Klebestift Uhu Renature 21g,1,1.89,1.89,0
B01246,Klasse 1,1038,Schnellhefter A4 Kunststoff blau,3,0.5,1.5,0
B01246,Klasse 1,1002,Schreiblernheft A4 Lineatur 2 (16 Blatt),3,0.99,2.97,0
B01246,Klasse 1,1039,Schnellhefter A4 Kunststoff rot,3,0.5,1.5,0
B01246,Klasse 1,1012,Bastelschere rund 13cm Linkshänder,1,2.2,2.2,0
B01247,Klasse 6,1029,Geodreieck 16 cm transparent Aristo,1,1.2,1.2,0
B01247,Klasse 6,1031,Füllfederhalter Lamy Safari M,1,19.9,19.9,0
B01247,Klasse 6,1034,Schulkompass Zirkel Staedtler,1,8.5,8.5,0
B01248,Klasse 4,1008,Buntstifte 12er Set dreikant (dick),1,5.49,5.49,0
B01248,Klasse 4,1018,Tuschkasten K12 (12 Farben),1,9.95,9.95,0
B01248,Klasse 4,1004,Schulheft A4 Lineatur 4 (16 Blatt),3,0.99,2.97,0
B01248,Klasse 4,1041,Schnellhefter A4 Kunststoff gelb,1,0.5,0.5,0
B01248,Klasse 4,1020,Haarpinsel-Set (Größen 2/6/10),1,3.99,3.99,0
B01248,Klasse 4,1042,Schnellhefter A4 Kunststoff orange,1,0.5,0.5,0
B01248,Klasse 4,1027,Collegeblock A4 kariert (80 Blatt),1,1.79,1.79,0
B01248,Klasse 4,1031,Füllfederhalter Lamy Safari M,1,19.9,19.9,0
B01248,Klasse 4,1017,Zeichenblock A3 (20 Blatt),1,2.49,2.49,0
B01249,Klasse 6,1031,Füllfederhalter Lamy Safari M,1,19.9,19.9,0
B01249,Klasse 6,1048,Hausaufgabenheft A5 Classic,1,1.99,1.99,0
B01249,Klasse 6,1034,Schulkompass Zirkel Staedtler,1,8.5,8.5,0
B01249,Klasse 6,1026,Vokabelheft A5 Lineatur 53 (32 Blatt),2,1.29,2.58,0
B01250,Klasse 11,1045,Ringbuch A4 schmal 25mm,1,2.99,2.99,0
B01250,Klasse 11,1058,Haftnotizen Post-it 76x76mm gelb,1,1.99,1.99,0
B01250,Klasse 11,1049,Oxford Collegeblock A4 kariert (90g Papier),2,2.79,5.58,0
B01251,Klasse 9,1057,Textmarker-Set Pastell 6 Farben Stabilo Boss,1,6.99,6.99,0
B01251,Klasse 9,1037,Lineal 30cm Kunststoff transparent,1,1.1,1.1,0
B01251,Klasse 9,1055,Kugelschreiber Grip 2011 M blau (dokumentenecht),2,4.5,9.0,0
B01251,Klasse 9,1025,Schulheft A4 kariert Lineatur 22 (16 Blatt),1,0.99,0.99,0
B01252,Klasse 3,1017,Zeichenblock A3 (20 Blatt),1,2.49,2.49,0
B01252,Klasse 3,1018,Tuschkasten K12 (12 Farben),1,9.95,9.95,0
B01252,Klasse 3,1022,Schreiblern-Füller Lamy ABC,1,14.5,14.5,0
B01252,Klasse 3,1008,Buntstifte 12er Set dreikant (dick),1,5.49,5.49,0
B01253,Klasse 1,1012,Bastelschere rund 13cm Linkshänder,1,2.2,2.2,0
B01253,Klasse 1,1041,Schnellhefter A4 Kunststoff gelb,5,0.5,2.5,0
B01253,Klasse 1,1022,Schreiblern-Füller Lamy ABC,1,14.5,14.5,0
B01253,Klasse 1,1015,Radiergummi soft (für Bleistifte),1,0.8,0.8,0
B01253,Klasse 1,1021,Knete-Unterlage Kunststoff A3,1,1.99,1.99,0
B01253,Klasse 1,1010,Knetmasse 10 Farben,1,3.49,3.49,0
B01253,Klasse 1,1014,Doppelanspitzer Dose Trio Grip,1,2.99,2.99,0
B01253,Klasse 1,1042,Schnellhefter A4 Kunststoff orange,2,0.5,1.0,0
B01253,Klasse 1,1023,Hausaufgabenheft Grundschule A5,1,1.99,1.99,0
B01254,Klasse 7,1045,Ringbuch A4 schmal 25mm,5,2.99,14.95,0
B01254,Klasse 7,1036,Bleistift HB Grip 2001 Faber-Castell,1,1.5,1.5,0
B01254,Klasse 7,1038,Schnellhefter A4 Kunststoff blau,1,0.5,0.5,0
B01255,Klasse 12,1055,Kugelschreiber Grip 2011 M blau (dokumentenecht),3,4.5,13.5,0
B01255,Klasse 12,1050,Oxford Collegeblock A4 liniert (90g Papier),1,2.79,2.79,0
B01255,Klasse 12,1027,Collegeblock A4 kariert (80 Blatt),3,1.79,5.37,0
B01256,Klasse 9,1038,Schnellhefter A4 Kunststoff blau,2,0.5,1.0,0
B01256,Klasse 9,1028,Collegeblock A4 liniert (80 Blatt),5,1.79,8.95,0
B01256,Klasse 9,1044,Fineliner 10er Set Stabilo Point 88,1,7.99,7.99,0
B01256,Klasse 9,1043,Textmarker-Set 4 Farben Stabilo Boss,1,4.99,4.99,0
B01256,Klasse 9,1040,Schnellhefter A4 Kunststoff grün,2,0.5,1.0,0
B01256,Klasse 9,1033,Tintenkiller Super Pirat (2er Pack),1,2.49,2.49,0
B01257,Klasse 10,1037,Lineal 30cm Kunststoff transparent,1,1.1,1.1,0
B01257,Klasse 10,1029,Geodreieck 16 cm transparent Aristo,1,1.2,1.2,0
B01258,Klasse 10,1032,Tintenpatronen blau T10 (5er Pack),1,1.8,1.8,0
B01258,Klasse 10,1029,Geodreieck 16 cm transparent Aristo,1,1.2,1.2,0
B01259,Klasse 8,1035,Buntstifte 24er Set dreikant,1,8.99,8.99,0
B01259,Klasse 8,1058,Haftnotizen Post-it 76x76mm gelb,1,1.99,1.99,0
B01259,Klasse 8,1024,Schulheft A4 liniert Lineatur 21 (16 Blatt),3,0.99,2.97,0
B01259,Klasse 8,1043,Textmarker-Set 4 Farben Stabilo Boss,1,4.99,4.99,0
B01259,Klasse 8,1048,Hausaufgabenheft A5 Classic,1,1.99,1.99,0
B01259,Klasse 8,1030,Geodreieck 22 cm Griff transparent,1,2.1,2.1,0
B01259,Klasse 8,1002,Schreiblernheft A4 Lineatur 2 (16 Blatt),5,0.99,4.95,0
B01260,Klasse 12,1051,Grafikrechner Casio FX-CG50,1,119.0,119.0,0
B01260,Klasse 12,1029,Geodreieck 16 cm transparent Aristo,1,1.2,1.2,0
B01260,Klasse 12,1044,Fineliner 10er Set Stabilo Point 88,1,7.99,7.99,0
B01260,Klasse 12,1055,Kugelschreiber Grip 2011 M blau (dokumentenecht),1,4.5,4.5,0
B01260,Klasse 12,1058,Haftnotizen Post-it 76x76mm gelb,1,1.99,1.99,0
B01261,Klasse 10,1017,Zeichenblock A3 (20 Blatt),1,2.49,2.49,0
B01261,Klasse 10,1041,Schnellhefter A4 Kunststoff gelb,2,0.5,1.0,0
B01261,Klasse 10,1053,Ringbucheinlagen A4 liniert 100 Blatt,3,2.29,6.87,0
B01261,Klasse 10,1056,Kugelschreiber Grip 2011 M schwarz,2,4.5,9.0,0
B01261,Klasse 10,1054,Ringbucheinlagen A4 kariert 100 Blatt,2,2.29,4.58,0
B01262,Klasse 4,1041,Schnellhefter A4 Kunststoff gelb,2,0.5,1.0,0
B01262,Klasse 4,1033,Tintenkiller Super Pirat (2er Pack),1,2.49,2.49,0
B01262,Klasse 4,1014,Doppelanspitzer Dose Trio Grip,1,2.99,2.99,0
B01262,Klasse 4,1004,Schulheft A4 Lineatur 4 (16 Blatt),2,0.99,1.98,0
B01262,Klasse 4,1032,Tintenpatronen blau T10 (5er Pack),2,1.8,3.6,0
B01263,Klasse 11,1061,Tintenroller Pilot Frixion Ball 0.7 schwarz,1,3.29,3.29,0
B01263,Klasse 11,1058,Haftnotizen Post-it 76x76mm gelb,1,1.99,1.99,0
B01263,Klasse 11,1037,Lineal 30cm Kunststoff transparent,1,1.1,1.1,0
B01264,Klasse 7,1015,Radiergummi soft (für Bleistifte),1,0.8,0.8,0
B01264,Klasse 7,1043,Textmarker-Set 4 Farben Stabilo Boss,1,4.99,4.99,0
B01264,Klasse 7,1033,Tintenkiller Super Pirat (2er Pack),1,2.49,2.49,0
B01264,Klasse 7,1020,Haarpinsel-Set (Größen 2/6/10),1,3.99,3.99,0
B01264,Klasse 7,1045,Ringbuch A4 schmal 25mm,2,2.99,5.98,0
B01265,Klasse 7,1044,Fineliner 10er Set Stabilo Point 88,1,7.99,7.99,0
B01265,Klasse 7,1041,Schnellhefter A4 Kunststoff gelb,1,0.5,0.5,0
B01265,Klasse 7,1024,Schulheft A4 liniert Lineatur 21 (16 Blatt),10,0.99,9.9,0
B01265,Klasse 7,1037,Lineal 30cm Kunststoff transparent,1,1.1,1.1,0
B01265,Klasse 7,1031,Füllfederhalter Lamy Safari M,1,19.9,19.9,0
B01266,Klasse 10,1051,Grafikrechner Casio FX-CG50,1,119.0,119.0,0
B01266,Klasse 10,1027,Collegeblock A4 kariert (80 Blatt),2,1.79,3.58,0
B01266,Klasse 10,1046,Ordner A4 breit 80mm schwarz,2,3.49,6.98,0
B01266,Klasse 10,1056,Kugelschreiber Grip 2011 M schwarz,2,4.5,9.0,0
B01266,Klasse 10,1052,Formelsammlung Mathematik/Physik/Chemie Duden,1,12.99,12.99,0
B01267,Klasse 11,1053,Ringbucheinlagen A4 liniert 100 Blatt,1,2.29,2.29,0
B01267,Klasse 11,1039,Schnellhefter A4 Kunststoff rot,2,0.5,1.0,0
B01267,Klasse 11,1058,Haftnotizen Post-it 76x76mm gelb,1,1.99,1.99,0
B01268,Klasse 11,1030,Geodreieck 22 cm Griff transparent,1,2.1,2.1,0
B01268,Klasse 11,1044,Fineliner 10er Set Stabilo Point 88,1,7.99,7.99,0
B01268,Klasse 11,1049,Oxford Collegeblock A4 kariert (90g Papier),3,2.79,8.37,0
B01268,Klasse 11,1046,Ordner A4 breit 80mm schwarz,3,3.49,10.47,0
B01269,Klasse 3,1039,Schnellhefter A4 Kunststoff rot,2,0.5,1.0,0
B01269,Klasse 3,1040,Schnellhefter A4 Kunststoff grün,2,0.5,1.0,0
B01269,Klasse 3,1014,Doppelanspitzer Dose Trio Grip,1,2.99,2.99,0
B01269,Klasse 3,1019,Borstenpinsel-Set (Größen 4/8/12),1,3.5,3.5,0
B01269,Klasse 3,1038,Schnellhefter A4 Kunststoff blau,1,0.5,0.5,0
B01269,Klasse 3,1015,Radiergummi soft (für Bleistifte),1,0.8,0.8,0
B01269,Klasse 3,1013,Klebestift Uhu Renature 21g,1,1.89,1.89,0
B01269,Klasse 3,1017,Zeichenblock A3 (20 Blatt),1,2.49,2.49,0
B01269,Klasse 3,1020,Haarpinsel-Set (Größen 2/6/10),1,3.99,3.99,0
B01270,Klasse 2,1005,Rechenheft A4 Lineatur 7 (7x7mm Kästchen),5,0.99,4.95,0
B01270,Klasse 2,1019,Borstenpinsel-Set (Größen 4/8/12),1,3.5,3.5,0
B01270,Klasse 2,1038,Schnellhefter A4 Kunststoff blau,3,0.5,1.5,0
B01270,Klasse 2,1014,Doppelanspitzer Dose Trio Grip,1,2.99,2.99,0
B01270,Klasse 2,1015,Radiergummi soft (für Bleistifte),1,0.8,0.8,0
B01270,Klasse 2,1039,Schnellhefter A4 Kunststoff rot,2,0.5,1.0,0
B01270,Klasse 2,1007,Schreiblernbleistift Trio Grip (dick),2,1.99,3.98,0
B01271,Klasse 1 & 10,1061,Tintenroller Pilot Frixion Ball 0.7 schwarz,3,3.29,9.87,1
B01271,Klasse 1 & 10,1037,Lineal 30cm Kunststoff transparent,1,1.1,1.1,1
B01271,Klasse 1 & 10,1036,Bleistift HB Grip 2001 Faber-Castell,3,1.5,4.5,1
B01271,Klasse 1 & 10,1050,Oxford Collegeblock A4 liniert (90g Papier),2,2.79,5.58,1
B01271,Klasse 1 & 10,1049,Oxford Collegeblock A4 kariert (90g Papier),10,2.79,27.9,1
B01271,Klasse 1 & 10,1015,Radiergummi soft (für Bleistifte),1,0.8,0.8,1
B01271,Klasse 1 & 10,1007,Schreiblernbleistift Trio Grip (dick),2,1.99,3.98,1
B01271,Klasse 1 & 10,1012,Bastelschere rund 13cm Linkshänder,1,2.2,2.2,1
B01271,Klasse 1 & 10,1011,Bastelschere rund 13cm Rechtshänder,1,2.2,2.2,1
B01271,Klasse 1 & 10,1023,Hausaufgabenheft Grundschule A5,1,1.99,1.99,1
B01271,Klasse 1 & 10,1009,Wachsmalkreiden 12er Set (wasservermalbar),1,6.99,6.99,1
B01271,Klasse 1 & 10,1041,Schnellhefter A4 Kunststoff gelb,5,0.5,2.5,1
B01271,Klasse 1 & 10,1039,Schnellhefter A4 Kunststoff rot,5,0.5,2.5,1
B01271,Klasse 1 & 10,1021,Knete-Unterlage Kunststoff A3,1,1.99,1.99,1
B01272,Klasse 10,1030,Geodreieck 22 cm Griff transparent,1,2.1,2.1,0
B01272,Klasse 10,1034,Schulkompass Zirkel Staedtler,1,8.5,8.5,0
B01272,Klasse 10,1049,Oxford Collegeblock A4 kariert (90g Papier),2,2.79,5.58,0
B01273,Klasse 9,1056,Kugelschreiber Grip 2011 M schwarz,1,4.5,4.5,0
B01273,Klasse 9,1046,Ordner A4 breit 80mm schwarz,3,3.49,10.47,0
B01273,Klasse 9,1054,Ringbucheinlagen A4 kariert 100 Blatt,1,2.29,2.29,0
B01273,Klasse 9,1045,Ringbuch A4 schmal 25mm,1,2.99,2.99,0
B01273,Klasse 9,1048,Hausaufgabenheft A5 Classic,1,1.99,1.99,0
B01274,Klasse 2,1018,Tuschkasten K12 (12 Farben),1,9.95,9.95,0
B01274,Klasse 2,1005,Rechenheft A4 Lineatur 7 (7x7mm Kästchen),1,0.99,0.99,0
B01274,Klasse 2,1011,Bastelschere rund 13cm Rechtshänder,1,2.2,2.2,0
B01274,Klasse 2,1041,Schnellhefter A4 Kunststoff gelb,2,0.5,1.0,0
B01274,Klasse 2,1015,Radiergummi soft (für Bleistifte),1,0.8,0.8,0
B01274,Klasse 2,1007,Schreiblernbleistift Trio Grip (dick),1,1.99,1.99,0
B01274,Klasse 2,1002,Schreiblernheft A4 Lineatur 2 (16 Blatt),3,0.99,2.97,0
B01275,Klasse 12,1037,Lineal 30cm Kunststoff transparent,1,1.1,1.1,0
B01275,Klasse 12,1046,Ordner A4 breit 80mm schwarz,5,3.49,17.45,0
B01275,Klasse 12,1045,Ringbuch A4 schmal 25mm,5,2.99,14.95,0
B01276,Klasse 2,1039,Schnellhefter A4 Kunststoff rot,3,0.5,1.5,0
B01276,Klasse 2,1011,Bastelschere rund 13cm Rechtshänder,1,2.2,2.2,0
B01276,Klasse 2,1041,Schnellhefter A4 Kunststoff gelb,2,0.5,1.0,0
B01276,Klasse 2,1015,Radiergummi soft (für Bleistifte),1,0.8,0.8,0
B01276,Klasse 2,1023,Hausaufgabenheft Grundschule A5,1,1.99,1.99,0
B01277,Klasse 9,1032,Tintenpatronen blau T10 (5er Pack),3,1.8,5.4,0
B01277,Klasse 9,1041,Schnellhefter A4 Kunststoff gelb,3,0.5,1.5,0
B01277,Klasse 9,1017,Zeichenblock A3 (20 Blatt),1,2.49,2.49,0
B01277,Klasse 9,1031,Füllfederhalter Lamy Safari M,1,19.9,19.9,0
B01277,Klasse 9,1048,Hausaufgabenheft A5 Classic,1,1.99,1.99,0
B01278,Klasse 4,1038,Schnellhefter A4 Kunststoff blau,3,0.5,1.5,0
B01278,Klasse 4,1045,Ringbuch A4 schmal 25mm,3,2.99,8.97,0
B01278,Klasse 4,1016,Sammelbox A4 Karton blau,2,2.49,4.98,0
B01278,Klasse 4,1020,Haarpinsel-Set (Größen 2/6/10),1,3.99,3.99,0
B01279,Klasse 7,1018,Tuschkasten K12 (12 Farben),1,9.95,9.95,0
B01279,Klasse 7,1031,Füllfederhalter Lamy Safari M,1,19.9,19.9,0
B01279,Klasse 7,1027,Collegeblock A4 kariert (80 Blatt),2,1.79,3.58,0
B01280,Klasse 10,1056,Kugelschreiber Grip 2011 M schwarz,1,4.5,4.5,0
B01280,Klasse 10,1041,Schnellhefter A4 Kunststoff gelb,3,0.5,1.5,0
B01280,Klasse 10,1057,Textmarker-Set Pastell 6 Farben Stabilo Boss,1,6.99,6.99,0
B01280,Klasse 10,1049,Oxford Collegeblock A4 kariert (90g Papier),5,2.79,13.95,0
B01280,Klasse 10,1053,Ringbucheinlagen A4 liniert 100 Blatt,5,2.29,11.45,0
B01281,Klasse 7,1015,Radiergummi soft (für Bleistifte),1,0.8,0.8,0
B01281,Klasse 7,1048,Hausaufgabenheft A5 Classic,1,1.99,1.99,0
B01281,Klasse 7,1061,Tintenroller Pilot Frixion Ball 0.7 schwarz,3,3.29,9.87,0
B01282,Klasse 6,1036,Bleistift HB Grip 2001 Faber-Castell,1,1.5,1.5,0
B01282,Klasse 6,1042,Schnellhefter A4 Kunststoff orange,2,0.5,1.0,0
B01282,Klasse 6,1035,Buntstifte 24er Set dreikant,1,8.99,8.99,0
B01282,Klasse 6,1017,Zeichenblock A3 (20 Blatt),1,2.49,2.49,0
B01282,Klasse 6,1034,Schulkompass Zirkel Staedtler,1,8.5,8.5,0
B01283,Klasse 10,1058,Haftnotizen Post-it 76x76mm gelb,1,1.99,1.99,0
B01283,Klasse 10,1039,Schnellhefter A4 Kunststoff rot,3,0.5,1.5,0
B01284,Klasse 8,1046,Ordner A4 breit 80mm schwarz,3,3.49,10.47,0
B01284,Klasse 8,1059,Karteikarten A7 liniert 100 Stück,1,1.49,1.49,0
B01284,Klasse 8,1041,Schnellhefter A4 Kunststoff gelb,2,0.5,1.0,0
B01284,Klasse 8,1030,Geodreieck 22 cm Griff transparent,1,2.1,2.1,0
B01284,Klasse 8,1019,Borstenpinsel-Set (Größen 4/8/12),1,3.5,3.5,0
B01284,Klasse 8,1029,Geodreieck 16 cm transparent Aristo,1,1.2,1.2,0
B01285,Klasse 6,1027,Collegeblock A4 kariert (80 Blatt),10,1.79,17.9,0
B01285,Klasse 6,1038,Schnellhefter A4 Kunststoff blau,2,0.5,1.0,0
B01285,Klasse 6,1043,Textmarker-Set 4 Farben Stabilo Boss,1,4.99,4.99,0
B01285,Klasse 6,1024,Schulheft A4 liniert Lineatur 21 (16 Blatt),5,0.99,4.95,0
B01285,Klasse 6,1032,Tintenpatronen blau T10 (5er Pack),1,1.8,1.8,0
B01285,Klasse 6,1034,Schulkompass Zirkel Staedtler,1,8.5,8.5,0
B01286,Klasse 4,1017,Zeichenblock A3 (20 Blatt),1,2.49,2.49,0
B01286,Klasse 4,1042,Schnellhefter A4 Kunststoff orange,3,0.5,1.5,0
B01286,Klasse 4,1038,Schnellhefter A4 Kunststoff blau,1,0.5,0.5,0
B01286,Klasse 4,1013,Klebestift Uhu Renature 21g,1,1.89,1.89,0
B01286,Klasse 4,1011,Bastelschere rund 13cm Rechtshänder,1,2.2,2.2,0
B01287,Klasse 3 & 4,1042,Schnellhefter A4 Kunststoff orange,5,0.5,2.5,1
B01287,Klasse 3 & 4,1012,Bastelschere rund 13cm Linkshänder,1,2.2,2.2,1
B01287,Klasse 3 & 4,1041,Schnellhefter A4 Kunststoff gelb,3,0.5,1.5,1
B01287,Klasse 3 & 4,1011,Bastelschere rund 13cm Rechtshänder,1,2.2,2.2,1
B01287,Klasse 3 & 4,1039,Schnellhefter A4 Kunststoff rot,2,0.5,1.0,1
B01287,Klasse 3 & 4,1017,Zeichenblock A3 (20 Blatt),1,2.49,2.49,1
B01287,Klasse 3 & 4,1016,Sammelbox A4 Karton blau,2,2.49,4.98,1
B01287,Klasse 3 & 4,1015,Radiergummi soft (für Bleistifte),1,0.8,0.8,1
B01287,Klasse 3 & 4,1006,Rechenheft A4 Lineatur 8 (5x5mm Kästchen),5,0.99,4.95,1
B01287,Klasse 3 & 4,1031,Füllfederhalter Lamy Safari M,1,19.9,19.9,1
B01287,Klasse 3 & 4,1020,Haarpinsel-Set (Größen 2/6/10),1,3.99,3.99,1
B01287,Klasse 3 & 4,1044,Fineliner 10er Set Stabilo Point 88,1,7.99,7.99,1
B01287,Klasse 3 & 4,1019,Borstenpinsel-Set (Größen 4/8/12),1,3.5,3.5,1
B01287,Klasse 3 & 4,1036,Bleistift HB Grip 2001 Faber-Castell,1,1.5,1.5,1
B01288,Klasse 11,1037,Lineal 30cm Kunststoff transparent,1,1.1,1.1,0
B01288,Klasse 11,1050,Oxford Collegeblock A4 liniert (90g Papier),3,2.79,8.37,0
B01288,Klasse 11,1049,Oxford Collegeblock A4 kariert (90g Papier),10,2.79,27.9,0
B01288,Klasse 11,1043,Textmarker-Set 4 Farben Stabilo Boss,1,4.99,4.99,0
B01289,Klasse 1 & 3,1013,Klebestift Uhu Renature 21g,1,1.89,1.89,1
B01289,Klasse 1 & 3,1001,Schreiblernheft A4 Lineatur 1 (16 Blatt),3,0.99,2.97,1
B01289,Klasse 1 & 3,1019,Borstenpinsel-Set (Größen 4/8/12),1,3.5,3.5,1
B01289,Klasse 1 & 3,1017,Zeichenblock A3 (20 Blatt),1,2.49,2.49,1
B01289,Klasse 1 & 3,1006,Rechenheft A4 Lineatur 8 (5x5mm Kästchen),2,0.99,1.98,1
B01289,Klasse 1 & 3,1003,Schreiblernheft A4 Lineatur 3 (16 Blatt),3,0.99,2.97,1
B01289,Klasse 1 & 3,1039,Schnellhefter A4 Kunststoff rot,3,0.5,1.5,1
B01289,Klasse 1 & 3,1020,Haarpinsel-Set (Größen 2/6/10),1,3.99,3.99,1
B01289,Klasse 1 & 3,1014,Doppelanspitzer Dose Trio Grip,1,2.99,2.99,1
B01289,Klasse 1 & 3,1011,Bastelschere rund 13cm Rechtshänder,1,2.2,2.2,1
B01289,Klasse 1 & 3,1018,Tuschkasten K12 (12 Farben),1,9.95,9.95,1
B01290,Klasse 2,1041,Schnellhefter A4 Kunststoff gelb,1,0.5,0.5,0
B01290,Klasse 2,1016,Sammelbox A4 Karton blau,2,2.49,4.98,0
B01290,Klasse 2,1009,Wachsmalkreiden 12er Set (wasservermalbar),1,6.99,6.99,0
B01290,Klasse 2,1019,Borstenpinsel-Set (Größen 4/8/12),1,3.5,3.5,0
B01290,Klasse 2,1023,Hausaufgabenheft Grundschule A5,1,1.99,1.99,0
B01290,Klasse 2,1020,Haarpinsel-Set (Größen 2/6/10),1,3.99,3.99,0
B01291,Klasse 2,1041,Schnellhefter A4 Kunststoff gelb,1,0.5,0.5,0
B01291,Klasse 2,1013,Klebestift Uhu Renature 21g,1,1.89,1.89,0
B01291,Klasse 2,1019,Borstenpinsel-Set (Größen 4/8/12),1,3.5,3.5,0
B01291,Klasse 2,1011,Bastelschere rund 13cm Rechtshänder,1,2.2,2.2,0
B01291,Klasse 2,1039,Schnellhefter A4 Kunststoff rot,2,0.5,1.0,0
B01291,Klasse 2,1018,Tuschkasten K12 (12 Farben),1,9.95,9.95,0
B01292,Klasse 11,1049,Oxford Collegeblock A4 kariert (90g Papier),3,2.79,8.37,0
B01292,Klasse 11,1015,Radiergummi soft (für Bleistifte),1,0.8,0.8,0
B01293,Klasse 1,1040,Schnellhefter A4 Kunststoff grün,2,0.5,1.0,0
B01293,Klasse 1,1007,Schreiblernbleistift Trio Grip (dick),1,1.99,1.99,0
B01293,Klasse 1,1039,Schnellhefter A4 Kunststoff rot,1,0.5,0.5,0
B01293,Klasse 1,1016,Sammelbox A4 Karton blau,2,2.49,4.98,0
B01293,Klasse 1,1042,Schnellhefter A4 Kunststoff orange,2,0.5,1.0,0
B01294,Klasse 4 & 9,1057,Textmarker-Set Pastell 6 Farben Stabilo Boss,1,6.99,6.99,1
B01294,Klasse 4 & 9,1030,Geodreieck 22 cm Griff transparent,1,2.1,2.1,1
B01294,Klasse 4 & 9,1032,Tintenpatronen blau T10 (5er Pack),1,1.8,1.8,1
B01294,Klasse 4 & 9,1061,Tintenroller Pilot Frixion Ball 0.7 schwarz,2,3.29,6.58,1
B01294,Klasse 4 & 9,1051,Grafikrechner Casio FX-CG50,1,119.0,119.0,1
B01294,Klasse 4 & 9,1013,Klebestift Uhu Renature 21g,1,1.89,1.89,1
B01294,Klasse 4 & 9,1023,Hausaufgabenheft Grundschule A5,1,1.99,1.99,1
B01294,Klasse 4 & 9,1039,Schnellhefter A4 Kunststoff rot,2,0.5,1.0,1
B01294,Klasse 4 & 9,1015,Radiergummi soft (für Bleistifte),1,0.8,0.8,1
B01295,Klasse 3 & 10,1027,Collegeblock A4 kariert (80 Blatt),2,1.79,3.58,1
B01295,Klasse 3 & 10,1024,Schulheft A4 liniert Lineatur 21 (16 Blatt),2,0.99,1.98,1
B01295,Klasse 3 & 10,1042,Schnellhefter A4 Kunststoff orange,2,0.5,1.0,1
B01295,Klasse 3 & 10,1017,Zeichenblock A3 (20 Blatt),1,2.49,2.49,1
B01295,Klasse 3 & 10,1006,Rechenheft A4 Lineatur 8 (5x5mm Kästchen),2,0.99,1.98,1
B01295,Klasse 3 & 10,1012,Bastelschere rund 13cm Linkshänder,1,2.2,2.2,1
B01295,Klasse 3 & 10,1020,Haarpinsel-Set (Größen 2/6/10),1,3.99,3.99,1
B01295,Klasse 3 & 10,1003,Schreiblernheft A4 Lineatur 3 (16 Blatt),3,0.99,2.97,1
B01295,Klasse 3 & 10,1019,Borstenpinsel-Set (Größen 4/8/12),1,3.5,3.5,1
B01295,Klasse 3 & 10,1039,Schnellhefter A4 Kunststoff rot,5,0.5,2.5,1
B01295,Klasse 3 & 10,1005,Rechenheft A4 Lineatur 7 (7x7mm Kästchen),1,0.99,0.99,1
B01296,Klasse 8,1044,Fineliner 10er Set Stabilo Point 88,1,7.99,7.99,0
B01296,Klasse 8,1042,Schnellhefter A4 Kunststoff orange,2,0.5,1.0,0
B01296,Klasse 8,1032,Tintenpatronen blau T10 (5er Pack),2,1.8,3.6,0
B01296,Klasse 8,1025,Schulheft A4 kariert Lineatur 22 (16 Blatt),5,0.99,4.95,0
B01296,Klasse 8,1035,Buntstifte 24er Set dreikant,1,8.99,8.99,0
B01297,Klasse 7,1048,Hausaufgabenheft A5 Classic,1,1.99,1.99,0
B01297,Klasse 7,1015,Radiergummi soft (für Bleistifte),1,0.8,0.8,0
B01297,Klasse 7,1035,Buntstifte 24er Set dreikant,1,8.99,8.99,0
B01297,Klasse 7,1028,Collegeblock A4 liniert (80 Blatt),3,1.79,5.37,0
B01297,Klasse 7,1025,Schulheft A4 kariert Lineatur 22 (16 Blatt),3,0.99,2.97,0
B01298,Klasse 5,1039,Schnellhefter A4 Kunststoff rot,2,0.5,1.0,0
B01298,Klasse 5,1048,Hausaufgabenheft A5 Classic,1,1.99,1.99,0
B01298,Klasse 5,1044,Fineliner 10er Set Stabilo Point 88,1,7.99,7.99,0
B01298,Klasse 5,1041,Schnellhefter A4 Kunststoff gelb,3,0.5,1.5,0
B01298,Klasse 5,1028,Collegeblock A4 liniert (80 Blatt),5,1.79,8.95,0
B01299,Klasse 2,1019,Borstenpinsel-Set (Größen 4/8/12),1,3.5,3.5,0
B01299,Klasse 2,1052,Formelsammlung Mathematik/Physik/Chemie Duden,1,12.99,12.99,0
B01299,Klasse 2,1011,Bastelschere rund 13cm Rechtshänder,1,2.2,2.2,0
B01299,Klasse 2,1007,Schreiblernbleistift Trio Grip (dick),2,1.99,3.98,0
B01299,Klasse 2,1015,Radiergummi soft (für Bleistifte),1,0.8,0.8,0
B01299,Klasse 2,1040,Schnellhefter A4 Kunststoff grün,2,0.5,1.0,0
B01299,Klasse 2,1016,Sammelbox A4 Karton blau,3,2.49,7.47,0
B01299,Klasse 2,1042,Schnellhefter A4 Kunststoff orange,1,0.5,0.5,0
B01299,Klasse 2,1038,Schnellhefter A4 Kunststoff blau,3,0.5,1.5,0
B01300,Klasse 12,1044,Fineliner 10er Set Stabilo Point 88,1,7.99,7.99,0
B01300,Klasse 12,1036,Bleistift HB Grip 2001 Faber-Castell,2,1.5,3.0,0
B01301,Klasse 3 & 4,1020,Haarpinsel-Set (Größen 2/6/10),1,3.99,3.99,1
B01301,Klasse 3 & 4,1019,Borstenpinsel-Set (Größen 4/8/12),1,3.5,3.5,1
B01301,Klasse 3 & 4,1016,Sammelbox A4 Karton blau,5,2.49,12.45,1
B01301,Klasse 3 & 4,1042,Schnellhefter A4 Kunststoff orange,1,0.5,0.5,1
B01301,Klasse 3 & 4,1012,Bastelschere rund 13cm Linkshänder,1,2.2,2.2,1
B01301,Klasse 3 & 4,1013,Klebestift Uhu Renature 21g,1,1.89,1.89,1
B01301,Klasse 3 & 4,1036,Bleistift HB Grip 2001 Faber-Castell,1,1.5,1.5,1
B01301,Klasse 3 & 4,1008,Buntstifte 12er Set dreikant (dick),1,5.49,5.49,1
B01301,Klasse 3 & 4,1004,Schulheft A4 Lineatur 4 (16 Blatt),5,0.99,4.95,1
B01302,Klasse 3,1012,Bastelschere rund 13cm Linkshänder,1,2.2,2.2,0
B01302,Klasse 3,1039,Schnellhefter A4 Kunststoff rot,5,0.5,2.5,0
B01302,Klasse 3,1016,Sammelbox A4 Karton blau,2,2.49,4.98,0
B01302,Klasse 3,1032,Tintenpatronen blau T10 (5er Pack),2,1.8,3.6,0
B01303,Klasse 7,1035,Buntstifte 24er Set dreikant,1,8.99,8.99,0
B01303,Klasse 7,1060,Prospekthüllen A4 transparent 100er Pack,1,3.99,3.99,0
B01303,Klasse 7,1015,Radiergummi soft (für Bleistifte),1,0.8,0.8,0
B01303,Klasse 7,1019,Borstenpinsel-Set (Größen 4/8/12),1,3.5,3.5,0
B01303,Klasse 7,1020,Haarpinsel-Set (Größen 2/6/10),1,3.99,3.99,0
B01304,Klasse 1,1019,Borstenpinsel-Set (Größen 4/8/12),1,3.5,3.5,0
B01304,Klasse 1,1021,Knete-Unterlage Kunststoff A3,1,1.99,1.99,0
B01304,Klasse 1,1010,Knetmasse 10 Farben,1,3.49,3.49,0
B01304,Klasse 1,1012,Bastelschere rund 13cm Linkshänder,1,2.2,2.2,0
B01304,Klasse 1,1042,Schnellhefter A4 Kunststoff orange,5,0.5,2.5,0
B01304,Klasse 1,1014,Doppelanspitzer Dose Trio Grip,1,2.99,2.99,0
B01304,Klasse 1,1017,Zeichenblock A3 (20 Blatt),1,2.49,2.49,0
B01304,Klasse 1,1007,Schreiblernbleistift Trio Grip (dick),1,1.99,1.99,0
B01305,Klasse 2,1002,Schreiblernheft A4 Lineatur 2 (16 Blatt),3,0.99,2.97,0
B01305,Klasse 2,1038,Schnellhefter A4 Kunststoff blau,2,0.5,1.0,0
B01305,Klasse 2,1021,Knete-Unterlage Kunststoff A3,1,1.99,1.99,0
B01305,Klasse 2,1042,Schnellhefter A4 Kunststoff orange,3,0.5,1.5,0
B01305,Klasse 2,1005,Rechenheft A4 Lineatur 7 (7x7mm Kästchen),10,0.99,9.9,0
B01305,Klasse 2,1041,Schnellhefter A4 Kunststoff gelb,2,0.5,1.0,0
B01305,Klasse 2,1003,Schreiblernheft A4 Lineatur 3 (16 Blatt),5,0.99,4.95,0
B01305,Klasse 2,1018,Tuschkasten K12 (12 Farben),1,9.95,9.95,0
B01305,Klasse 2,1009,Wachsmalkreiden 12er Set (wasservermalbar),1,6.99,6.99,0
B01306,Klasse 1 & 2,1010,Knetmasse 10 Farben,1,3.49,3.49,1
B01306,Klasse 1 & 2,1039,Schnellhefter A4 Kunststoff rot,2,0.5,1.0,1
B01306,Klasse 1 & 2,1013,Klebestift Uhu Renature 21g,1,1.89,1.89,1
B01306,Klasse 1 & 2,1020,Haarpinsel-Set (Größen 2/6/10),1,3.99,3.99,1
B01306,Klasse 1 & 2,1018,Tuschkasten K12 (12 Farben),1,9.95,9.95,1
B01306,Klasse 1 & 2,1009,Wachsmalkreiden 12er Set (wasservermalbar),1,6.99,6.99,1
B01306,Klasse 1 & 2,1023,Hausaufgabenheft Grundschule A5,1,1.99,1.99,1
B01306,Klasse 1 & 2,1021,Knete-Unterlage Kunststoff A3,1,1.99,1.99,1
B01306,Klasse 1 & 2,1005,Rechenheft A4 Lineatur 7 (7x7mm Kästchen),1,0.99,0.99,1
B01306,Klasse 1 & 2,1017,Zeichenblock A3 (20 Blatt),1,2.49,2.49,1
B01306,Klasse 1 & 2,1036,Bleistift HB Grip 2001 Faber-Castell,3,1.5,4.5,1
B01306,Klasse 1 & 2,1042,Schnellhefter A4 Kunststoff orange,2,0.5,1.0,1
B01307,Klasse 8,1043,Textmarker-Set 4 Farben Stabilo Boss,1,4.99,4.99,0
B01307,Klasse 8,1047,Wissenschaftlicher Taschenrechner Casio fx-87DE X,1,24.99,24.99,0
B01307,Klasse 8,1035,Buntstifte 24er Set dreikant,1,8.99,8.99,0
B01307,Klasse 8,1019,Borstenpinsel-Set (Größen 4/8/12),1,3.5,3.5,0
B01307,Klasse 8,1038,Schnellhefter A4 Kunststoff blau,5,0.5,2.5,0
B01307,Klasse 8,1030,Geodreieck 22 cm Griff transparent,1,2.1,2.1,0
B01308,Klasse 1,1016,Sammelbox A4 Karton blau,5,2.49,12.45,0
B01308,Klasse 1,1005,Rechenheft A4 Lineatur 7 (7x7mm Kästchen),3,0.99,2.97,0
B01308,Klasse 1,1019,Borstenpinsel-Set (Größen 4/8/12),1,3.5,3.5,0
B01308,Klasse 1,1038,Schnellhefter A4 Kunststoff blau,2,0.5,1.0,0
B01308,Klasse 1,1040,Schnellhefter A4 Kunststoff grün,3,0.5,1.5,0
B01308,Klasse 1,1014,Doppelanspitzer Dose Trio Grip,1,2.99,2.99,0
B01308,Klasse 1,1020,Haarpinsel-Set (Größen 2/6/10),1,3.99,3.99,0
B01309,Klasse 8 & 12,1037,Lineal 30cm Kunststoff transparent,1,1.1,1.1,1
B01309,Klasse 8 & 12,1028,Collegeblock A4 liniert (80 Blatt),10,1.79,17.9,1
B01309,Klasse 8 & 12,1038,Schnellhefter A4 Kunststoff blau,3,0.5,1.5,1
B01309,Klasse 8 & 12,1035,Buntstifte 24er Set dreikant,1,8.99,8.99,1
B01309,Klasse 8 & 12,1060,Prospekthüllen A4 transparent 100er Pack,1,3.99,3.99,1
B01309,Klasse 8 & 12,1030,Geodreieck 22 cm Griff transparent,1,2.1,2.1,1
B01310,Klasse 3,1015,Radiergummi soft (für Bleistifte),1,0.8,0.8,0
B01310,Klasse 3,1016,Sammelbox A4 Karton blau,1,2.49,2.49,0
B01310,Klasse 3,1010,Knetmasse 10 Farben,1,3.49,3.49,0
B01310,Klasse 3,1042,Schnellhefter A4 Kunststoff orange,3,0.5,1.5,0
B01310,Klasse 3,1021,Knete-Unterlage Kunststoff A3,1,1.99,1.99,0
B01310,Klasse 3,1011,Bastelschere rund 13cm Rechtshänder,1,2.2,2.2,0
B01310,Klasse 3,1008,Buntstifte 12er Set dreikant (dick),1,5.49,5.49,0
B01310,Klasse 3,1006,Rechenheft A4 Lineatur 8 (5x5mm Kästchen),2,0.99,1.98,0
B01311,Klasse 6,1034,Schulkompass Zirkel Staedtler,1,8.5,8.5,0
B01311,Klasse 6,1044,Fineliner 10er Set Stabilo Point 88,1,7.99,7.99,0
B01311,Klasse 6,1024,Schulheft A4 liniert Lineatur 21 (16 Blatt),2,0.99,1.98,0
B01311,Klasse 6,1059,Karteikarten A7 liniert 100 Stück,1,1.49,1.49,0
B01311,Klasse 6,1018,Tuschkasten K12 (12 Farben),1,9.95,9.95,0
B01311,Klasse 6,1019,Borstenpinsel-Set (Größen 4/8/12),1,3.5,3.5,0
B01312,Klasse 9,1035,Buntstifte 24er Set dreikant,1,8.99,8.99,0
B01312,Klasse 9,1028,Collegeblock A4 liniert (80 Blatt),2,1.79,3.58,0
B01312,Klasse 9,1026,Vokabelheft A5 Lineatur 53 (32 Blatt),5,1.29,6.45,0
B01313,Klasse 8,1024,Schulheft A4 liniert Lineatur 21 (16 Blatt),5,0.99,4.95,0
B01313,Klasse 8,1044,Fineliner 10er Set Stabilo Point 88,1,7.99,7.99,0
B01313,Klasse 8,1046,Ordner A4 breit 80mm schwarz,2,3.49,6.98,0
B01313,Klasse 8,1032,Tintenpatronen blau T10 (5er Pack),2,1.8,3.6,0
B01314,Klasse 6,1032,Tintenpatronen blau T10 (5er Pack),2,1.8,3.6,0
B01314,Klasse 6,1035,Buntstifte 24er Set dreikant,1,8.99,8.99,0
B01314,Klasse 6,1048,Hausaufgabenheft A5 Classic,1,1.99,1.99,0
B01314,Klasse 6,1040,Schnellhefter A4 Kunststoff grün,3,0.5,1.5,0
B01314,Klasse 6,1027,Collegeblock A4 kariert (80 Blatt),5,1.79,8.95,0
B01315,Klasse 1,1038,Schnellhefter A4 Kunststoff blau,5,0.5,2.5,0
B01315,Klasse 1,1013,Klebestift Uhu Renature 21g,1,1.89,1.89,0
B01315,Klasse 1,1040,Schnellhefter A4 Kunststoff grün,1,0.5,0.5,0
B01315,Klasse 1,1017,Zeichenblock A3 (20 Blatt),1,2.49,2.49,0
B01315,Klasse 1,1012,Bastelschere rund 13cm Linkshänder,1,2.2,2.2,0
B01315,Klasse 1,1015,Radiergummi soft (für Bleistifte),1,0.8,0.8,0
B01315,Klasse 1,1009,Wachsmalkreiden 12er Set (wasservermalbar),1,6.99,6.99,0
B01315,Klasse 1,1001,Schreiblernheft A4 Lineatur 1 (16 Blatt),5,0.99,4.95,0
B01315,Klasse 1,1007,Schreiblernbleistift Trio Grip (dick),1,1.99,1.99,0
B01316,Klasse 2 & 8,1009,Wachsmalkreiden 12er Set (wasservermalbar),1,6.99,6.99,1
B01316,Klasse 2 & 8,1039,Schnellhefter A4 Kunststoff rot,1,0.5,0.5,1
B01316,Klasse 2 & 8,1019,Borstenpinsel-Set (Größen 4/8/12),1,3.5,3.5,1
B01316,Klasse 2 & 8,1042,Schnellhefter A4 Kunststoff orange,2,0.5,1.0,1
B01316,Klasse 2 & 8,1022,Schreiblern-Füller Lamy ABC,1,14.5,14.5,1
B01316,Klasse 2 & 8,1040,Schnellhefter A4 Kunststoff grün,2,0.5,1.0,1
B01316,Klasse 2 & 8,1018,Tuschkasten K12 (12 Farben),1,9.95,9.95,1
B01316,Klasse 2 & 8,1011,Bastelschere rund 13cm Rechtshänder,1,2.2,2.2,1
B01316,Klasse 2 & 8,1002,Schreiblernheft A4 Lineatur 2 (16 Blatt),1,0.99,0.99,1
B01316,Klasse 2 & 8,1055,Kugelschreiber Grip 2011 M blau (dokumentenecht),2,4.5,9.0,1
B01316,Klasse 2 & 8,1056,Kugelschreiber Grip 2011 M schwarz,2,4.5,9.0,1
B01316,Klasse 2 & 8,1020,Haarpinsel-Set (Größen 2/6/10),1,3.99,3.99,1
B01316,Klasse 2 & 8,1047,Wissenschaftlicher Taschenrechner Casio fx-87DE X,1,24.99,24.99,1
B01317,Klasse 12,1030,Geodreieck 22 cm Griff transparent,1,2.1,2.1,0
B01317,Klasse 12,1052,Formelsammlung Mathematik/Physik/Chemie Duden,1,12.99,12.99,0
B01317,Klasse 12,1028,Collegeblock A4 liniert (80 Blatt),2,1.79,3.58,0
B01318,Klasse 3,1033,Tintenkiller Super Pirat (2er Pack),3,2.49,7.47,0
B01318,Klasse 3,1022,Schreiblern-Füller Lamy ABC,1,14.5,14.5,0
B01318,Klasse 3,1003,Schreiblernheft A4 Lineatur 3 (16 Blatt),3,0.99,2.97,0
B01318,Klasse 3,1011,Bastelschere rund 13cm Rechtshänder,1,2.2,2.2,0
B01319,Klasse 3,1020,Haarpinsel-Set (Größen 2/6/10),1,3.99,3.99,0
B01319,Klasse 3,1039,Schnellhefter A4 Kunststoff rot,2,0.5,1.0,0
B01319,Klasse 3,1010,Knetmasse 10 Farben,1,3.49,3.49,0
B01319,Klasse 3,1018,Tuschkasten K12 (12 Farben),1,9.95,9.95,0
B01319,Klasse 3,1042,Schnellhefter A4 Kunststoff orange,2,0.5,1.0,0
B01319,Klasse 3,1014,Doppelanspitzer Dose Trio Grip,1,2.99,2.99,0
B01319,Klasse 3,1023,Hausaufgabenheft Grundschule A5,1,1.99,1.99,0
B01319,Klasse 3,1007,Schreiblernbleistift Trio Grip (dick),1,1.99,1.99,0
B01320,Klasse 3,1013,Klebestift Uhu Renature 21g,1,1.89,1.89,0
B01320,Klasse 3,1038,Schnellhefter A4 Kunststoff blau,3,0.5,1.5,0
B01320,Klasse 3,1012,Bastelschere rund 13cm Linkshänder,1,2.2,2.2,0
B01320,Klasse 3,1015,Radiergummi soft (für Bleistifte),1,0.8,0.8,0
B01320,Klasse 3,1010,Knetmasse 10 Farben,1,3.49,3.49,0
B01320,Klasse 3,1023,Hausaufgabenheft Grundschule A5,1,1.99,1.99,0
B01320,Klasse 3,1020,Haarpinsel-Set (Größen 2/6/10),1,3.99,3.99,0
B01321,Klasse 9,1046,Ordner A4 breit 80mm schwarz,2,3.49,6.98,0
B01321,Klasse 9,1029,Geodreieck 16 cm transparent Aristo,1,1.2,1.2,0
B01321,Klasse 9,1060,Prospekthüllen A4 transparent 100er Pack,1,3.99,3.99,0
B01321,Klasse 9,1040,Schnellhefter A4 Kunststoff grün,1,0.5,0.5,0
B01322,Klasse 5,1048,Hausaufgabenheft A5 Classic,1,1.99,1.99,0
B01322,Klasse 5,1018,Tuschkasten K12 (12 Farben),1,9.95,9.95,0
B01322,Klasse 5,1036,Bleistift HB Grip 2001 Faber-Castell,2,1.5,3.0,0
B01322,Klasse 5,1039,Schnellhefter A4 Kunststoff rot,3,0.5,1.5,0
B01322,Klasse 5,1025,Schulheft A4 kariert Lineatur 22 (16 Blatt),10,0.99,9.9,0
B01323,Klasse 10,1051,Grafikrechner Casio FX-CG50,1,119.0,119.0,0
B01323,Klasse 10,1028,Collegeblock A4 liniert (80 Blatt),3,1.79,5.37,0
B01323,Klasse 10,1044,Fineliner 10er Set Stabilo Point 88,1,7.99,7.99,0
B01324,Klasse 4,1031,Füllfederhalter Lamy Safari M,1,19.9,19.9,0
B01324,Klasse 4,1023,Hausaufgabenheft Grundschule A5,1,1.99,1.99,0
B01324,Klasse 4,1020,Haarpinsel-Set (Größen 2/6/10),1,3.99,3.99,0
B01324,Klasse 4,1019,Borstenpinsel-Set (Größen 4/8/12),1,3.5,3.5,0
B01324,Klasse 4,1018,Tuschkasten K12 (12 Farben),1,9.95,9.95,0
B01324,Klasse 4,1013,Klebestift Uhu Renature 21g,1,1.89,1.89,0
B01324,Klasse 4,1006,Rechenheft A4 Lineatur 8 (5x5mm Kästchen),3,0.99,2.97,0
B01324,Klasse 4,1012,Bastelschere rund 13cm Linkshänder,1,2.2,2.2,0
B01324,Klasse 4,1039,Schnellhefter A4 Kunststoff rot,3,0.5,1.5,0
B01325,Klasse 1,1016,Sammelbox A4 Karton blau,1,2.49,2.49,0
B01325,Klasse 1,1040,Schnellhefter A4 Kunststoff grün,2,0.5,1.0,0
B01325,Klasse 1,1009,Wachsmalkreiden 12er Set (wasservermalbar),1,6.99,6.99,0
B01325,Klasse 1,1001,Schreiblernheft A4 Lineatur 1 (16 Blatt),3,0.99,2.97,0
B01325,Klasse 1,1020,Haarpinsel-Set (Größen 2/6/10),1,3.99,3.99,0
B01325,Klasse 1,1018,Tuschkasten K12 (12 Farben),1,9.95,9.95,0
B01325,Klasse 1,1042,Schnellhefter A4 Kunststoff orange,3,0.5,1.5,0
B01325,Klasse 1,1017,Zeichenblock A3 (20 Blatt),1,2.49,2.49,0
B01326,Klasse 6,1034,Schulkompass Zirkel Staedtler,1,8.5,8.5,0
B01326,Klasse 6,1025,Schulheft A4 kariert Lineatur 22 (16 Blatt),1,0.99,0.99,0
B01326,Klasse 6,1039,Schnellhefter A4 Kunststoff rot,2,0.5,1.0,0
B01326,Klasse 6,1033,Tintenkiller Super Pirat (2er Pack),2,2.49,4.98,0
B01326,Klasse 6,1024,Schulheft A4 liniert Lineatur 21 (16 Blatt),3,0.99,2.97,0
B01327,Klasse 8,1028,Collegeblock A4 liniert (80 Blatt),3,1.79,5.37,0
B01327,Klasse 8,1015,Radiergummi soft (für Bleistifte),1,0.8,0.8,0
B01327,Klasse 8,1059,Karteikarten A7 liniert 100 Stück,1,1.49,1.49,0
B01327,Klasse 8,1061,Tintenroller Pilot Frixion Ball 0.7 schwarz,2,3.29,6.58,0
B01327,Klasse 8,1039,Schnellhefter A4 Kunststoff rot,2,0.5,1.0,0
B01328,Klasse 7,1020,Haarpinsel-Set (Größen 2/6/10),1,3.99,3.99,0
B01328,Klasse 7,1037,Lineal 30cm Kunststoff transparent,1,1.1,1.1,0
B01328,Klasse 7,1040,Schnellhefter A4 Kunststoff grün,3,0.5,1.5,0
B01328,Klasse 7,1038,Schnellhefter A4 Kunststoff blau,2,0.5,1.0,0
B01328,Klasse 7,1047,Wissenschaftlicher Taschenrechner Casio fx-87DE X,1,24.99,24.99,0
B01328,Klasse 7,1061,Tintenroller Pilot Frixion Ball 0.7 schwarz,2,3.29,6.58,0
B01328,Klasse 7,1035,Buntstifte 24er Set dreikant,1,8.99,8.99,0
B01329,Klasse 9,1042,Schnellhefter A4 Kunststoff orange,2,0.5,1.0,0
B01329,Klasse 9,1039,Schnellhefter A4 Kunststoff rot,3,0.5,1.5,0
B01329,Klasse 9,1017,Zeichenblock A3 (20 Blatt),1,2.49,2.49,0
B01329,Klasse 9,1045,Ringbuch A4 schmal 25mm,5,2.99,14.95,0
B01329,Klasse 9,1035,Buntstifte 24er Set dreikant,1,8.99,8.99,0
B01329,Klasse 9,1034,Schulkompass Zirkel Staedtler,1,8.5,8.5,0
B01330,Klasse 4 & 11,1049,Oxford Collegeblock A4 kariert (90g Papier),10,2.79,27.9,1
B01330,Klasse 4 & 11,1057,Textmarker-Set Pastell 6 Farben Stabilo Boss,1,6.99,6.99,1
B01330,Klasse 4 & 11,1044,Fineliner 10er Set Stabilo Point 88,1,7.99,7.99,1
B01330,Klasse 4 & 11,1050,Oxford Collegeblock A4 liniert (90g Papier),10,2.79,27.9,1
B01330,Klasse 4 & 11,1038,Schnellhefter A4 Kunststoff blau,2,0.5,1.0,1
B01330,Klasse 4 & 11,1009,Wachsmalkreiden 12er Set (wasservermalbar),1,6.99,6.99,1
B01330,Klasse 4 & 11,1042,Schnellhefter A4 Kunststoff orange,1,0.5,0.5,1
B01330,Klasse 4 & 11,1015,Radiergummi soft (für Bleistifte),1,0.8,0.8,1
B01330,Klasse 4 & 11,1013,Klebestift Uhu Renature 21g,1,1.89,1.89,1
B01330,Klasse 4 & 11,1011,Bastelschere rund 13cm Rechtshänder,1,2.2,2.2,1
B01330,Klasse 4 & 11,1016,Sammelbox A4 Karton blau,1,2.49,2.49,1
B01330,Klasse 4 & 11,1012,Bastelschere rund 13cm Linkshänder,1,2.2,2.2,1
B01331,Klasse 10,1057,Textmarker-Set Pastell 6 Farben Stabilo Boss,1,6.99,6.99,0
B01331,Klasse 10,1061,Tintenroller Pilot Frixion Ball 0.7 schwarz,5,3.29,16.45,0
B01332,Klasse 9,1042,Schnellhefter A4 Kunststoff orange,3,0.5,1.5,0
B01332,Klasse 9,1041,Schnellhefter A4 Kunststoff gelb,3,0.5,1.5,0
B01332,Klasse 9,1035,Buntstifte 24er Set dreikant,1,8.99,8.99,0
B01333,Klasse 2,1027,Collegeblock A4 kariert (80 Blatt),1,1.79,1.79,0
B01333,Klasse 2,1022,Schreiblern-Füller Lamy ABC,1,14.5,14.5,0
B01333,Klasse 2,1010,Knetmasse 10 Farben,1,3.49,3.49,0
B01333,Klasse 2,1002,Schreiblernheft A4 Lineatur 2 (16 Blatt),5,0.99,4.95,0
B01333,Klasse 2,1007,Schreiblernbleistift Trio Grip (dick),1,1.99,1.99,0
B01334,Klasse 11,1054,Ringbucheinlagen A4 kariert 100 Blatt,10,2.29,22.9,0
B01334,Klasse 11,1037,Lineal 30cm Kunststoff transparent,1,1.1,1.1,0
B01334,Klasse 11,1040,Schnellhefter A4 Kunststoff grün,1,0.5,0.5,0
B01334,Klasse 11,1027,Collegeblock A4 kariert (80 Blatt),1,1.79,1.79,0
B01334,Klasse 11,1015,Radiergummi soft (für Bleistifte),1,0.8,0.8,0
B01335,Klasse 11,1051,Grafikrechner Casio FX-CG50,1,119.0,119.0,0
B01335,Klasse 11,1056,Kugelschreiber Grip 2011 M schwarz,5,4.5,22.5,0
B01336,Klasse 1,1016,Sammelbox A4 Karton blau,5,2.49,12.45,0
B01336,Klasse 1,1001,Schreiblernheft A4 Lineatur 1 (16 Blatt),3,0.99,2.97,0
B01336,Klasse 1,1041,Schnellhefter A4 Kunststoff gelb,1,0.5,0.5,0
B01336,Klasse 1,1017,Zeichenblock A3 (20 Blatt),1,2.49,2.49,0
B01336,Klasse 1,1020,Haarpinsel-Set (Größen 2/6/10),1,3.99,3.99,0
B01336,Klasse 1,1039,Schnellhefter A4 Kunststoff rot,3,0.5,1.5,0
B01336,Klasse 1,1007,Schreiblernbleistift Trio Grip (dick),1,1.99,1.99,0
B01336,Klasse 1,1013,Klebestift Uhu Renature 21g,1,1.89,1.89,0
B01337,Klasse 4,1036,Bleistift HB Grip 2001 Faber-Castell,2,1.5,3.0,0
B01337,Klasse 4,1018,Tuschkasten K12 (12 Farben),1,9.95,9.95,0
B01337,Klasse 4,1011,Bastelschere rund 13cm Rechtshänder,1,2.2,2.2,0
B01337,Klasse 4,1016,Sammelbox A4 Karton blau,2,2.49,4.98,0
B01337,Klasse 4,1032,Tintenpatronen blau T10 (5er Pack),2,1.8,3.6,0
B01337,Klasse 4,1020,Haarpinsel-Set (Größen 2/6/10),1,3.99,3.99,0
B01337,Klasse 4,1014,Doppelanspitzer Dose Trio Grip,1,2.99,2.99,0
B01337,Klasse 4,1008,Buntstifte 12er Set dreikant (dick),1,5.49,5.49,0
B01337,Klasse 4,1015,Radiergummi soft (für Bleistifte),1,0.8,0.8,0
B01338,Klasse 1,1012,Bastelschere rund 13cm Linkshänder,1,2.2,2.2,0
B01338,Klasse 1,1007,Schreiblernbleistift Trio Grip (dick),5,1.99,9.95,0
B01338,Klasse 1,1018,Tuschkasten K12 (12 Farben),1,9.95,9.95,0
B01338,Klasse 1,1005,Rechenheft A4 Lineatur 7 (7x7mm Kästchen),10,0.99,9.9,0
B01338,Klasse 1,1009,Wachsmalkreiden 12er Set (wasservermalbar),1,6.99,6.99,0
B01339,Klasse 5 & 11,1046,Ordner A4 breit 80mm schwarz,5,3.49,17.45,1
B01339,Klasse 5 & 11,1015,Radiergummi soft (für Bleistifte),1,0.8,0.8,1
B01339,Klasse 5 & 11,1056,Kugelschreiber Grip 2011 M schwarz,2,4.5,9.0,1
B01339,Klasse 5 & 11,1059,Karteikarten A7 liniert 100 Stück,1,1.49,1.49,1
B01339,Klasse 5 & 11,1027,Collegeblock A4 kariert (80 Blatt),2,1.79,3.58,1
B01339,Klasse 5 & 11,1026,Vokabelheft A5 Lineatur 53 (32 Blatt),3,1.29,3.87,1
B01339,Klasse 5 & 11,1024,Schulheft A4 liniert Lineatur 21 (16 Blatt),3,0.99,2.97,1
B01339,Klasse 5 & 11,1034,Schulkompass Zirkel Staedtler,1,8.5,8.5,1
B01339,Klasse 5 & 11,1019,Borstenpinsel-Set (Größen 4/8/12),1,3.5,3.5,1
B01339,Klasse 5 & 11,1031,Füllfederhalter Lamy Safari M,1,19.9,19.9,1
B01339,Klasse 5 & 11,1028,Collegeblock A4 liniert (80 Blatt),3,1.79,5.37,1
B01340,Klasse 4,1041,Schnellhefter A4 Kunststoff gelb,2,0.5,1.0,0
B01340,Klasse 4,1016,Sammelbox A4 Karton blau,1,2.49,2.49,0
B01340,Klasse 4,1013,Klebestift Uhu Renature 21g,1,1.89,1.89,0
B01340,Klasse 4,1015,Radiergummi soft (für Bleistifte),1,0.8,0.8,0
B01340,Klasse 4,1033,Tintenkiller Super Pirat (2er Pack),2,2.49,4.98,0
B01340,Klasse 4,1017,Zeichenblock A3 (20 Blatt),1,2.49,2.49,0
B01340,Klasse 4,1004,Schulheft A4 Lineatur 4 (16 Blatt),10,0.99,9.9,0
B01340,Klasse 4,1036,Bleistift HB Grip 2001 Faber-Castell,2,1.5,3.0,0
B01340,Klasse 4,1032,Tintenpatronen blau T10 (5er Pack),2,1.8,3.6,0
B01341,Klasse 5,1031,Füllfederhalter Lamy Safari M,1,19.9,19.9,0
B01341,Klasse 5,1020,Haarpinsel-Set (Größen 2/6/10),1,3.99,3.99,0
B01341,Klasse 5,1040,Schnellhefter A4 Kunststoff grün,1,0.5,0.5,0
B01341,Klasse 5,1036,Bleistift HB Grip 2001 Faber-Castell,1,1.5,1.5,0
B01341,Klasse 5,1028,Collegeblock A4 liniert (80 Blatt),5,1.79,8.95,0
B01341,Klasse 5,1043,Textmarker-Set 4 Farben Stabilo Boss,1,4.99,4.99,0
B01342,Klasse 8,1048,Hausaufgabenheft A5 Classic,1,1.99,1.99,0
B01342,Klasse 8,1025,Schulheft A4 kariert Lineatur 22 (16 Blatt),5,0.99,4.95,0
B01342,Klasse 8,1056,Kugelschreiber Grip 2011 M schwarz,1,4.5,4.5,0
B01342,Klasse 8,1042,Schnellhefter A4 Kunststoff orange,3,0.5,1.5,0
B01342,Klasse 8,1047,Wissenschaftlicher Taschenrechner Casio fx-87DE X,1,24.99,24.99,0
B01342,Klasse 8,1039,Schnellhefter A4 Kunststoff rot,2,0.5,1.0,0
B01342,Klasse 8,1041,Schnellhefter A4 Kunststoff gelb,5,0.5,2.5,0
B01343,Klasse 9,1055,Kugelschreiber Grip 2011 M blau (dokumentenecht),2,4.5,9.0,0
B01343,Klasse 9,1024,Schulheft A4 liniert Lineatur 21 (16 Blatt),3,0.99,2.97,0
B01343,Klasse 9,1057,Textmarker-Set Pastell 6 Farben Stabilo Boss,1,6.99,6.99,0
B01343,Klasse 9,1033,Tintenkiller Super Pirat (2er Pack),2,2.49,4.98,0
B01343,Klasse 9,1010,Knetmasse 10 Farben,1,3.49,3.49,0
B01343,Klasse 9,1031,Füllfederhalter Lamy Safari M,1,19.9,19.9,0
B01344,Klasse 10,1058,Haftnotizen Post-it 76x76mm gelb,1,1.99,1.99,0
B01344,Klasse 10,1043,Textmarker-Set 4 Farben Stabilo Boss,1,4.99,4.99,0
B01344,Klasse 10,1036,Bleistift HB Grip 2001 Faber-Castell,3,1.5,4.5,0
B01345,Klasse 3,1015,Radiergummi soft (für Bleistifte),1,0.8,0.8,0
B01345,Klasse 3,1041,Schnellhefter A4 Kunststoff gelb,5,0.5,2.5,0
B01345,Klasse 3,1017,Zeichenblock A3 (20 Blatt),1,2.49,2.49,0
B01345,Klasse 3,1019,Borstenpinsel-Set (Größen 4/8/12),1,3.5,3.5,0
B01345,Klasse 3,1031,Füllfederhalter Lamy Safari M,1,19.9,19.9,0
B01345,Klasse 3,1032,Tintenpatronen blau T10 (5er Pack),1,1.8,1.8,0
B01346,Klasse 6,1040,Schnellhefter A4 Kunststoff grün,3,0.5,1.5,0
B01346,Klasse 6,1029,Geodreieck 16 cm transparent Aristo,1,1.2,1.2,0
B01346,Klasse 6,1033,Tintenkiller Super Pirat (2er Pack),1,2.49,2.49,0
B01347,Klasse 1,1023,Hausaufgabenheft Grundschule A5,1,1.99,1.99,0
B01347,Klasse 1,1040,Schnellhefter A4 Kunststoff grün,1,0.5,0.5,0
B01347,Klasse 1,1007,Schreiblernbleistift Trio Grip (dick),1,1.99,1.99,0
B01347,Klasse 1,1017,Zeichenblock A3 (20 Blatt),1,2.49,2.49,0
B01347,Klasse 1,1011,Bastelschere rund 13cm Rechtshänder,1,2.2,2.2,0
B01347,Klasse 1,1038,Schnellhefter A4 Kunststoff blau,5,0.5,2.5,0
B01348,Klasse 4,1042,Schnellhefter A4 Kunststoff orange,3,0.5,1.5,0
B01348,Klasse 4,1038,Schnellhefter A4 Kunststoff blau,3,0.5,1.5,0
B01348,Klasse 4,1020,Haarpinsel-Set (Größen 2/6/10),1,3.99,3.99,0
B01348,Klasse 4,1016,Sammelbox A4 Karton blau,1,2.49,2.49,0
B01348,Klasse 4,1032,Tintenpatronen blau T10 (5er Pack),5,1.8,9.0,0
B01348,Klasse 4,1015,Radiergummi soft (für Bleistifte),1,0.8,0.8,0
B01348,Klasse 4,1025,Schulheft A4 kariert Lineatur 22 (16 Blatt),3,0.99,2.97,0
B01349,Klasse 6,1015,Radiergummi soft (für Bleistifte),1,0.8,0.8,0
B01349,Klasse 6,1033,Tintenkiller Super Pirat (2er Pack),2,2.49,4.98,0
B01349,Klasse 6,1026,Vokabelheft A5 Lineatur 53 (32 Blatt),5,1.29,6.45,0
B01349,Klasse 6,1032,Tintenpatronen blau T10 (5er Pack),1,1.8,1.8,0
B01349,Klasse 6,1034,Schulkompass Zirkel Staedtler,1,8.5,8.5,0
B01350,Klasse 11,1027,Collegeblock A4 kariert (80 Blatt),5,1.79,8.95,0
B01350,Klasse 11,1061,Tintenroller Pilot Frixion Ball 0.7 schwarz,1,3.29,3.29,0
B01350,Klasse 11,1030,Geodreieck 22 cm Griff transparent,1,2.1,2.1,0
B01351,Klasse 2,1042,Schnellhefter A4 Kunststoff orange,2,0.5,1.0,0
B01351,Klasse 2,1013,Klebestift Uhu Renature 21g,1,1.89,1.89,0
B01351,Klasse 2,1001,Schreiblernheft A4 Lineatur 1 (16 Blatt),10,0.99,9.9,0
B01351,Klasse 2,1017,Zeichenblock A3 (20 Blatt),1,2.49,2.49,0
B01351,Klasse 2,1020,Haarpinsel-Set (Größen 2/6/10),1,3.99,3.99,0
B01351,Klasse 2,1009,Wachsmalkreiden 12er Set (wasservermalbar),1,6.99,6.99,0
B01352,Klasse 6,1019,Borstenpinsel-Set (Größen 4/8/12),1,3.5,3.5,0
B01352,Klasse 6,1033,Tintenkiller Super Pirat (2er Pack),2,2.49,4.98,0
B01352,Klasse 6,1013,Klebestift Uhu Renature 21g,1,1.89,1.89,0
B01353,Klasse 10,1046,Ordner A4 breit 80mm schwarz,5,3.49,17.45,0
B01353,Klasse 10,1044,Fineliner 10er Set Stabilo Point 88,1,7.99,7.99,0
B01354,Klasse 2 & 6,1011,Bastelschere rund 13cm Rechtshänder,1,2.2,2.2,1
B01354,Klasse 2 & 6,1008,Buntstifte 12er Set dreikant (dick),1,5.49,5.49,1
B01354,Klasse 2 & 6,1042,Schnellhefter A4 Kunststoff orange,3,0.5,1.5,1
B01354,Klasse 2 & 6,1010,Knetmasse 10 Farben,1,3.49,3.49,1
B01354,Klasse 2 & 6,1002,Schreiblernheft A4 Lineatur 2 (16 Blatt),5,0.99,4.95,1
B01354,Klasse 2 & 6,1020,Haarpinsel-Set (Größen 2/6/10),1,3.99,3.99,1
B01354,Klasse 2 & 6,1007,Schreiblernbleistift Trio Grip (dick),2,1.99,3.98,1
B01354,Klasse 2 & 6,1017,Zeichenblock A3 (20 Blatt),1,2.49,2.49,1
B01354,Klasse 2 & 6,1026,Vokabelheft A5 Lineatur 53 (32 Blatt),5,1.29,6.45,1
B01354,Klasse 2 & 6,1038,Schnellhefter A4 Kunststoff blau,2,0.5,1.0,1
B01354,Klasse 2 & 6,1060,Prospekthüllen A4 transparent 100er Pack,1,3.99,3.99,1
B01354,Klasse 2 & 6,1040,Schnellhefter A4 Kunststoff grün,2,0.5,1.0,1
B01354,Klasse 2 & 6,1043,Textmarker-Set 4 Farben Stabilo Boss,1,4.99,4.99,1
B01354,Klasse 2 & 6,1044,Fineliner 10er Set Stabilo Point 88,1,7.99,7.99,1
B01355,Klasse 1,1010,Knetmasse 10 Farben,1,3.49,3.49,0
B01355,Klasse 1,1020,Haarpinsel-Set (Größen 2/6/10),1,3.99,3.99,0
B01355,Klasse 1,1007,Schreiblernbleistift Trio Grip (dick),1,1.99,1.99,0
B01355,Klasse 1,1008,Buntstifte 12er Set dreikant (dick),1,5.49,5.49,0
B01355,Klasse 1,1015,Radiergummi soft (für Bleistifte),1,0.8,0.8,0
B01355,Klasse 1,1018,Tuschkasten K12 (12 Farben),1,9.95,9.95,0
B01356,Klasse 6,1038,Schnellhefter A4 Kunststoff blau,2,0.5,1.0,0
B01356,Klasse 6,1025,Schulheft A4 kariert Lineatur 22 (16 Blatt),3,0.99,2.97,0
B01356,Klasse 6,1039,Schnellhefter A4 Kunststoff rot,3,0.5,1.5,0
B01356,Klasse 6,1029,Geodreieck 16 cm transparent Aristo,1,1.2,1.2,0
B01356,Klasse 6,1018,Tuschkasten K12 (12 Farben),1,9.95,9.95,0
B01357,Klasse 2,1042,Schnellhefter A4 Kunststoff orange,2,0.5,1.0,0
B01357,Klasse 2,1040,Schnellhefter A4 Kunststoff grün,2,0.5,1.0,0
B01357,Klasse 2,1002,Schreiblernheft A4 Lineatur 2 (16 Blatt),2,0.99,1.98,0
B01357,Klasse 2,1039,Schnellhefter A4 Kunststoff rot,2,0.5,1.0,0
B01358,Klasse 11,1045,Ringbuch A4 schmal 25mm,3,2.99,8.97,0
B01358,Klasse 11,1030,Geodreieck 22 cm Griff transparent,1,2.1,2.1,0
B01358,Klasse 11,1029,Geodreieck 16 cm transparent Aristo,1,1.2,1.2,0
B01359,Klasse 1,1038,Schnellhefter A4 Kunststoff blau,1,0.5,0.5,0
B01359,Klasse 1,1030,Geodreieck 22 cm Griff transparent,1,2.1,2.1,0
B01359,Klasse 1,1005,Rechenheft A4 Lineatur 7 (7x7mm Kästchen),5,0.99,4.95,0
B01359,Klasse 1,1018,Tuschkasten K12 (12 Farben),1,9.95,9.95,0
B01359,Klasse 1,1015,Radiergummi soft (für Bleistifte),1,0.8,0.8,0
B01359,Klasse 1,1022,Schreiblern-Füller Lamy ABC,1,14.5,14.5,0
B01359,Klasse 1,1019,Borstenpinsel-Set (Größen 4/8/12),1,3.5,3.5,0
B01359,Klasse 1,1007,Schreiblernbleistift Trio Grip (dick),2,1.99,3.98,0
B01359,Klasse 1,1009,Wachsmalkreiden 12er Set (wasservermalbar),1,6.99,6.99,0
B01360,Klasse 10,1043,Textmarker-Set 4 Farben Stabilo Boss,1,4.99,4.99,0
B01360,Klasse 10,1059,Karteikarten A7 liniert 100 Stück,1,1.49,1.49,0
B01361,Klasse 8 & 11,1038,Schnellhefter A4 Kunststoff blau,2,0.5,1.0,1
B01361,Klasse 8 & 11,1024,Schulheft A4 liniert Lineatur 21 (16 Blatt),2,0.99,1.98,1
B01361,Klasse 8 & 11,1015,Radiergummi soft (für Bleistifte),1,0.8,0.8,1
B01361,Klasse 8 & 11,1058,Haftnotizen Post-it 76x76mm gelb,1,1.99,1.99,1
B01361,Klasse 8 & 11,1034,Schulkompass Zirkel Staedtler,1,8.5,8.5,1
B01361,Klasse 8 & 11,1044,Fineliner 10er Set Stabilo Point 88,1,7.99,7.99,1
B01361,Klasse 8 & 11,1061,Tintenroller Pilot Frixion Ball 0.7 schwarz,5,3.29,16.45,1
B01361,Klasse 8 & 11,1029,Geodreieck 16 cm transparent Aristo,1,1.2,1.2,1
B01361,Klasse 8 & 11,1027,Collegeblock A4 kariert (80 Blatt),3,1.79,5.37,1
B01361,Klasse 8 & 11,1042,Schnellhefter A4 Kunststoff orange,2,0.5,1.0,1
B01362,Klasse 4,1012,Bastelschere rund 13cm Linkshänder,1,2.2,2.2,0
B01362,Klasse 4,1019,Borstenpinsel-Set (Größen 4/8/12),1,3.5,3.5,0
B01362,Klasse 4,1042,Schnellhefter A4 Kunststoff orange,2,0.5,1.0,0
B01362,Klasse 4,1033,Tintenkiller Super Pirat (2er Pack),2,2.49,4.98,0
B01362,Klasse 4,1037,Lineal 30cm Kunststoff transparent,1,1.1,1.1,0
B01362,Klasse 4,1040,Schnellhefter A4 Kunststoff grün,3,0.5,1.5,0
B01362,Klasse 4,1006,Rechenheft A4 Lineatur 8 (5x5mm Kästchen),5,0.99,4.95,0
B01362,Klasse 4,1023,Hausaufgabenheft Grundschule A5,1,1.99,1.99,0
B01362,Klasse 4,1011,Bastelschere rund 13cm Rechtshänder,1,2.2,2.2,0
B01363,Klasse 1,1016,Sammelbox A4 Karton blau,2,2.49,4.98,0
B01363,Klasse 1,1008,Buntstifte 12er Set dreikant (dick),1,5.49,5.49,0
B01363,Klasse 1,1011,Bastelschere rund 13cm Rechtshänder,1,2.2,2.2,0
B01363,Klasse 1,1005,Rechenheft A4 Lineatur 7 (7x7mm Kästchen),10,0.99,9.9,0
B01363,Klasse 1,1009,Wachsmalkreiden 12er Set (wasservermalbar),1,6.99,6.99,0
B01364,Klasse 4 & 11,1015,Radiergummi soft (für Bleistifte),1,0.8,0.8,1
B01364,Klasse 4 & 11,1027,Collegeblock A4 kariert (80 Blatt),2,1.79,3.58,1
B01364,Klasse 4 & 11,1028,Collegeblock A4 liniert (80 Blatt),3,1.79,5.37,1
B01364,Klasse 4 & 11,1051,Grafikrechner Casio FX-CG50,1,119.0,119.0,1
B01364,Klasse 4 & 11,1011,Bastelschere rund 13cm Rechtshänder,1,2.2,2.2,1
B01364,Klasse 4 & 11,1038,Schnellhefter A4 Kunststoff blau,3,0.5,1.5,1
B01364,Klasse 4 & 11,1031,Füllfederhalter Lamy Safari M,1,19.9,19.9,1
B01364,Klasse 4 & 11,1036,Bleistift HB Grip 2001 Faber-Castell,2,1.5,3.0,1
B01364,Klasse 4 & 11,1023,Hausaufgabenheft Grundschule A5,1,1.99,1.99,1
B01365,Klasse 8,1043,Textmarker-Set 4 Farben Stabilo Boss,1,4.99,4.99,0
B01365,Klasse 8,1055,Kugelschreiber Grip 2011 M blau (dokumentenecht),2,4.5,9.0,0
B01365,Klasse 8,1040,Schnellhefter A4 Kunststoff grün,3,0.5,1.5,0
B01365,Klasse 8,1047,Wissenschaftlicher Taschenrechner Casio fx-87DE X,1,24.99,24.99,0
B01365,Klasse 8,1042,Schnellhefter A4 Kunststoff orange,2,0.5,1.0,0
B01365,Klasse 8,1024,Schulheft A4 liniert Lineatur 21 (16 Blatt),5,0.99,4.95,0
B01366,Klasse 10,1040,Schnellhefter A4 Kunststoff grün,2,0.5,1.0,0
B01366,Klasse 10,1054,Ringbucheinlagen A4 kariert 100 Blatt,3,2.29,6.87,0
B01366,Klasse 10,1039,Schnellhefter A4 Kunststoff rot,2,0.5,1.0,0
B01366,Klasse 10,1036,Bleistift HB Grip 2001 Faber-Castell,2,1.5,3.0,0
B01367,Klasse 3,1008,Buntstifte 12er Set dreikant (dick),1,5.49,5.49,0
B01367,Klasse 3,1032,Tintenpatronen blau T10 (5er Pack),2,1.8,3.6,0
B01367,Klasse 3,1020,Haarpinsel-Set (Größen 2/6/10),1,3.99,3.99,0
B01367,Klasse 3,1012,Bastelschere rund 13cm Linkshänder,1,2.2,2.2,0
B01367,Klasse 3,1015,Radiergummi soft (für Bleistifte),1,0.8,0.8,0
B01367,Klasse 3,1009,Wachsmalkreiden 12er Set (wasservermalbar),1,6.99,6.99,0
B01367,Klasse 3,1039,Schnellhefter A4 Kunststoff rot,3,0.5,1.5,0
B01368,Klasse 1 & 6,1005,Rechenheft A4 Lineatur 7 (7x7mm Kästchen),5,0.99,4.95,1
B01368,Klasse 1 & 6,1039,Schnellhefter A4 Kunststoff rot,1,0.5,0.5,1
B01368,Klasse 1 & 6,1012,Bastelschere rund 13cm Linkshänder,1,2.2,2.2,1
B01368,Klasse 1 & 6,1018,Tuschkasten K12 (12 Farben),1,9.95,9.95,1
B01368,Klasse 1 & 6,1011,Bastelschere rund 13cm Rechtshänder,1,2.2,2.2,1
B01368,Klasse 1 & 6,1009,Wachsmalkreiden 12er Set (wasservermalbar),1,6.99,6.99,1
B01368,Klasse 1 & 6,1008,Buntstifte 12er Set dreikant (dick),1,5.49,5.49,1
B01368,Klasse 1 & 6,1013,Klebestift Uhu Renature 21g,1,1.89,1.89,1
B01368,Klasse 1 & 6,1059,Karteikarten A7 liniert 100 Stück,1,1.49,1.49,1
B01368,Klasse 1 & 6,1027,Collegeblock A4 kariert (80 Blatt),3,1.79,5.37,1
B01368,Klasse 1 & 6,1019,Borstenpinsel-Set (Größen 4/8/12),1,3.5,3.5,1
B01368,Klasse 1 & 6,1048,Hausaufgabenheft A5 Classic,1,1.99,1.99,1
B01368,Klasse 1 & 6,1026,Vokabelheft A5 Lineatur 53 (32 Blatt),3,1.29,3.87,1
B01368,Klasse 1 & 6,1024,Schulheft A4 liniert Lineatur 21 (16 Blatt),3,0.99,2.97,1
B01369,Klasse 6,1029,Geodreieck 16 cm transparent Aristo,1,1.2,1.2,0
B01369,Klasse 6,1039,Schnellhefter A4 Kunststoff rot,1,0.5,0.5,0
B01369,Klasse 6,1048,Hausaufgabenheft A5 Classic,1,1.99,1.99,0
B01369,Klasse 6,1041,Schnellhefter A4 Kunststoff gelb,2,0.5,1.0,0
B01369,Klasse 6,1032,Tintenpatronen blau T10 (5er Pack),3,1.8,5.4,0
B01370,Klasse 12,1030,Geodreieck 22 cm Griff transparent,1,2.1,2.1,0
B01370,Klasse 12,1055,Kugelschreiber Grip 2011 M blau (dokumentenecht),2,4.5,9.0,0
B01370,Klasse 12,1028,Collegeblock A4 liniert (80 Blatt),1,1.79,1.79,0
B01370,Klasse 12,1053,Ringbucheinlagen A4 liniert 100 Blatt,2,2.29,4.58,0
B01371,Klasse 9,1017,Zeichenblock A3 (20 Blatt),1,2.49,2.49,0
B01371,Klasse 9,1018,Tuschkasten K12 (12 Farben),1,9.95,9.95,0
B01371,Klasse 9,1059,Karteikarten A7 liniert 100 Stück,1,1.49,1.49,0
B01371,Klasse 9,1055,Kugelschreiber Grip 2011 M blau (dokumentenecht),1,4.5,4.5,0
B01371,Klasse 9,1056,Kugelschreiber Grip 2011 M schwarz,2,4.5,9.0,0
B01372,Klasse 4,1042,Schnellhefter A4 Kunststoff orange,3,0.5,1.5,0
B01372,Klasse 4,1006,Rechenheft A4 Lineatur 8 (5x5mm Kästchen),5,0.99,4.95,0
B01372,Klasse 4,1016,Sammelbox A4 Karton blau,2,2.49,4.98,0
B01372,Klasse 4,1015,Radiergummi soft (für Bleistifte),1,0.8,0.8,0
B01372,Klasse 4,1017,Zeichenblock A3 (20 Blatt),1,2.49,2.49,0
B01372,Klasse 4,1011,Bastelschere rund 13cm Rechtshänder,1,2.2,2.2,0
B01372,Klasse 4,1023,Hausaufgabenheft Grundschule A5,1,1.99,1.99,0
B01372,Klasse 4,1020,Haarpinsel-Set (Größen 2/6/10),1,3.99,3.99,0
B01372,Klasse 4,1012,Bastelschere rund 13cm Linkshänder,1,2.2,2.2,0
B01373,Klasse 8,1044,Fineliner 10er Set Stabilo Point 88,1,7.99,7.99,0
B01373,Klasse 8,1019,Borstenpinsel-Set (Größen 4/8/12),1,3.5,3.5,0
B01373,Klasse 8,1029,Geodreieck 16 cm transparent Aristo,1,1.2,1.2,0
B01374,Klasse 10,1044,Fineliner 10er Set Stabilo Point 88,1,7.99,7.99,0
B01374,Klasse 10,1057,Textmarker-Set Pastell 6 Farben Stabilo Boss,1,6.99,6.99,0
B01374,Klasse 10,1045,Ringbuch A4 schmal 25mm,3,2.99,8.97,0
B01374,Klasse 10,1040,Schnellhefter A4 Kunststoff grün,2,0.5,1.0,0
B01375,Klasse 10 & 11,1044,Fineliner 10er Set Stabilo Point 88,1,7.99,7.99,1
B01375,Klasse 10 & 11,1054,Ringbucheinlagen A4 kariert 100 Blatt,2,2.29,4.58,1
B01375,Klasse 10 & 11,1055,Kugelschreiber Grip 2011 M blau (dokumentenecht),1,4.5,4.5,1
B01375,Klasse 10 & 11,1034,Schulkompass Zirkel Staedtler,1,8.5,8.5,1
B01375,Klasse 10 & 11,1052,Formelsammlung Mathematik/Physik/Chemie Duden,1,12.99,12.99,1
B01375,Klasse 10 & 11,1042,Schnellhefter A4 Kunststoff orange,2,0.5,1.0,1
B01376,Klasse 11,1030,Geodreieck 22 cm Griff transparent,1,2.1,2.1,0
B01376,Klasse 11,1054,Ringbucheinlagen A4 kariert 100 Blatt,3,2.29,6.87,0
B01376,Klasse 11,1027,Collegeblock A4 kariert (80 Blatt),5,1.79,8.95,0
B01376,Klasse 11,1058,Haftnotizen Post-it 76x76mm gelb,1,1.99,1.99,0
B01376,Klasse 11,1044,Fineliner 10er Set Stabilo Point 88,1,7.99,7.99,0
B01377,Klasse 3,1042,Schnellhefter A4 Kunststoff orange,3,0.5,1.5,0
B01377,Klasse 3,1009,Wachsmalkreiden 12er Set (wasservermalbar),1,6.99,6.99,0
B01377,Klasse 3,1022,Schreiblern-Füller Lamy ABC,1,14.5,14.5,0
B01377,Klasse 3,1002,Schreiblernheft A4 Lineatur 2 (16 Blatt),3,0.99,2.97,0
B01378,Klasse 2 & 8,1042,Schnellhefter A4 Kunststoff orange,2,0.5,1.0,1
B01378,Klasse 2 & 8,1027,Collegeblock A4 kariert (80 Blatt),5,1.79,8.95,1
B01378,Klasse 2 & 8,1047,Wissenschaftlicher Taschenrechner Casio fx-87DE X,1,24.99,24.99,1
B01378,Klasse 2 & 8,1025,Schulheft A4 kariert Lineatur 22 (16 Blatt),1,0.99,0.99,1
B01378,Klasse 2 & 8,1021,Knete-Unterlage Kunststoff A3,1,1.99,1.99,1
B01378,Klasse 2 & 8,1012,Bastelschere rund 13cm Linkshänder,1,2.2,2.2,1
B01378,Klasse 2 & 8,1008,Buntstifte 12er Set dreikant (dick),1,5.49,5.49,1
B01378,Klasse 2 & 8,1005,Rechenheft A4 Lineatur 7 (7x7mm Kästchen),2,0.99,1.98,1
B01378,Klasse 2 & 8,1023,Hausaufgabenheft Grundschule A5,1,1.99,1.99,1
B01378,Klasse 2 & 8,1007,Schreiblernbleistift Trio Grip (dick),1,1.99,1.99,1
B01378,Klasse 2 & 8,1014,Doppelanspitzer Dose Trio Grip,1,2.99,2.99,1
B01378,Klasse 2 & 8,1015,Radiergummi soft (für Bleistifte),1,0.8,0.8,1
B01379,Klasse 12,1058,Haftnotizen Post-it 76x76mm gelb,1,1.99,1.99,0
B01379,Klasse 12,1051,Grafikrechner Casio FX-CG50,1,119.0,119.0,0
B01379,Klasse 12,1027,Collegeblock A4 kariert (80 Blatt),5,1.79,8.95,0
B01379,Klasse 12,1061,Tintenroller Pilot Frixion Ball 0.7 schwarz,3,3.29,9.87,0
B01380,Klasse 4,1025,Schulheft A4 kariert Lineatur 22 (16 Blatt),5,0.99,4.95,0
B01380,Klasse 4,1039,Schnellhefter A4 Kunststoff rot,3,0.5,1.5,0
B01380,Klasse 4,1020,Haarpinsel-Set (Größen 2/6/10),1,3.99,3.99,0
B01380,Klasse 4,1023,Hausaufgabenheft Grundschule A5,1,1.99,1.99,0
B01380,Klasse 4,1040,Schnellhefter A4 Kunststoff grün,3,0.5,1.5,0
B01381,Klasse 5,1011,Bastelschere rund 13cm Rechtshänder,1,2.2,2.2,0
B01381,Klasse 5,1020,Haarpinsel-Set (Größen 2/6/10),1,3.99,3.99,0
B01381,Klasse 5,1045,Ringbuch A4 schmal 25mm,2,2.99,5.98,0
B01381,Klasse 5,1015,Radiergummi soft (für Bleistifte),1,0.8,0.8,0
B01381,Klasse 5,1044,Fineliner 10er Set Stabilo Point 88,1,7.99,7.99,0
B01382,Klasse 3,1041,Schnellhefter A4 Kunststoff gelb,3,0.5,1.5,0
B01382,Klasse 3,1008,Buntstifte 12er Set dreikant (dick),1,5.49,5.49,0
B01382,Klasse 3,1002,Schreiblernheft A4 Lineatur 2 (16 Blatt),3,0.99,2.97,0
B01382,Klasse 3,1039,Schnellhefter A4 Kunststoff rot,1,0.5,0.5,0
B01383,Klasse 12,1052,Formelsammlung Mathematik/Physik/Chemie Duden,1,12.99,12.99,0
B01383,Klasse 12,1043,Textmarker-Set 4 Farben Stabilo Boss,1,4.99,4.99,0
B01383,Klasse 12,1044,Fineliner 10er Set Stabilo Point 88,1,7.99,7.99,0
B01384,Klasse 1 & 10,1021,Knete-Unterlage Kunststoff A3,1,1.99,1.99,1
B01384,Klasse 1 & 10,1011,Bastelschere rund 13cm Rechtshänder,1,2.2,2.2,1
B01384,Klasse 1 & 10,1009,Wachsmalkreiden 12er Set (wasservermalbar),1,6.99,6.99,1
B01384,Klasse 1 & 10,1023,Hausaufgabenheft Grundschule A5,1,1.99,1.99,1
B01384,Klasse 1 & 10,1012,Bastelschere rund 13cm Linkshänder,1,2.2,2.2,1
B01384,Klasse 1 & 10,1040,Schnellhefter A4 Kunststoff grün,1,0.5,0.5,1
B01384,Klasse 1 & 10,1058,Haftnotizen Post-it 76x76mm gelb,1,1.99,1.99,1
B01384,Klasse 1 & 10,1053,Ringbucheinlagen A4 liniert 100 Blatt,2,2.29,4.58,1
B01384,Klasse 1 & 10,1055,Kugelschreiber Grip 2011 M blau (dokumentenecht),2,4.5,9.0,1
B01385,Klasse 10,1044,Fineliner 10er Set Stabilo Point 88,1,7.99,7.99,0
B01385,Klasse 10,1059,Karteikarten A7 liniert 100 Stück,1,1.49,1.49,0
B01385,Klasse 10,1053,Ringbucheinlagen A4 liniert 100 Blatt,3,2.29,6.87,0
B01385,Klasse 10,1054,Ringbucheinlagen A4 kariert 100 Blatt,1,2.29,2.29,0
B01386,Klasse 8 & 10,1042,Schnellhefter A4 Kunststoff orange,3,0.5,1.5,1
B01386,Klasse 8 & 10,1041,Schnellhefter A4 Kunststoff gelb,5,0.5,2.5,1
B01386,Klasse 8 & 10,1038,Schnellhefter A4 Kunststoff blau,3,0.5,1.5,1
B01386,Klasse 8 & 10,1061,Tintenroller Pilot Frixion Ball 0.7 schwarz,5,3.29,16.45,1
B01386,Klasse 8 & 10,1026,Vokabelheft A5 Lineatur 53 (32 Blatt),10,1.29,12.9,1
B01386,Klasse 8 & 10,1056,Kugelschreiber Grip 2011 M schwarz,1,4.5,4.5,1
B01386,Klasse 8 & 10,1037,Lineal 30cm Kunststoff transparent,1,1.1,1.1,1
B01387,Klasse 7,1030,Geodreieck 22 cm Griff transparent,1,2.1,2.1,0
B01387,Klasse 7,1039,Schnellhefter A4 Kunststoff rot,2,0.5,1.0,0
B01387,Klasse 7,1035,Buntstifte 24er Set dreikant,1,8.99,8.99,0
B01387,Klasse 7,1018,Tuschkasten K12 (12 Farben),1,9.95,9.95,0
B01388,Klasse 3,1031,Füllfederhalter Lamy Safari M,1,19.9,19.9,0
B01388,Klasse 3,1019,Borstenpinsel-Set (Größen 4/8/12),1,3.5,3.5,0
B01388,Klasse 3,1013,Klebestift Uhu Renature 21g,1,1.89,1.89,0
B01388,Klasse 3,1020,Haarpinsel-Set (Größen 2/6/10),1,3.99,3.99,0
B01388,Klasse 3,1008,Buntstifte 12er Set dreikant (dick),1,5.49,5.49,0
B01388,Klasse 3,1014,Doppelanspitzer Dose Trio Grip,1,2.99,2.99,0
B01389,Klasse 11,1061,Tintenroller Pilot Frixion Ball 0.7 schwarz,2,3.29,6.58,0
B01389,Klasse 11,1055,Kugelschreiber Grip 2011 M blau (dokumentenecht),2,4.5,9.0,0
B01389,Klasse 11,1058,Haftnotizen Post-it 76x76mm gelb,1,1.99,1.99,0
B01389,Klasse 11,1027,Collegeblock A4 kariert (80 Blatt),1,1.79,1.79,0
B01389,Klasse 11,1030,Geodreieck 22 cm Griff transparent,1,2.1,2.1,0
B01390,Klasse 4,1036,Bleistift HB Grip 2001 Faber-Castell,1,1.5,1.5,0
B01390,Klasse 4,1018,Tuschkasten K12 (12 Farben),1,9.95,9.95,0
B01390,Klasse 4,1041,Schnellhefter A4 Kunststoff gelb,3,0.5,1.5,0
B01390,Klasse 4,1045,Ringbuch A4 schmal 25mm,2,2.99,5.98,0
B01390,Klasse 4,1011,Bastelschere rund 13cm Rechtshänder,1,2.2,2.2,0
B01390,Klasse 4,1035,Buntstifte 24er Set dreikant,1,8.99,8.99,0
B01391,Klasse 8,1015,Radiergummi soft (für Bleistifte),1,0.8,0.8,0
B01391,Klasse 8,1019,Borstenpinsel-Set (Größen 4/8/12),1,3.5,3.5,0
B01391,Klasse 8,1041,Schnellhefter A4 Kunststoff gelb,2,0.5,1.0,0
B01391,Klasse 8,1026,Vokabelheft A5 Lineatur 53 (32 Blatt),2,1.29,2.58,0
B01392,Klasse 6,1019,Borstenpinsel-Set (Größen 4/8/12),1,3.5,3.5,0
B01392,Klasse 6,1031,Füllfederhalter Lamy Safari M,1,19.9,19.9,0
B01392,Klasse 6,1024,Schulheft A4 liniert Lineatur 21 (16 Blatt),3,0.99,2.97,0
B01392,Klasse 6,1042,Schnellhefter A4 Kunststoff orange,2,0.5,1.0,0
B01393,Klasse 5,1040,Schnellhefter A4 Kunststoff grün,1,0.5,0.5,0
B01393,Klasse 5,1018,Tuschkasten K12 (12 Farben),1,9.95,9.95,0
B01393,Klasse 5,1035,Buntstifte 24er Set dreikant,1,8.99,8.99,0
B01393,Klasse 5,1015,Radiergummi soft (für Bleistifte),1,0.8,0.8,0
B01393,Klasse 5,1024,Schulheft A4 liniert Lineatur 21 (16 Blatt),5,0.99,4.95,0
B01393,Klasse 5,1029,Geodreieck 16 cm transparent Aristo,1,1.2,1.2,0
B01394,Klasse 10,1058,Haftnotizen Post-it 76x76mm gelb,1,1.99,1.99,0
B01394,Klasse 10,1059,Karteikarten A7 liniert 100 Stück,1,1.49,1.49,0
B01394,Klasse 10,1024,Schulheft A4 liniert Lineatur 21 (16 Blatt),10,0.99,9.9,0
B01394,Klasse 10,1050,Oxford Collegeblock A4 liniert (90g Papier),1,2.79,2.79,0
B01395,Klasse 9,1059,Karteikarten A7 liniert 100 Stück,1,1.49,1.49,0
B01395,Klasse 9,1019,Borstenpinsel-Set (Größen 4/8/12),1,3.5,3.5,0
B01395,Klasse 9,1043,Textmarker-Set 4 Farben Stabilo Boss,1,4.99,4.99,0
B01396,Klasse 7,1033,Tintenkiller Super Pirat (2er Pack),2,2.49,4.98,0
B01396,Klasse 7,1041,Schnellhefter A4 Kunststoff gelb,2,0.5,1.0,0
B01396,Klasse 7,1017,Zeichenblock A3 (20 Blatt),1,2.49,2.49,0
B01396,Klasse 7,1042,Schnellhefter A4 Kunststoff orange,2,0.5,1.0,0
B01396,Klasse 7,1015,Radiergummi soft (für Bleistifte),1,0.8,0.8,0
B01397,Klasse 7,1046,Ordner A4 breit 80mm schwarz,3,3.49,10.47,0
B01397,Klasse 7,1045,Ringbuch A4 schmal 25mm,5,2.99,14.95,0
B01397,Klasse 7,1047,Wissenschaftlicher Taschenrechner Casio fx-87DE X,1,24.99,24.99,0
B01397,Klasse 7,1048,Hausaufgabenheft A5 Classic,1,1.99,1.99,0
B01398,Klasse 10,1028,Collegeblock A4 liniert (80 Blatt),3,1.79,5.37,0
B01398,Klasse 10,1053,Ringbucheinlagen A4 liniert 100 Blatt,5,2.29,11.45,0
B01398,Klasse 10,1047,Wissenschaftlicher Taschenrechner Casio fx-87DE X,1,24.99,24.99,0
B01398,Klasse 10,1059,Karteikarten A7 liniert 100 Stück,1,1.49,1.49,0
B01399,Klasse 6 & 9,1041,Schnellhefter A4 Kunststoff gelb,3,0.5,1.5,1
B01399,Klasse 6 & 9,1051,Grafikrechner Casio FX-CG50,1,119.0,119.0,1
B01399,Klasse 6 & 9,1029,Geodreieck 16 cm transparent Aristo,1,1.2,1.2,1
B01399,Klasse 6 & 9,1017,Zeichenblock A3 (20 Blatt),1,2.49,2.49,1
B01399,Klasse 6 & 9,1033,Tintenkiller Super Pirat (2er Pack),2,2.49,4.98,1
B01399,Klasse 6 & 9,1059,Karteikarten A7 liniert 100 Stück,1,1.49,1.49,1
B01399,Klasse 6 & 9,1061,Tintenroller Pilot Frixion Ball 0.7 schwarz,2,3.29,6.58,1
B01399,Klasse 6 & 9,1038,Schnellhefter A4 Kunststoff blau,2,0.5,1.0,1
B01399,Klasse 6 & 9,1031,Füllfederhalter Lamy Safari M,1,19.9,19.9,1
B01400,Klasse 6,1017,Zeichenblock A3 (20 Blatt),1,2.49,2.49,0
B01400,Klasse 6,1038,Schnellhefter A4 Kunststoff blau,3,0.5,1.5,0
B01400,Klasse 6,1015,Radiergummi soft (für Bleistifte),1,0.8,0.8,0
B01400,Klasse 6,1013,Klebestift Uhu Renature 21g,1,1.89,1.89,0
B01400,Klasse 6,1042,Schnellhefter A4 Kunststoff orange,5,0.5,2.5,0
B01400,Klasse 6,1036,Bleistift HB Grip 2001 Faber-Castell,1,1.5,1.5,0
B01400,Klasse 6,1026,Vokabelheft A5 Lineatur 53 (32 Blatt),10,1.29,12.9,0
B01401,Klasse 8,1026,Vokabelheft A5 Lineatur 53 (32 Blatt),5,1.29,6.45,0
B01401,Klasse 8,1034,Schulkompass Zirkel Staedtler,1,8.5,8.5,0
B01401,Klasse 8,1061,Tintenroller Pilot Frixion Ball 0.7 schwarz,2,3.29,6.58,0
B01402,Klasse 5 & 8,1045,Ringbuch A4 schmal 25mm,2,2.99,5.98,1
B01402,Klasse 5 & 8,1041,Schnellhefter A4 Kunststoff gelb,3,0.5,1.5,1
B01402,Klasse 5 & 8,1015,Radiergummi soft (für Bleistifte),1,0.8,0.8,1
B01402,Klasse 5 & 8,1019,Borstenpinsel-Set (Größen 4/8/12),1,3.5,3.5,1
B01402,Klasse 5 & 8,1040,Schnellhefter A4 Kunststoff grün,3,0.5,1.5,1
B01402,Klasse 5 & 8,1060,Prospekthüllen A4 transparent 100er Pack,1,3.99,3.99,1
B01402,Klasse 5 & 8,1024,Schulheft A4 liniert Lineatur 21 (16 Blatt),10,0.99,9.9,1
B01402,Klasse 5 & 8,1046,Ordner A4 breit 80mm schwarz,2,3.49,6.98,1
B01402,Klasse 5 & 8,1018,Tuschkasten K12 (12 Farben),1,9.95,9.95,1
B01403,Klasse 7,1029,Geodreieck 16 cm transparent Aristo,1,1.2,1.2,0
B01403,Klasse 7,1019,Borstenpinsel-Set (Größen 4/8/12),1,3.5,3.5,0
B01403,Klasse 7,1039,Schnellhefter A4 Kunststoff rot,2,0.5,1.0,0
B01403,Klasse 7,1040,Schnellhefter A4 Kunststoff grün,1,0.5,0.5,0
B01403,Klasse 7,1036,Bleistift HB Grip 2001 Faber-Castell,3,1.5,4.5,0
B01404,Klasse 1,1005,Rechenheft A4 Lineatur 7 (7x7mm Kästchen),2,0.99,1.98,0
B01404,Klasse 1,1039,Schnellhefter A4 Kunststoff rot,3,0.5,1.5,0
B01404,Klasse 1,1017,Zeichenblock A3 (20 Blatt),1,2.49,2.49,0
B01404,Klasse 1,1023,Hausaufgabenheft Grundschule A5,1,1.99,1.99,0
B01404,Klasse 1,1010,Knetmasse 10 Farben,1,3.49,3.49,0
B01404,Klasse 1,1014,Doppelanspitzer Dose Trio Grip,1,2.99,2.99,0
B01404,Klasse 1,1009,Wachsmalkreiden 12er Set (wasservermalbar),1,6.99,6.99,0
B01404,Klasse 1,1011,Bastelschere rund 13cm Rechtshänder,1,2.2,2.2,0
B01405,Klasse 5,1046,Ordner A4 breit 80mm schwarz,1,3.49,3.49,0
B01405,Klasse 5,1039,Schnellhefter A4 Kunststoff rot,2,0.5,1.0,0
B01405,Klasse 5,1040,Schnellhefter A4 Kunststoff grün,3,0.5,1.5,0
B01405,Klasse 5,1014,Doppelanspitzer Dose Trio Grip,1,2.99,2.99,0
B01405,Klasse 5,1032,Tintenpatronen blau T10 (5er Pack),1,1.8,1.8,0
B01406,Klasse 7,1044,Fineliner 10er Set Stabilo Point 88,1,7.99,7.99,0
B01406,Klasse 7,1024,Schulheft A4 liniert Lineatur 21 (16 Blatt),2,0.99,1.98,0
B01406,Klasse 7,1028,Collegeblock A4 liniert (80 Blatt),10,1.79,17.9,0
B01406,Klasse 7,1039,Schnellhefter A4 Kunststoff rot,2,0.5,1.0,0
B01406,Klasse 7,1015,Radiergummi soft (für Bleistifte),1,0.8,0.8,0
B01406,Klasse 7,1059,Karteikarten A7 liniert 100 Stück,1,1.49,1.49,0
B01406,Klasse 7,1042,Schnellhefter A4 Kunststoff orange,3,0.5,1.5,0
B01407,Klasse 12,1046,Ordner A4 breit 80mm schwarz,1,3.49,3.49,0
B01407,Klasse 12,1050,Oxford Collegeblock A4 liniert (90g Papier),5,2.79,13.95,0
B01407,Klasse 12,1029,Geodreieck 16 cm transparent Aristo,1,1.2,1.2,0
B01407,Klasse 12,1055,Kugelschreiber Grip 2011 M blau (dokumentenecht),1,4.5,4.5,0
B01408,Klasse 1 & 6,1040,Schnellhefter A4 Kunststoff grün,5,0.5,2.5,1
B01408,Klasse 1 & 6,1013,Klebestift Uhu Renature 21g,1,1.89,1.89,1
B01408,Klasse 1 & 6,1020,Haarpinsel-Set (Größen 2/6/10),1,3.99,3.99,1
B01408,Klasse 1 & 6,1045,Ringbuch A4 schmal 25mm,2,2.99,5.98,1
B01408,Klasse 1 & 6,1060,Prospekthüllen A4 transparent 100er Pack,1,3.99,3.99,1
B01408,Klasse 1 & 6,1027,Collegeblock A4 kariert (80 Blatt),3,1.79,5.37,1
B01408,Klasse 1 & 6,1059,Karteikarten A7 liniert 100 Stück,1,1.49,1.49,1
B01408,Klasse 1 & 6,1038,Schnellhefter A4 Kunststoff blau,2,0.5,1.0,1
B01408,Klasse 1 & 6,1012,Bastelschere rund 13cm Linkshänder,1,2.2,2.2,1
B01408,Klasse 1 & 6,1009,Wachsmalkreiden 12er Set (wasservermalbar),1,6.99,6.99,1
B01409,Klasse 6,1028,Collegeblock A4 liniert (80 Blatt),3,1.79,5.37,0
B01409,Klasse 6,1025,Schulheft A4 kariert Lineatur 22 (16 Blatt),5,0.99,4.95,0
B01409,Klasse 6,1031,Füllfederhalter Lamy Safari M,1,19.9,19.9,0
B01409,Klasse 6,1046,Ordner A4 breit 80mm schwarz,2,3.49,6.98,0
B01409,Klasse 6,1037,Lineal 30cm Kunststoff transparent,1,1.1,1.1,0
B01410,Klasse 6,1041,Schnellhefter A4 Kunststoff gelb,2,0.5,1.0,0
B01410,Klasse 6,1017,Zeichenblock A3 (20 Blatt),1,2.49,2.49,0
B01410,Klasse 6,1045,Ringbuch A4 schmal 25mm,2,2.99,5.98,0
B01411,Klasse 11,1046,Ordner A4 breit 80mm schwarz,2,3.49,6.98,0
B01411,Klasse 11,1029,Geodreieck 16 cm transparent Aristo,1,1.2,1.2,0
B01411,Klasse 11,1036,Bleistift HB Grip 2001 Faber-Castell,1,1.5,1.5,0
B01411,Klasse 11,1061,Tintenroller Pilot Frixion Ball 0.7 schwarz,3,3.29,9.87,0
B01411,Klasse 11,1028,Collegeblock A4 liniert (80 Blatt),5,1.79,8.95,0
B01412,Klasse 4 & 6,1035,Buntstifte 24er Set dreikant,1,8.99,8.99,1
B01412,Klasse 4 & 6,1017,Zeichenblock A3 (20 Blatt),1,2.49,2.49,1
B01412,Klasse 4 & 6,1026,Vokabelheft A5 Lineatur 53 (32 Blatt),3,1.29,3.87,1
B01412,Klasse 4 & 6,1046,Ordner A4 breit 80mm schwarz,3,3.49,10.47,1
B01412,Klasse 4 & 6,1025,Schulheft A4 kariert Lineatur 22 (16 Blatt),5,0.99,4.95,1
B01412,Klasse 4 & 6,1019,Borstenpinsel-Set (Größen 4/8/12),1,3.5,3.5,1
B01412,Klasse 4 & 6,1013,Klebestift Uhu Renature 21g,1,1.89,1.89,1
B01412,Klasse 4 & 6,1040,Schnellhefter A4 Kunststoff grün,3,0.5,1.5,1
B01412,Klasse 4 & 6,1008,Buntstifte 12er Set dreikant (dick),1,5.49,5.49,1
B01412,Klasse 4 & 6,1032,Tintenpatronen blau T10 (5er Pack),2,1.8,3.6,1
B01412,Klasse 4 & 6,1016,Sammelbox A4 Karton blau,3,2.49,7.47,1
B01412,Klasse 4 & 6,1036,Bleistift HB Grip 2001 Faber-Castell,2,1.5,3.0,1
B01413,Klasse 8,1040,Schnellhefter A4 Kunststoff grün,3,0.5,1.5,0
B01413,Klasse 8,1056,Kugelschreiber Grip 2011 M schwarz,2,4.5,9.0,0
B01413,Klasse 8,1048,Hausaufgabenheft A5 Classic,1,1.99,1.99,0
B01413,Klasse 8,1041,Schnellhefter A4 Kunststoff gelb,2,0.5,1.0,0
B01413,Klasse 8,1015,Radiergummi soft (für Bleistifte),1,0.8,0.8,0
B01413,Klasse 8,1028,Collegeblock A4 liniert (80 Blatt),3,1.79,5.37,0
B01413,Klasse 8,1055,Kugelschreiber Grip 2011 M blau (dokumentenecht),2,4.5,9.0,0
B01414,Klasse 6,1024,Schulheft A4 liniert Lineatur 21 (16 Blatt),10,0.99,9.9,0
B01414,Klasse 6,1026,Vokabelheft A5 Lineatur 53 (32 Blatt),3,1.29,3.87,0
B01414,Klasse 6,1017,Zeichenblock A3 (20 Blatt),1,2.49,2.49,0
B01414,Klasse 6,1033,Tintenkiller Super Pirat (2er Pack),2,2.49,4.98,0
B01414,Klasse 6,1037,Lineal 30cm Kunststoff transparent,1,1.1,1.1,0
B01414,Klasse 6,1029,Geodreieck 16 cm transparent Aristo,1,1.2,1.2,0
B01414,Klasse 6,1044,Fineliner 10er Set Stabilo Point 88,1,7.99,7.99,0
B01415,Klasse 12,1027,Collegeblock A4 kariert (80 Blatt),2,1.79,3.58,0
B01415,Klasse 12,1049,Oxford Collegeblock A4 kariert (90g Papier),5,2.79,13.95,0
B01415,Klasse 12,1045,Ringbuch A4 schmal 25mm,2,2.99,5.98,0
B01416,Klasse 10,1040,Schnellhefter A4 Kunststoff grün,1,0.5,0.5,0
B01416,Klasse 10,1059,Karteikarten A7 liniert 100 Stück,1,1.49,1.49,0
B01416,Klasse 10,1037,Lineal 30cm Kunststoff transparent,1,1.1,1.1,0
B01416,Klasse 10,1050,Oxford Collegeblock A4 liniert (90g Papier),5,2.79,13.95,0
B01417,Klasse 11,1054,Ringbucheinlagen A4 kariert 100 Blatt,3,2.29,6.87,0
B01417,Klasse 11,1060,Prospekthüllen A4 transparent 100er Pack,1,3.99,3.99,0
B01417,Klasse 11,1037,Lineal 30cm Kunststoff transparent,1,1.1,1.1,0
B01417,Klasse 11,1046,Ordner A4 breit 80mm schwarz,1,3.49,3.49,0
B01418,Klasse 5,1028,Collegeblock A4 liniert (80 Blatt),3,1.79,5.37,0
B01418,Klasse 5,1029,Geodreieck 16 cm transparent Aristo,1,1.2,1.2,0
B01418,Klasse 5,1040,Schnellhefter A4 Kunststoff grün,2,0.5,1.0,0
B01418,Klasse 5,1036,Bleistift HB Grip 2001 Faber-Castell,3,1.5,4.5,0
B01418,Klasse 5,1017,Zeichenblock A3 (20 Blatt),1,2.49,2.49,0
B01419,Klasse 4,1017,Zeichenblock A3 (20 Blatt),1,2.49,2.49,0
B01419,Klasse 4,1033,Tintenkiller Super Pirat (2er Pack),3,2.49,7.47,0
B01419,Klasse 4,1036,Bleistift HB Grip 2001 Faber-Castell,1,1.5,1.5,0
B01419,Klasse 4,1008,Buntstifte 12er Set dreikant (dick),1,5.49,5.49,0
B01419,Klasse 4,1042,Schnellhefter A4 Kunststoff orange,2,0.5,1.0,0
B01419,Klasse 4,1014,Doppelanspitzer Dose Trio Grip,1,2.99,2.99,0
B01419,Klasse 4,1028,Collegeblock A4 liniert (80 Blatt),2,1.79,3.58,0
B01420,Klasse 8,1019,Borstenpinsel-Set (Größen 4/8/12),1,3.5,3.5,0
B01420,Klasse 8,1017,Zeichenblock A3 (20 Blatt),1,2.49,2.49,0
B01420,Klasse 8,1029,Geodreieck 16 cm transparent Aristo,1,1.2,1.2,0
B01420,Klasse 8,1038,Schnellhefter A4 Kunststoff blau,5,0.5,2.5,0
B01420,Klasse 8,1030,Geodreieck 22 cm Griff transparent,1,2.1,2.1,0
B01420,Klasse 8,1045,Ringbuch A4 schmal 25mm,3,2.99,8.97,0
B01420,Klasse 8,1061,Tintenroller Pilot Frixion Ball 0.7 schwarz,3,3.29,9.87,0
B01421,Klasse 3 & 4,1008,Buntstifte 12er Set dreikant (dick),1,5.49,5.49,1
B01421,Klasse 3 & 4,1016,Sammelbox A4 Karton blau,1,2.49,2.49,1
B01421,Klasse 3 & 4,1023,Hausaufgabenheft Grundschule A5,1,1.99,1.99,1
B01421,Klasse 3 & 4,1006,Rechenheft A4 Lineatur 8 (5x5mm Kästchen),10,0.99,9.9,1
B01421,Klasse 3 & 4,1011,Bastelschere rund 13cm Rechtshänder,1,2.2,2.2,1
B01421,Klasse 3 & 4,1018,Tuschkasten K12 (12 Farben),1,9.95,9.95,1
B01421,Klasse 3 & 4,1015,Radiergummi soft (für Bleistifte),1,0.8,0.8,1
B01422,Klasse 11,1036,Bleistift HB Grip 2001 Faber-Castell,5,1.5,7.5,0
B01422,Klasse 11,1037,Lineal 30cm Kunststoff transparent,1,1.1,1.1,0
B01422,Klasse 11,1045,Ringbuch A4 schmal 25mm,2,2.99,5.98,0
B01422,Klasse 11,1027,Collegeblock A4 kariert (80 Blatt),1,1.79,1.79,0
B01423,Klasse 3 & 10,1034,Schulkompass Zirkel Staedtler,1,8.5,8.5,1
B01423,Klasse 3 & 10,1042,Schnellhefter A4 Kunststoff orange,2,0.5,1.0,1
B01423,Klasse 3 & 10,1040,Schnellhefter A4 Kunststoff grün,3,0.5,1.5,1
B01423,Klasse 3 & 10,1050,Oxford Collegeblock A4 liniert (90g Papier),3,2.79,8.37,1
B01423,Klasse 3 & 10,1019,Borstenpinsel-Set (Größen 4/8/12),1,3.5,3.5,1
B01423,Klasse 3 & 10,1012,Bastelschere rund 13cm Linkshänder,1,2.2,2.2,1
B01423,Klasse 3 & 10,1016,Sammelbox A4 Karton blau,3,2.49,7.47,1
B01423,Klasse 3 & 10,1038,Schnellhefter A4 Kunststoff blau,1,0.5,0.5,1
B01423,Klasse 3 & 10,1041,Schnellhefter A4 Kunststoff gelb,2,0.5,1.0,1
B01424,Klasse 3,1018,Tuschkasten K12 (12 Farben),1,9.95,9.95,0
B01424,Klasse 3,1039,Schnellhefter A4 Kunststoff rot,3,0.5,1.5,0
B01424,Klasse 3,1006,Rechenheft A4 Lineatur 8 (5x5mm Kästchen),3,0.99,2.97,0
B01424,Klasse 3,1014,Doppelanspitzer Dose Trio Grip,1,2.99,2.99,0
B01424,Klasse 3,1040,Schnellhefter A4 Kunststoff grün,3,0.5,1.5,0
B01424,Klasse 3,1012,Bastelschere rund 13cm Linkshänder,1,2.2,2.2,0
B01424,Klasse 3,1038,Schnellhefter A4 Kunststoff blau,1,0.5,0.5,0
B01424,Klasse 3,1007,Schreiblernbleistift Trio Grip (dick),2,1.99,3.98,0
B01425,Klasse 3,1040,Schnellhefter A4 Kunststoff grün,2,0.5,1.0,0
B01425,Klasse 3,1041,Schnellhefter A4 Kunststoff gelb,3,0.5,1.5,0
B01425,Klasse 3,1017,Zeichenblock A3 (20 Blatt),1,2.49,2.49,0
B01425,Klasse 3,1019,Borstenpinsel-Set (Größen 4/8/12),1,3.5,3.5,0
B01425,Klasse 3,1039,Schnellhefter A4 Kunststoff rot,1,0.5,0.5,0
B01425,Klasse 3,1014,Doppelanspitzer Dose Trio Grip,1,2.99,2.99,0
B01425,Klasse 3,1020,Haarpinsel-Set (Größen 2/6/10),1,3.99,3.99,0
B01425,Klasse 3,1015,Radiergummi soft (für Bleistifte),1,0.8,0.8,0
B01426,Klasse 4,1025,Schulheft A4 kariert Lineatur 22 (16 Blatt),3,0.99,2.97,0
B01426,Klasse 4,1019,Borstenpinsel-Set (Größen 4/8/12),1,3.5,3.5,0
B01426,Klasse 4,1020,Haarpinsel-Set (Größen 2/6/10),1,3.99,3.99,0
B01426,Klasse 4,1036,Bleistift HB Grip 2001 Faber-Castell,1,1.5,1.5,0
B01426,Klasse 4,1040,Schnellhefter A4 Kunststoff grün,1,0.5,0.5,0
B01426,Klasse 4,1029,Geodreieck 16 cm transparent Aristo,1,1.2,1.2,0
B01426,Klasse 4,1016,Sammelbox A4 Karton blau,5,2.49,12.45,0
B01426,Klasse 4,1008,Buntstifte 12er Set dreikant (dick),1,5.49,5.49,0
B01426,Klasse 4,1042,Schnellhefter A4 Kunststoff orange,2,0.5,1.0,0
B01427,Klasse 2,1011,Bastelschere rund 13cm Rechtshänder,1,2.2,2.2,0
B01427,Klasse 2,1016,Sammelbox A4 Karton blau,5,2.49,12.45,0
B01427,Klasse 2,1039,Schnellhefter A4 Kunststoff rot,3,0.5,1.5,0
B01427,Klasse 2,1017,Zeichenblock A3 (20 Blatt),1,2.49,2.49,0
B01427,Klasse 2,1019,Borstenpinsel-Set (Größen 4/8/12),1,3.5,3.5,0
B01428,Klasse 10,1051,Grafikrechner Casio FX-CG50,1,119.0,119.0,0
B01428,Klasse 10,1015,Radiergummi soft (für Bleistifte),1,0.8,0.8,0
B01428,Klasse 10,1060,Prospekthüllen A4 transparent 100er Pack,1,3.99,3.99,0
B01428,Klasse 10,1053,Ringbucheinlagen A4 liniert 100 Blatt,1,2.29,2.29,0
B01429,Klasse 3,1042,Schnellhefter A4 Kunststoff orange,5,0.5,2.5,0
B01429,Klasse 3,1016,Sammelbox A4 Karton blau,3,2.49,7.47,0
B01429,Klasse 3,1003,Schreiblernheft A4 Lineatur 3 (16 Blatt),2,0.99,1.98,0
B01429,Klasse 3,1008,Buntstifte 12er Set dreikant (dick),1,5.49,5.49,0
B01429,Klasse 3,1022,Schreiblern-Füller Lamy ABC,1,14.5,14.5,0
B01429,Klasse 3,1039,Schnellhefter A4 Kunststoff rot,5,0.5,2.5,0
B01430,Klasse 3,1040,Schnellhefter A4 Kunststoff grün,3,0.5,1.5,0
B01430,Klasse 3,1014,Doppelanspitzer Dose Trio Grip,1,2.99,2.99,0
B01430,Klasse 3,1003,Schreiblernheft A4 Lineatur 3 (16 Blatt),10,0.99,9.9,0
B01430,Klasse 3,1041,Schnellhefter A4 Kunststoff gelb,1,0.5,0.5,0
B01430,Klasse 3,1031,Füllfederhalter Lamy Safari M,1,19.9,19.9,0
B01430,Klasse 3,1006,Rechenheft A4 Lineatur 8 (5x5mm Kästchen),5,0.99,4.95,0
B01430,Klasse 3,1012,Bastelschere rund 13cm Linkshänder,1,2.2,2.2,0
B01430,Klasse 3,1018,Tuschkasten K12 (12 Farben),1,9.95,9.95,0
B01430,Klasse 3,1042,Schnellhefter A4 Kunststoff orange,2,0.5,1.0,0
B01431,Klasse 11,1046,Ordner A4 breit 80mm schwarz,5,3.49,17.45,0
B01431,Klasse 11,1036,Bleistift HB Grip 2001 Faber-Castell,2,1.5,3.0,0
B01431,Klasse 11,1030,Geodreieck 22 cm Griff transparent,1,2.1,2.1,0
B01431,Klasse 11,1061,Tintenroller Pilot Frixion Ball 0.7 schwarz,2,3.29,6.58,0
B01432,Klasse 6,1035,Buntstifte 24er Set dreikant,1,8.99,8.99,0
B01432,Klasse 6,1042,Schnellhefter A4 Kunststoff orange,2,0.5,1.0,0
B01432,Klasse 6,1040,Schnellhefter A4 Kunststoff grün,2,0.5,1.0,0
B01432,Klasse 6,1061,Tintenroller Pilot Frixion Ball 0.7 schwarz,1,3.29,3.29,0
B01432,Klasse 6,1019,Borstenpinsel-Set (Größen 4/8/12),1,3.5,3.5,0
B01432,Klasse 6,1044,Fineliner 10er Set Stabilo Point 88,1,7.99,7.99,0
B01433,Klasse 9,1018,Tuschkasten K12 (12 Farben),1,9.95,9.95,0
B01433,Klasse 9,1024,Schulheft A4 liniert Lineatur 21 (16 Blatt),5,0.99,4.95,0
B01433,Klasse 9,1020,Haarpinsel-Set (Größen 2/6/10),1,3.99,3.99,0
B01433,Klasse 9,1031,Füllfederhalter Lamy Safari M,1,19.9,19.9,0
B01433,Klasse 9,1033,Tintenkiller Super Pirat (2er Pack),1,2.49,2.49,0
B01434,Klasse 5,1015,Radiergummi soft (für Bleistifte),1,0.8,0.8,0
B01434,Klasse 5,1020,Haarpinsel-Set (Größen 2/6/10),1,3.99,3.99,0
B01434,Klasse 5,1018,Tuschkasten K12 (12 Farben),1,9.95,9.95,0
B01434,Klasse 5,1029,Geodreieck 16 cm transparent Aristo,1,1.2,1.2,0
B01435,Klasse 3,1020,Haarpinsel-Set (Größen 2/6/10),1,3.99,3.99,0
B01435,Klasse 3,1014,Doppelanspitzer Dose Trio Grip,1,2.99,2.99,0
B01435,Klasse 3,1040,Schnellhefter A4 Kunststoff grün,2,0.5,1.0,0
B01435,Klasse 3,1011,Bastelschere rund 13cm Rechtshänder,1,2.2,2.2,0
B01435,Klasse 3,1006,Rechenheft A4 Lineatur 8 (5x5mm Kästchen),3,0.99,2.97,0
B01436,Klasse 1,1010,Knetmasse 10 Farben,1,3.49,3.49,0
B01436,Klasse 1,1011,Bastelschere rund 13cm Rechtshänder,1,2.2,2.2,0
B01436,Klasse 1,1040,Schnellhefter A4 Kunststoff grün,2,0.5,1.0,0
B01436,Klasse 1,1019,Borstenpinsel-Set (Größen 4/8/12),1,3.5,3.5,0
B01436,Klasse 1,1007,Schreiblernbleistift Trio Grip (dick),5,1.99,9.95,0
B01436,Klasse 1,1016,Sammelbox A4 Karton blau,1,2.49,2.49,0
B01437,Klasse 12,1036,Bleistift HB Grip 2001 Faber-Castell,3,1.5,4.5,0
B01437,Klasse 12,1028,Collegeblock A4 liniert (80 Blatt),1,1.79,1.79,0
B01437,Klasse 12,1060,Prospekthüllen A4 transparent 100er Pack,1,3.99,3.99,0
B01437,Klasse 12,1045,Ringbuch A4 schmal 25mm,3,2.99,8.97,0
B01438,Klasse 6,1035,Buntstifte 24er Set dreikant,1,8.99,8.99,0
B01438,Klasse 6,1028,Collegeblock A4 liniert (80 Blatt),5,1.79,8.95,0
B01438,Klasse 6,1026,Vokabelheft A5 Lineatur 53 (32 Blatt),2,1.29,2.58,0
B01438,Klasse 6,1042,Schnellhefter A4 Kunststoff orange,1,0.5,0.5,0
B01438,Klasse 6,1033,Tintenkiller Super Pirat (2er Pack),1,2.49,2.49,0
B01438,Klasse 6,1039,Schnellhefter A4 Kunststoff rot,2,0.5,1.0,0
B01439,Klasse 10,1026,Vokabelheft A5 Lineatur 53 (32 Blatt),2,1.29,2.58,0
B01439,Klasse 10,1054,Ringbucheinlagen A4 kariert 100 Blatt,2,2.29,4.58,0
B01440,Klasse 9,1033,Tintenkiller Super Pirat (2er Pack),1,2.49,2.49,0
B01440,Klasse 9,1030,Geodreieck 22 cm Griff transparent,1,2.1,2.1,0
B01440,Klasse 9,1060,Prospekthüllen A4 transparent 100er Pack,1,3.99,3.99,0
B01440,Klasse 9,1031,Füllfederhalter Lamy Safari M,1,19.9,19.9,0
B01440,Klasse 9,1042,Schnellhefter A4 Kunststoff orange,1,0.5,0.5,0
B01440,Klasse 9,1028,Collegeblock A4 liniert (80 Blatt),1,1.79,1.79,0
B01440,Klasse 9,1025,Schulheft A4 kariert Lineatur 22 (16 Blatt),3,0.99,2.97,0
B01441,Klasse 10,1049,Oxford Collegeblock A4 kariert (90g Papier),5,2.79,13.95,0
B01441,Klasse 10,1052,Formelsammlung Mathematik/Physik/Chemie Duden,1,12.99,12.99,0
B01441,Klasse 10,1061,Tintenroller Pilot Frixion Ball 0.7 schwarz,1,3.29,3.29,0
B01441,Klasse 10,1034,Schulkompass Zirkel Staedtler,1,8.5,8.5,0
B01442,Klasse 6,1037,Lineal 30cm Kunststoff transparent,1,1.1,1.1,0
B01442,Klasse 6,1036,Bleistift HB Grip 2001 Faber-Castell,1,1.5,1.5,0
B01442,Klasse 6,1046,Ordner A4 breit 80mm schwarz,1,3.49,3.49,0
B01442,Klasse 6,1027,Collegeblock A4 kariert (80 Blatt),3,1.79,5.37,0
B01442,Klasse 6,1028,Collegeblock A4 liniert (80 Blatt),5,1.79,8.95,0
B01443,Klasse 6,1061,Tintenroller Pilot Frixion Ball 0.7 schwarz,2,3.29,6.58,0
B01443,Klasse 6,1039,Schnellhefter A4 Kunststoff rot,2,0.5,1.0,0
B01443,Klasse 6,1046,Ordner A4 breit 80mm schwarz,3,3.49,10.47,0
B01443,Klasse 6,1035,Buntstifte 24er Set dreikant,1,8.99,8.99,0
B01443,Klasse 6,1024,Schulheft A4 liniert Lineatur 21 (16 Blatt),5,0.99,4.95,0
B01444,Klasse 12,1028,Collegeblock A4 liniert (80 Blatt),3,1.79,5.37,0
B01444,Klasse 12,1046,Ordner A4 breit 80mm schwarz,1,3.49,3.49,0
B01444,Klasse 12,1052,Formelsammlung Mathematik/Physik/Chemie Duden,1,12.99,12.99,0
B01444,Klasse 12,1037,Lineal 30cm Kunststoff transparent,1,1.1,1.1,0
B01445,Klasse 2,1005,Rechenheft A4 Lineatur 7 (7x7mm Kästchen),5,0.99,4.95,0
B01445,Klasse 2,1041,Schnellhefter A4 Kunststoff gelb,2,0.5,1.0,0
B01445,Klasse 2,1008,Buntstifte 12er Set dreikant (dick),1,5.49,5.49,0
B01445,Klasse 2,1017,Zeichenblock A3 (20 Blatt),1,2.49,2.49,0
B01445,Klasse 2,1007,Schreiblernbleistift Trio Grip (dick),1,1.99,1.99,0
B01445,Klasse 2,1018,Tuschkasten K12 (12 Farben),1,9.95,9.95,0
B01445,Klasse 2,1014,Doppelanspitzer Dose Trio Grip,1,2.99,2.99,0
B01445,Klasse 2,1013,Klebestift Uhu Renature 21g,1,1.89,1.89,0
B01446,Klasse 12,1053,Ringbucheinlagen A4 liniert 100 Blatt,2,2.29,4.58,0
B01446,Klasse 12,1061,Tintenroller Pilot Frixion Ball 0.7 schwarz,1,3.29,3.29,0
B01446,Klasse 12,1015,Radiergummi soft (für Bleistifte),1,0.8,0.8,0
B01447,Klasse 4 & 7,1048,Hausaufgabenheft A5 Classic,1,1.99,1.99,1
B01447,Klasse 4 & 7,1019,Borstenpinsel-Set (Größen 4/8/12),1,3.5,3.5,1
B01447,Klasse 4 & 7,1047,Wissenschaftlicher Taschenrechner Casio fx-87DE X,1,24.99,24.99,1
B01447,Klasse 4 & 7,1059,Karteikarten A7 liniert 100 Stück,1,1.49,1.49,1
B01447,Klasse 4 & 7,1032,Tintenpatronen blau T10 (5er Pack),3,1.8,5.4,1
B01447,Klasse 4 & 7,1037,Lineal 30cm Kunststoff transparent,1,1.1,1.1,1
B01447,Klasse 4 & 7,1011,Bastelschere rund 13cm Rechtshänder,1,2.2,2.2,1
B01447,Klasse 4 & 7,1056,Kugelschreiber Grip 2011 M schwarz,2,4.5,9.0,1
B01447,Klasse 4 & 7,1041,Schnellhefter A4 Kunststoff gelb,2,0.5,1.0,1
B01448,Klasse 10,1038,Schnellhefter A4 Kunststoff blau,3,0.5,1.5,0
B01448,Klasse 10,1039,Schnellhefter A4 Kunststoff rot,3,0.5,1.5,0
B01448,Klasse 10,1028,Collegeblock A4 liniert (80 Blatt),5,1.79,8.95,0
B01449,Klasse 12,1061,Tintenroller Pilot Frixion Ball 0.7 schwarz,2,3.29,6.58,0
B01449,Klasse 12,1056,Kugelschreiber Grip 2011 M schwarz,2,4.5,9.0,0
B01449,Klasse 12,1045,Ringbuch A4 schmal 25mm,1,2.99,2.99,0
B01449,Klasse 12,1053,Ringbucheinlagen A4 liniert 100 Blatt,2,2.29,4.58,0
B01450,Klasse 3,1037,Lineal 30cm Kunststoff transparent,1,1.1,1.1,0
B01450,Klasse 3,1040,Schnellhefter A4 Kunststoff grün,2,0.5,1.0,0
B01450,Klasse 3,1015,Radiergummi soft (für Bleistifte),1,0.8,0.8,0
B01450,Klasse 3,1042,Schnellhefter A4 Kunststoff orange,3,0.5,1.5,0
B01450,Klasse 3,1022,Schreiblern-Füller Lamy ABC,1,14.5,14.5,0
B01450,Klasse 3,1010,Knetmasse 10 Farben,1,3.49,3.49,0
B01450,Klasse 3,1006,Rechenheft A4 Lineatur 8 (5x5mm Kästchen),3,0.99,2.97,0
B01450,Klasse 3,1016,Sammelbox A4 Karton blau,2,2.49,4.98,0
B01451,Klasse 2 & 9,1013,Klebestift Uhu Renature 21g,1,1.89,1.89,1
B01451,Klasse 2 & 9,1021,Knete-Unterlage Kunststoff A3,1,1.99,1.99,1
B01451,Klasse 2 & 9,1017,Zeichenblock A3 (20 Blatt),1,2.49,2.49,1
B01451,Klasse 2 & 9,1016,Sammelbox A4 Karton blau,3,2.49,7.47,1
B01451,Klasse 2 & 9,1018,Tuschkasten K12 (12 Farben),1,9.95,9.95,1
B01451,Klasse 2 & 9,1040,Schnellhefter A4 Kunststoff grün,2,0.5,1.0,1
B01451,Klasse 2 & 9,1058,Haftnotizen Post-it 76x76mm gelb,1,1.99,1.99,1
B01451,Klasse 2 & 9,1030,Geodreieck 22 cm Griff transparent,1,2.1,2.1,1
B01451,Klasse 2 & 9,1046,Ordner A4 breit 80mm schwarz,1,3.49,3.49,1
B01451,Klasse 2 & 9,1038,Schnellhefter A4 Kunststoff blau,2,0.5,1.0,1
B01452,Klasse 1 & 11,1056,Kugelschreiber Grip 2011 M schwarz,2,4.5,9.0,1
B01452,Klasse 1 & 11,1030,Geodreieck 22 cm Griff transparent,1,2.1,2.1,1
B01452,Klasse 1 & 11,1028,Collegeblock A4 liniert (80 Blatt),5,1.79,8.95,1
B01452,Klasse 1 & 11,1015,Radiergummi soft (für Bleistifte),1,0.8,0.8,1
B01452,Klasse 1 & 11,1041,Schnellhefter A4 Kunststoff gelb,2,0.5,1.0,1
B01452,Klasse 1 & 11,1012,Bastelschere rund 13cm Linkshänder,1,2.2,2.2,1
B01452,Klasse 1 & 11,1040,Schnellhefter A4 Kunststoff grün,5,0.5,2.5,1
B01452,Klasse 1 & 11,1023,Hausaufgabenheft Grundschule A5,1,1.99,1.99,1
B01452,Klasse 1 & 11,1001,Schreiblernheft A4 Lineatur 1 (16 Blatt),3,0.99,2.97,1
B01452,Klasse 1 & 11,1014,Doppelanspitzer Dose Trio Grip,1,2.99,2.99,1
B01452,Klasse 1 & 11,1007,Schreiblernbleistift Trio Grip (dick),1,1.99,1.99,1
B01453,Klasse 2 & 6,1044,Fineliner 10er Set Stabilo Point 88,1,7.99,7.99,1
B01453,Klasse 2 & 6,1029,Geodreieck 16 cm transparent Aristo,1,1.2,1.2,1
B01453,Klasse 2 & 6,1024,Schulheft A4 liniert Lineatur 21 (16 Blatt),2,0.99,1.98,1
B01453,Klasse 2 & 6,1060,Prospekthüllen A4 transparent 100er Pack,1,3.99,3.99,1
B01453,Klasse 2 & 6,1042,Schnellhefter A4 Kunststoff orange,1,0.5,0.5,1
B01453,Klasse 2 & 6,1031,Füllfederhalter Lamy Safari M,1,19.9,19.9,1
B01453,Klasse 2 & 6,1010,Knetmasse 10 Farben,1,3.49,3.49,1
B01453,Klasse 2 & 6,1007,Schreiblernbleistift Trio Grip (dick),2,1.99,3.98,1
B01453,Klasse 2 & 6,1021,Knete-Unterlage Kunststoff A3,1,1.99,1.99,1
B01453,Klasse 2 & 6,1011,Bastelschere rund 13cm Rechtshänder,1,2.2,2.2,1
B01453,Klasse 2 & 6,1002,Schreiblernheft A4 Lineatur 2 (16 Blatt),3,0.99,2.97,1
B01453,Klasse 2 & 6,1036,Bleistift HB Grip 2001 Faber-Castell,2,1.5,3.0,1
B01453,Klasse 2 & 6,1009,Wachsmalkreiden 12er Set (wasservermalbar),1,6.99,6.99,1
B01453,Klasse 2 & 6,1041,Schnellhefter A4 Kunststoff gelb,5,0.5,2.5,1
B01454,Klasse 10,1044,Fineliner 10er Set Stabilo Point 88,1,7.99,7.99,0
B01454,Klasse 10,1027,Collegeblock A4 kariert (80 Blatt),5,1.79,8.95,0
B01454,Klasse 10,1049,Oxford Collegeblock A4 kariert (90g Papier),2,2.79,5.58,0
B01454,Klasse 10,1061,Tintenroller Pilot Frixion Ball 0.7 schwarz,1,3.29,3.29,0
B01454,Klasse 10,1040,Schnellhefter A4 Kunststoff grün,2,0.5,1.0,0
B01455,Klasse 6,1041,Schnellhefter A4 Kunststoff gelb,3,0.5,1.5,0
B01455,Klasse 6,1046,Ordner A4 breit 80mm schwarz,2,3.49,6.98,0
B01455,Klasse 6,1048,Hausaufgabenheft A5 Classic,1,1.99,1.99,0
B01455,Klasse 6,1029,Geodreieck 16 cm transparent Aristo,1,1.2,1.2,0
B01455,Klasse 6,1060,Prospekthüllen A4 transparent 100er Pack,1,3.99,3.99,0
B01455,Klasse 6,1015,Radiergummi soft (für Bleistifte),1,0.8,0.8,0
B01456,Klasse 1 & 2,1005,Rechenheft A4 Lineatur 7 (7x7mm Kästchen),10,0.99,9.9,1
B01456,Klasse 1 & 2,1012,Bastelschere rund 13cm Linkshänder,1,2.2,2.2,1
B01456,Klasse 1 & 2,1015,Radiergummi soft (für Bleistifte),1,0.8,0.8,1
B01456,Klasse 1 & 2,1017,Zeichenblock A3 (20 Blatt),1,2.49,2.49,1
B01456,Klasse 1 & 2,1020,Haarpinsel-Set (Größen 2/6/10),1,3.99,3.99,1
B01456,Klasse 1 & 2,1041,Schnellhefter A4 Kunststoff gelb,2,0.5,1.0,1
B01456,Klasse 1 & 2,1021,Knete-Unterlage Kunststoff A3,1,1.99,1.99,1
B01456,Klasse 1 & 2,1018,Tuschkasten K12 (12 Farben),1,9.95,9.95,1
B01456,Klasse 1 & 2,1040,Schnellhefter A4 Kunststoff grün,2,0.5,1.0,1
B01456,Klasse 1 & 2,1008,Buntstifte 12er Set dreikant (dick),1,5.49,5.49,1
B01456,Klasse 1 & 2,1019,Borstenpinsel-Set (Größen 4/8/12),1,3.5,3.5,1
B01457,Klasse 8 & 11,1055,Kugelschreiber Grip 2011 M blau (dokumentenecht),2,4.5,9.0,1
B01457,Klasse 8 & 11,1060,Prospekthüllen A4 transparent 100er Pack,1,3.99,3.99,1
B01457,Klasse 8 & 11,1051,Grafikrechner Casio FX-CG50,1,119.0,119.0,1
B01457,Klasse 8 & 11,1059,Karteikarten A7 liniert 100 Stück,1,1.49,1.49,1
B01457,Klasse 8 & 11,1019,Borstenpinsel-Set (Größen 4/8/12),1,3.5,3.5,1
B01457,Klasse 8 & 11,1020,Haarpinsel-Set (Größen 2/6/10),1,3.99,3.99,1
B01457,Klasse 8 & 11,1015,Radiergummi soft (für Bleistifte),1,0.8,0.8,1
B01457,Klasse 8 & 11,1036,Bleistift HB Grip 2001 Faber-Castell,5,1.5,7.5,1
B01457,Klasse 8 & 11,1047,Wissenschaftlicher Taschenrechner Casio fx-87DE X,1,24.99,24.99,1
B01457,Klasse 8 & 11,1031,Füllfederhalter Lamy Safari M,1,19.9,19.9,1
B01458,Klasse 1,1021,Knete-Unterlage Kunststoff A3,1,1.99,1.99,0
B01458,Klasse 1,1039,Schnellhefter A4 Kunststoff rot,3,0.5,1.5,0
B01458,Klasse 1,1017,Zeichenblock A3 (20 Blatt),1,2.49,2.49,0
B01458,Klasse 1,1042,Schnellhefter A4 Kunststoff orange,5,0.5,2.5,0
B01458,Klasse 1,1015,Radiergummi soft (für Bleistifte),1,0.8,0.8,0
B01458,Klasse 1,1038,Schnellhefter A4 Kunststoff blau,2,0.5,1.0,0
B01458,Klasse 1,1040,Schnellhefter A4 Kunststoff grün,2,0.5,1.0,0
B01459,Klasse 7,1048,Hausaufgabenheft A5 Classic,1,1.99,1.99,0
B01459,Klasse 7,1046,Ordner A4 breit 80mm schwarz,3,3.49,10.47,0
B01459,Klasse 7,1043,Textmarker-Set 4 Farben Stabilo Boss,1,4.99,4.99,0
B01460,Klasse 3,1040,Schnellhefter A4 Kunststoff grün,2,0.5,1.0,0
B01460,Klasse 3,1015,Radiergummi soft (für Bleistifte),1,0.8,0.8,0
B01460,Klasse 3,1023,Hausaufgabenheft Grundschule A5,1,1.99,1.99,0
B01460,Klasse 3,1019,Borstenpinsel-Set (Größen 4/8/12),1,3.5,3.5,0
B01460,Klasse 3,1016,Sammelbox A4 Karton blau,3,2.49,7.47,0
B01460,Klasse 3,1008,Buntstifte 12er Set dreikant (dick),1,5.49,5.49,0
B01460,Klasse 3,1020,Haarpinsel-Set (Größen 2/6/10),1,3.99,3.99,0
B01460,Klasse 3,1014,Doppelanspitzer Dose Trio Grip,1,2.99,2.99,0
B01460,Klasse 3,1042,Schnellhefter A4 Kunststoff orange,5,0.5,2.5,0
B01461,Klasse 12,1046,Ordner A4 breit 80mm schwarz,1,3.49,3.49,0
B01461,Klasse 12,1059,Karteikarten A7 liniert 100 Stück,1,1.49,1.49,0
B01461,Klasse 12,1027,Collegeblock A4 kariert (80 Blatt),2,1.79,3.58,0
B01461,Klasse 12,1061,Tintenroller Pilot Frixion Ball 0.7 schwarz,2,3.29,6.58,0
B01461,Klasse 12,1049,Oxford Collegeblock A4 kariert (90g Papier),3,2.79,8.37,0
B01462,Klasse 10,1050,Oxford Collegeblock A4 liniert (90g Papier),3,2.79,8.37,0
B01462,Klasse 10,1045,Ringbuch A4 schmal 25mm,2,2.99,5.98,0
B01463,Klasse 8 & 9,1056,Kugelschreiber Grip 2011 M schwarz,3,4.5,13.5,1
B01463,Klasse 8 & 9,1019,Borstenpinsel-Set (Größen 4/8/12),1,3.5,3.5,1
B01463,Klasse 8 & 9,1043,Textmarker-Set 4 Farben Stabilo Boss,1,4.99,4.99,1
B01463,Klasse 8 & 9,1055,Kugelschreiber Grip 2011 M blau (dokumentenecht),2,4.5,9.0,1
B01463,Klasse 8 & 9,1030,Geodreieck 22 cm Griff transparent,1,2.1,2.1,1
B01463,Klasse 8 & 9,1017,Zeichenblock A3 (20 Blatt),1,2.49,2.49,1
B01463,Klasse 8 & 9,1040,Schnellhefter A4 Kunststoff grün,3,0.5,1.5,1
B01463,Klasse 8 & 9,1034,Schulkompass Zirkel Staedtler,1,8.5,8.5,1
B01463,Klasse 8 & 9,1028,Collegeblock A4 liniert (80 Blatt),5,1.79,8.95,1
B01463,Klasse 8 & 9,1029,Geodreieck 16 cm transparent Aristo,1,1.2,1.2,1
B01464,Klasse 4,1018,Tuschkasten K12 (12 Farben),1,9.95,9.95,0
B01464,Klasse 4,1039,Schnellhefter A4 Kunststoff rot,2,0.5,1.0,0
B01464,Klasse 4,1036,Bleistift HB Grip 2001 Faber-Castell,1,1.5,1.5,0
B01464,Klasse 4,1031,Füllfederhalter Lamy Safari M,1,19.9,19.9,0
B01464,Klasse 4,1017,Zeichenblock A3 (20 Blatt),1,2.49,2.49,0
B01464,Klasse 4,1032,Tintenpatronen blau T10 (5er Pack),2,1.8,3.6,0
B01464,Klasse 4,1006,Rechenheft A4 Lineatur 8 (5x5mm Kästchen),2,0.99,1.98,0
B01464,Klasse 4,1008,Buntstifte 12er Set dreikant (dick),1,5.49,5.49,0
B01465,Klasse 1,1001,Schreiblernheft A4 Lineatur 1 (16 Blatt),3,0.99,2.97,0
B01465,Klasse 1,1014,Doppelanspitzer Dose Trio Grip,1,2.99,2.99,0
B01465,Klasse 1,1019,Borstenpinsel-Set (Größen 4/8/12),1,3.5,3.5,0
B01465,Klasse 1,1015,Radiergummi soft (für Bleistifte),1,0.8,0.8,0
B01466,Klasse 8,1043,Textmarker-Set 4 Farben Stabilo Boss,1,4.99,4.99,0
B01466,Klasse 8,1025,Schulheft A4 kariert Lineatur 22 (16 Blatt),1,0.99,0.99,0
B01466,Klasse 8,1028,Collegeblock A4 liniert (80 Blatt),2,1.79,3.58,0
B01466,Klasse 8,1061,Tintenroller Pilot Frixion Ball 0.7 schwarz,1,3.29,3.29,0
B01466,Klasse 8,1060,Prospekthüllen A4 transparent 100er Pack,1,3.99,3.99,0
B01466,Klasse 8,1048,Hausaufgabenheft A5 Classic,1,1.99,1.99,0
B01467,Klasse 8,1024,Schulheft A4 liniert Lineatur 21 (16 Blatt),3,0.99,2.97,0
B01467,Klasse 8,1039,Schnellhefter A4 Kunststoff rot,3,0.5,1.5,0
B01467,Klasse 8,1048,Hausaufgabenheft A5 Classic,1,1.99,1.99,0
B01468,Klasse 10,1017,Zeichenblock A3 (20 Blatt),1,2.49,2.49,0
B01468,Klasse 10,1044,Fineliner 10er Set Stabilo Point 88,1,7.99,7.99,0
B01468,Klasse 10,1057,Textmarker-Set Pastell 6 Farben Stabilo Boss,1,6.99,6.99,0
B01469,Klasse 12,1061,Tintenroller Pilot Frixion Ball 0.7 schwarz,2,3.29,6.58,0
B01469,Klasse 12,1037,Lineal 30cm Kunststoff transparent,1,1.1,1.1,0
B01470,Klasse 5 & 8,1019,Borstenpinsel-Set (Größen 4/8/12),1,3.5,3.5,1
B01470,Klasse 5 & 8,1037,Lineal 30cm Kunststoff transparent,1,1.1,1.1,1
B01470,Klasse 5 & 8,1045,Ringbuch A4 schmal 25mm,1,2.99,2.99,1
B01470,Klasse 5 & 8,1010,Knetmasse 10 Farben,1,3.49,3.49,1
B01470,Klasse 5 & 8,1035,Buntstifte 24er Set dreikant,1,8.99,8.99,1
B01470,Klasse 5 & 8,1061,Tintenroller Pilot Frixion Ball 0.7 schwarz,3,3.29,9.87,1
B01470,Klasse 5 & 8,1029,Geodreieck 16 cm transparent Aristo,1,1.2,1.2,1
B01471,Klasse 1 & 4,1018,Tuschkasten K12 (12 Farben),1,9.95,9.95,1
B01471,Klasse 1 & 4,1040,Schnellhefter A4 Kunststoff grün,2,0.5,1.0,1
B01471,Klasse 1 & 4,1012,Bastelschere rund 13cm Linkshänder,1,2.2,2.2,1
B01471,Klasse 1 & 4,1039,Schnellhefter A4 Kunststoff rot,3,0.5,1.5,1
B01471,Klasse 1 & 4,1019,Borstenpinsel-Set (Größen 4/8/12),1,3.5,3.5,1
B01471,Klasse 1 & 4,1013,Klebestift Uhu Renature 21g,1,1.89,1.89,1
B01471,Klasse 1 & 4,1005,Rechenheft A4 Lineatur 7 (7x7mm Kästchen),3,0.99,2.97,1
B01471,Klasse 1 & 4,1008,Buntstifte 12er Set dreikant (dick),1,5.49,5.49,1
B01471,Klasse 1 & 4,1033,Tintenkiller Super Pirat (2er Pack),1,2.49,2.49,1
B01471,Klasse 1 & 4,1036,Bleistift HB Grip 2001 Faber-Castell,5,1.5,7.5,1
B01471,Klasse 1 & 4,1011,Bastelschere rund 13cm Rechtshänder,1,2.2,2.2,1
B01471,Klasse 1 & 4,1032,Tintenpatronen blau T10 (5er Pack),1,1.8,1.8,1
B01471,Klasse 1 & 4,1009,Wachsmalkreiden 12er Set (wasservermalbar),1,6.99,6.99,1
B01471,Klasse 1 & 4,1006,Rechenheft A4 Lineatur 8 (5x5mm Kästchen),3,0.99,2.97,1
B01472,Klasse 7,1041,Schnellhefter A4 Kunststoff gelb,5,0.5,2.5,0
B01472,Klasse 7,1056,Kugelschreiber Grip 2011 M schwarz,5,4.5,22.5,0
B01472,Klasse 7,1027,Collegeblock A4 kariert (80 Blatt),3,1.79,5.37,0
B01472,Klasse 7,1033,Tintenkiller Super Pirat (2er Pack),5,2.49,12.45,0
B01472,Klasse 7,1029,Geodreieck 16 cm transparent Aristo,1,1.2,1.2,0
B01472,Klasse 7,1061,Tintenroller Pilot Frixion Ball 0.7 schwarz,1,3.29,3.29,0
B01472,Klasse 7,1035,Buntstifte 24er Set dreikant,1,8.99,8.99,0
B01473,Klasse 7,1037,Lineal 30cm Kunststoff transparent,1,1.1,1.1,0
B01473,Klasse 7,1044,Fineliner 10er Set Stabilo Point 88,1,7.99,7.99,0
B01473,Klasse 7,1020,Haarpinsel-Set (Größen 2/6/10),1,3.99,3.99,0
B01473,Klasse 7,1041,Schnellhefter A4 Kunststoff gelb,2,0.5,1.0,0
B01473,Klasse 7,1028,Collegeblock A4 liniert (80 Blatt),2,1.79,3.58,0
B01473,Klasse 7,1036,Bleistift HB Grip 2001 Faber-Castell,2,1.5,3.0,0
B01474,Klasse 3,1022,Schreiblern-Füller Lamy ABC,1,14.5,14.5,0
B01474,Klasse 3,1003,Schreiblernheft A4 Lineatur 3 (16 Blatt),10,0.99,9.9,0
B01474,Klasse 3,1040,Schnellhefter A4 Kunststoff grün,5,0.5,2.5,0
B01474,Klasse 3,1012,Bastelschere rund 13cm Linkshänder,1,2.2,2.2,0
B01475,Klasse 7,1060,Prospekthüllen A4 transparent 100er Pack,1,3.99,3.99,0
B01475,Klasse 7,1019,Borstenpinsel-Set (Größen 4/8/12),1,3.5,3.5,0
B01475,Klasse 7,1039,Schnellhefter A4 Kunststoff rot,1,0.5,0.5,0
B01475,Klasse 7,1055,Kugelschreiber Grip 2011 M blau (dokumentenecht),1,4.5,4.5,0
B01475,Klasse 7,1033,Tintenkiller Super Pirat (2er Pack),3,2.49,7.47,0
B01475,Klasse 7,1047,Wissenschaftlicher Taschenrechner Casio fx-87DE X,1,24.99,24.99,0
B01476,Klasse 2 & 11,1045,Ringbuch A4 schmal 25mm,3,2.99,8.97,1
B01476,Klasse 2 & 11,1055,Kugelschreiber Grip 2011 M blau (dokumentenecht),2,4.5,9.0,1
B01476,Klasse 2 & 11,1044,Fineliner 10er Set Stabilo Point 88,1,7.99,7.99,1
B01476,Klasse 2 & 11,1050,Oxford Collegeblock A4 liniert (90g Papier),1,2.79,2.79,1
B01476,Klasse 2 & 11,1038,Schnellhefter A4 Kunststoff blau,1,0.5,0.5,1
B01476,Klasse 2 & 11,1003,Schreiblernheft A4 Lineatur 3 (16 Blatt),2,0.99,1.98,1
B01476,Klasse 2 & 11,1021,Knete-Unterlage Kunststoff A3,1,1.99,1.99,1
B01476,Klasse 2 & 11,1022,Schreiblern-Füller Lamy ABC,1,14.5,14.5,1
B01476,Klasse 2 & 11,1015,Radiergummi soft (für Bleistifte),1,0.8,0.8,1
B01476,Klasse 2 & 11,1014,Doppelanspitzer Dose Trio Grip,1,2.99,2.99,1
B01477,Klasse 4,1012,Bastelschere rund 13cm Linkshänder,1,2.2,2.2,0
B01477,Klasse 4,1036,Bleistift HB Grip 2001 Faber-Castell,3,1.5,4.5,0
B01477,Klasse 4,1041,Schnellhefter A4 Kunststoff gelb,2,0.5,1.0,0
B01477,Klasse 4,1039,Schnellhefter A4 Kunststoff rot,3,0.5,1.5,0
B01477,Klasse 4,1031,Füllfederhalter Lamy Safari M,1,19.9,19.9,0
B01478,Klasse 9 & 11,1037,Lineal 30cm Kunststoff transparent,1,1.1,1.1,1
B01478,Klasse 9 & 11,1051,Grafikrechner Casio FX-CG50,1,119.0,119.0,1
B01478,Klasse 9 & 11,1059,Karteikarten A7 liniert 100 Stück,1,1.49,1.49,1
B01478,Klasse 9 & 11,1017,Zeichenblock A3 (20 Blatt),1,2.49,2.49,1
B01478,Klasse 9 & 11,1055,Kugelschreiber Grip 2011 M blau (dokumentenecht),2,4.5,9.0,1
B01478,Klasse 9 & 11,1041,Schnellhefter A4 Kunststoff gelb,2,0.5,1.0,1
B01478,Klasse 9 & 11,1031,Füllfederhalter Lamy Safari M,1,19.9,19.9,1
B01479,Klasse 7,1048,Hausaufgabenheft A5 Classic,1,1.99,1.99,0
B01479,Klasse 7,1059,Karteikarten A7 liniert 100 Stück,1,1.49,1.49,0
B01479,Klasse 7,1029,Geodreieck 16 cm transparent Aristo,1,1.2,1.2,0
B01480,Klasse 9,1057,Textmarker-Set Pastell 6 Farben Stabilo Boss,1,6.99,6.99,0
B01480,Klasse 9,1030,Geodreieck 22 cm Griff transparent,1,2.1,2.1,0
B01480,Klasse 9,1042,Schnellhefter A4 Kunststoff orange,2,0.5,1.0,0
B01480,Klasse 9,1040,Schnellhefter A4 Kunststoff grün,1,0.5,0.5,0
B01480,Klasse 9,1033,Tintenkiller Super Pirat (2er Pack),1,2.49,2.49,0
B01480,Klasse 9,1035,Buntstifte 24er Set dreikant,1,8.99,8.99,0
B01481,Klasse 12,1053,Ringbucheinlagen A4 liniert 100 Blatt,5,2.29,11.45,0
B01481,Klasse 12,1030,Geodreieck 22 cm Griff transparent,1,2.1,2.1,0
B01482,Klasse 11,1028,Collegeblock A4 liniert (80 Blatt),3,1.79,5.37,0
B01482,Klasse 11,1038,Schnellhefter A4 Kunststoff blau,2,0.5,1.0,0
B01483,Klasse 2,1007,Schreiblernbleistift Trio Grip (dick),2,1.99,3.98,0
B01483,Klasse 2,1017,Zeichenblock A3 (20 Blatt),1,2.49,2.49,0
B01483,Klasse 2,1005,Rechenheft A4 Lineatur 7 (7x7mm Kästchen),3,0.99,2.97,0
B01483,Klasse 2,1002,Schreiblernheft A4 Lineatur 2 (16 Blatt),1,0.99,0.99,0
B01483,Klasse 2,1039,Schnellhefter A4 Kunststoff rot,1,0.5,0.5,0
B01483,Klasse 2,1006,Rechenheft A4 Lineatur 8 (5x5mm Kästchen),5,0.99,4.95,0
B01484,Klasse 5,1017,Zeichenblock A3 (20 Blatt),1,2.49,2.49,0
B01484,Klasse 5,1044,Fineliner 10er Set Stabilo Point 88,1,7.99,7.99,0
B01484,Klasse 5,1015,Radiergummi soft (für Bleistifte),1,0.8,0.8,0
B01484,Klasse 5,1018,Tuschkasten K12 (12 Farben),1,9.95,9.95,0
B01484,Klasse 5,1039,Schnellhefter A4 Kunststoff rot,1,0.5,0.5,0
B01484,Klasse 5,1048,Hausaufgabenheft A5 Classic,1,1.99,1.99,0
B01484,Klasse 5,1025,Schulheft A4 kariert Lineatur 22 (16 Blatt),2,0.99,1.98,0
B01485,Klasse 5,1033,Tintenkiller Super Pirat (2er Pack),2,2.49,4.98,0
B01485,Klasse 5,1018,Tuschkasten K12 (12 Farben),1,9.95,9.95,0
B01485,Klasse 5,1035,Buntstifte 24er Set dreikant,1,8.99,8.99,0
B01485,Klasse 5,1037,Lineal 30cm Kunststoff transparent,1,1.1,1.1,0
B01485,Klasse 5,1032,Tintenpatronen blau T10 (5er Pack),1,1.8,1.8,0
B01485,Klasse 5,1025,Schulheft A4 kariert Lineatur 22 (16 Blatt),2,0.99,1.98,0
B01486,Klasse 9,1035,Buntstifte 24er Set dreikant,1,8.99,8.99,0
B01486,Klasse 9,1040,Schnellhefter A4 Kunststoff grün,3,0.5,1.5,0
B01486,Klasse 9,1059,Karteikarten A7 liniert 100 Stück,1,1.49,1.49,0
B01486,Klasse 9,1056,Kugelschreiber Grip 2011 M schwarz,2,4.5,9.0,0
B01486,Klasse 9,1024,Schulheft A4 liniert Lineatur 21 (16 Blatt),2,0.99,1.98,0
B01487,Klasse 11,1055,Kugelschreiber Grip 2011 M blau (dokumentenecht),2,4.5,9.0,0
B01487,Klasse 11,1057,Textmarker-Set Pastell 6 Farben Stabilo Boss,1,6.99,6.99,0
B01487,Klasse 11,1028,Collegeblock A4 liniert (80 Blatt),5,1.79,8.95,0
B01488,Klasse 5,1044,Fineliner 10er Set Stabilo Point 88,1,7.99,7.99,0
B01488,Klasse 5,1039,Schnellhefter A4 Kunststoff rot,1,0.5,0.5,0
B01488,Klasse 5,1048,Hausaufgabenheft A5 Classic,1,1.99,1.99,0
B01488,Klasse 5,1045,Ringbuch A4 schmal 25mm,2,2.99,5.98,0
B01488,Klasse 5,1060,Prospekthüllen A4 transparent 100er Pack,1,3.99,3.99,0
B01488,Klasse 5,1029,Geodreieck 16 cm transparent Aristo,1,1.2,1.2,0
B01488,Klasse 5,1027,Collegeblock A4 kariert (80 Blatt),5,1.79,8.95,0
B01489,Klasse 9,1035,Buntstifte 24er Set dreikant,1,8.99,8.99,0
B01489,Klasse 9,1030,Geodreieck 22 cm Griff transparent,1,2.1,2.1,0
B01489,Klasse 9,1040,Schnellhefter A4 Kunststoff grün,5,0.5,2.5,0
B01489,Klasse 9,1038,Schnellhefter A4 Kunststoff blau,2,0.5,1.0,0
B01489,Klasse 9,1045,Ringbuch A4 schmal 25mm,3,2.99,8.97,0
B01489,Klasse 9,1039,Schnellhefter A4 Kunststoff rot,3,0.5,1.5,0
B01489,Klasse 9,1049,Oxford Collegeblock A4 kariert (90g Papier),5,2.79,13.95,0
B01490,Klasse 10 & 11,1051,Grafikrechner Casio FX-CG50,1,119.0,119.0,1
B01490,Klasse 10 & 11,1056,Kugelschreiber Grip 2011 M schwarz,1,4.5,4.5,1
B01490,Klasse 10 & 11,1015,Radiergummi soft (für Bleistifte),1,0.8,0.8,1
B01490,Klasse 10 & 11,1053,Ringbucheinlagen A4 liniert 100 Blatt,10,2.29,22.9,1
B01491,Klasse 7,1020,Haarpinsel-Set (Größen 2/6/10),1,3.99,3.99,0
B01491,Klasse 7,1025,Schulheft A4 kariert Lineatur 22 (16 Blatt),2,0.99,1.98,0
B01491,Klasse 7,1019,Borstenpinsel-Set (Größen 4/8/12),1,3.5,3.5,0
B01491,Klasse 7,1043,Textmarker-Set 4 Farben Stabilo Boss,1,4.99,4.99,0
B01491,Klasse 7,1046,Ordner A4 breit 80mm schwarz,3,3.49,10.47,0
B01491,Klasse 7,1001,Schreiblernheft A4 Lineatur 1 (16 Blatt),1,0.99,0.99,0
B01492,Klasse 2 & 6,1002,Schreiblernheft A4 Lineatur 2 (16 Blatt),3,0.99,2.97,1
B01492,Klasse 2 & 6,1008,Buntstifte 12er Set dreikant (dick),1,5.49,5.49,1
B01492,Klasse 2 & 6,1017,Zeichenblock A3 (20 Blatt),1,2.49,2.49,1
B01492,Klasse 2 & 6,1009,Wachsmalkreiden 12er Set (wasservermalbar),1,6.99,6.99,1
B01492,Klasse 2 & 6,1028,Collegeblock A4 liniert (80 Blatt),3,1.79,5.37,1
B01492,Klasse 2 & 6,1047,Wissenschaftlicher Taschenrechner Casio fx-87DE X,1,24.99,24.99,1
B01492,Klasse 2 & 6,1026,Vokabelheft A5 Lineatur 53 (32 Blatt),1,1.29,1.29,1
B01492,Klasse 2 & 6,1040,Schnellhefter A4 Kunststoff grün,3,0.5,1.5,1
B01492,Klasse 2 & 6,1041,Schnellhefter A4 Kunststoff gelb,2,0.5,1.0,1
B01493,Klasse 5,1046,Ordner A4 breit 80mm schwarz,2,3.49,6.98,0
B01493,Klasse 5,1059,Karteikarten A7 liniert 100 Stück,1,1.49,1.49,0
B01493,Klasse 5,1015,Radiergummi soft (für Bleistifte),1,0.8,0.8,0
B01494,Klasse 8,1009,Wachsmalkreiden 12er Set (wasservermalbar),1,6.99,6.99,0
B01494,Klasse 8,1032,Tintenpatronen blau T10 (5er Pack),3,1.8,5.4,0
B01494,Klasse 8,1037,Lineal 30cm Kunststoff transparent,1,1.1,1.1,0
B01494,Klasse 8,1033,Tintenkiller Super Pirat (2er Pack),5,2.49,12.45,0
B01495,Klasse 10 & 12,1060,Prospekthüllen A4 transparent 100er Pack,1,3.99,3.99,1
B01495,Klasse 10 & 12,1044,Fineliner 10er Set Stabilo Point 88,1,7.99,7.99,1
B01495,Klasse 10 & 12,1055,Kugelschreiber Grip 2011 M blau (dokumentenecht),2,4.5,9.0,1
B01495,Klasse 10 & 12,1046,Ordner A4 breit 80mm schwarz,2,3.49,6.98,1
B01495,Klasse 10 & 12,1052,Formelsammlung Mathematik/Physik/Chemie Duden,1,12.99,12.99,1
B01496,Klasse 4,1018,Tuschkasten K12 (12 Farben),1,9.95,9.95,0
B01496,Klasse 4,1023,Hausaufgabenheft Grundschule A5,1,1.99,1.99,0
B01496,Klasse 4,1014,Doppelanspitzer Dose Trio Grip,1,2.99,2.99,0
B01496,Klasse 4,1003,Schreiblernheft A4 Lineatur 3 (16 Blatt),2,0.99,1.98,0
B01496,Klasse 4,1006,Rechenheft A4 Lineatur 8 (5x5mm Kästchen),2,0.99,1.98,0
B01496,Klasse 4,1015,Radiergummi soft (für Bleistifte),1,0.8,0.8,0
B01496,Klasse 4,1040,Schnellhefter A4 Kunststoff grün,3,0.5,1.5,0
B01497,Klasse 5,1032,Tintenpatronen blau T10 (5er Pack),3,1.8,5.4,0
B01497,Klasse 5,1014,Doppelanspitzer Dose Trio Grip,1,2.99,2.99,0
B01497,Klasse 5,1039,Schnellhefter A4 Kunststoff rot,3,0.5,1.5,0
B01497,Klasse 5,1041,Schnellhefter A4 Kunststoff gelb,1,0.5,0.5,0
B01497,Klasse 5,1046,Ordner A4 breit 80mm schwarz,5,3.49,17.45,0
B01498,Klasse 9,1059,Karteikarten A7 liniert 100 Stück,1,1.49,1.49,0
B01498,Klasse 9,1048,Hausaufgabenheft A5 Classic,1,1.99,1.99,0
B01498,Klasse 9,1039,Schnellhefter A4 Kunststoff rot,1,0.5,0.5,0
B01498,Klasse 9,1044,Fineliner 10er Set Stabilo Point 88,1,7.99,7.99,0
B01498,Klasse 9,1017,Zeichenblock A3 (20 Blatt),1,2.49,2.49,0
B01498,Klasse 9,1033,Tintenkiller Super Pirat (2er Pack),1,2.49,2.49,0
B01499,Klasse 9,1039,Schnellhefter A4 Kunststoff rot,1,0.5,0.5,0
B01499,Klasse 9,1056,Kugelschreiber Grip 2011 M schwarz,2,4.5,9.0,0
B01499,Klasse 9,1031,Füllfederhalter Lamy Safari M,1,19.9,19.9,0
B01499,Klasse 9,1046,Ordner A4 breit 80mm schwarz,1,3.49,3.49,0
B01499,Klasse 9,1025,Schulheft A4 kariert Lineatur 22 (16 Blatt),2,0.99,1.98,0
B01500,Klasse 4,1040,Schnellhefter A4 Kunststoff grün,2,0.5,1.0,0
B01500,Klasse 4,1019,Borstenpinsel-Set (Größen 4/8/12),1,3.5,3.5,0
B01500,Klasse 4,1003,Schreiblernheft A4 Lineatur 3 (16 Blatt),3,0.99,2.97,0
B01500,Klasse 4,1045,Ringbuch A4 schmal 25mm,3,2.99,8.97,0
B01501,Klasse 5,1042,Schnellhefter A4 Kunststoff orange,3,0.5,1.5,0
B01501,Klasse 5,1046,Ordner A4 breit 80mm schwarz,2,3.49,6.98,0
B01501,Klasse 5,1040,Schnellhefter A4 Kunststoff grün,2,0.5,1.0,0
B01501,Klasse 5,1032,Tintenpatronen blau T10 (5er Pack),1,1.8,1.8,0
B01501,Klasse 5,1045,Ringbuch A4 schmal 25mm,1,2.99,2.99,0
B01502,Klasse 12,1058,Haftnotizen Post-it 76x76mm gelb,1,1.99,1.99,0
B01502,Klasse 12,1029,Geodreieck 16 cm transparent Aristo,1,1.2,1.2,0
B01502,Klasse 12,1036,Bleistift HB Grip 2001 Faber-Castell,1,1.5,1.5,0
B01502,Klasse 12,1057,Textmarker-Set Pastell 6 Farben Stabilo Boss,1,6.99,6.99,0
B01502,Klasse 12,1027,Collegeblock A4 kariert (80 Blatt),2,1.79,3.58,0
B01503,Klasse 3,1017,Zeichenblock A3 (20 Blatt),1,2.49,2.49,0
B01503,Klasse 3,1042,Schnellhefter A4 Kunststoff orange,2,0.5,1.0,0
B01503,Klasse 3,1013,Klebestift Uhu Renature 21g,1,1.89,1.89,0
B01503,Klasse 3,1038,Schnellhefter A4 Kunststoff blau,2,0.5,1.0,0
B01503,Klasse 3,1018,Tuschkasten K12 (12 Farben),1,9.95,9.95,0
B01504,Klasse 1 & 12,1052,Formelsammlung Mathematik/Physik/Chemie Duden,1,12.99,12.99,1
B01504,Klasse 1 & 12,1045,Ringbuch A4 schmal 25mm,2,2.99,5.98,1
B01504,Klasse 1 & 12,1049,Oxford Collegeblock A4 kariert (90g Papier),5,2.79,13.95,1
B01504,Klasse 1 & 12,1051,Grafikrechner Casio FX-CG50,1,119.0,119.0,1
B01504,Klasse 1 & 12,1009,Wachsmalkreiden 12er Set (wasservermalbar),1,6.99,6.99,1
B01504,Klasse 1 & 12,1023,Hausaufgabenheft Grundschule A5,1,1.99,1.99,1
B01504,Klasse 1 & 12,1007,Schreiblernbleistift Trio Grip (dick),2,1.99,3.98,1
B01504,Klasse 1 & 12,1008,Buntstifte 12er Set dreikant (dick),1,5.49,5.49,1
B01504,Klasse 1 & 12,1041,Schnellhefter A4 Kunststoff gelb,2,0.5,1.0,1
B01504,Klasse 1 & 12,1021,Knete-Unterlage Kunststoff A3,1,1.99,1.99,1
B01504,Klasse 1 & 12,1038,Schnellhefter A4 Kunststoff blau,2,0.5,1.0,1
B01504,Klasse 1 & 12,1017,Zeichenblock A3 (20 Blatt),1,2.49,2.49,1
B01505,Klasse 9,1045,Ringbuch A4 schmal 25mm,2,2.99,5.98,0
B01505,Klasse 9,1018,Tuschkasten K12 (12 Farben),1,9.95,9.95,0
B01505,Klasse 9,1044,Fineliner 10er Set Stabilo Point 88,1,7.99,7.99,0
B01506,Klasse 3,1016,Sammelbox A4 Karton blau,3,2.49,7.47,0
B01506,Klasse 3,1039,Schnellhefter A4 Kunststoff rot,5,0.5,2.5,0
B01506,Klasse 3,1020,Haarpinsel-Set (Größen 2/6/10),1,3.99,3.99,0
B01506,Klasse 3,1041,Schnellhefter A4 Kunststoff gelb,3,0.5,1.5,0
B01506,Klasse 3,1040,Schnellhefter A4 Kunststoff grün,3,0.5,1.5,0
B01506,Klasse 3,1018,Tuschkasten K12 (12 Farben),1,9.95,9.95,0
B01507,Klasse 7,1047,Wissenschaftlicher Taschenrechner Casio fx-87DE X,1,24.99,24.99,0
B01507,Klasse 7,1035,Buntstifte 24er Set dreikant,1,8.99,8.99,0
B01507,Klasse 7,1042,Schnellhefter A4 Kunststoff orange,1,0.5,0.5,0
B01508,Klasse 1,1023,Hausaufgabenheft Grundschule A5,1,1.99,1.99,0
B01508,Klasse 1,1039,Schnellhefter A4 Kunststoff rot,5,0.5,2.5,0
B01508,Klasse 1,1017,Zeichenblock A3 (20 Blatt),1,2.49,2.49,0
B01508,Klasse 1,1011,Bastelschere rund 13cm Rechtshänder,1,2.2,2.2,0
B01508,Klasse 1,1013,Klebestift Uhu Renature 21g,1,1.89,1.89,0
B01509,Klasse 10,1042,Schnellhefter A4 Kunststoff orange,1,0.5,0.5,0
B01509,Klasse 10,1043,Textmarker-Set 4 Farben Stabilo Boss,1,4.99,4.99,0
B01510,Klasse 6,1044,Fineliner 10er Set Stabilo Point 88,1,7.99,7.99,0
B01510,Klasse 6,1040,Schnellhefter A4 Kunststoff grün,2,0.5,1.0,0
B01510,Klasse 6,1018,Tuschkasten K12 (12 Farben),1,9.95,9.95,0
B01510,Klasse 6,1045,Ringbuch A4 schmal 25mm,2,2.99,5.98,0
B01510,Klasse 6,1026,Vokabelheft A5 Lineatur 53 (32 Blatt),5,1.29,6.45,0
B01510,Klasse 6,1060,Prospekthüllen A4 transparent 100er Pack,1,3.99,3.99,0
B01510,Klasse 6,1017,Zeichenblock A3 (20 Blatt),1,2.49,2.49,0
B01511,Klasse 2,1016,Sammelbox A4 Karton blau,2,2.49,4.98,0
B01511,Klasse 2,1019,Borstenpinsel-Set (Größen 4/8/12),1,3.5,3.5,0
B01511,Klasse 2,1002,Schreiblernheft A4 Lineatur 2 (16 Blatt),3,0.99,2.97,0
B01511,Klasse 2,1042,Schnellhefter A4 Kunststoff orange,3,0.5,1.5,0
B01511,Klasse 2,1041,Schnellhefter A4 Kunststoff gelb,1,0.5,0.5,0
B01511,Klasse 2,1012,Bastelschere rund 13cm Linkshänder,1,2.2,2.2,0
B01511,Klasse 2,1040,Schnellhefter A4 Kunststoff grün,3,0.5,1.5,0
B01512,Klasse 10,1039,Schnellhefter A4 Kunststoff rot,2,0.5,1.0,0
B01512,Klasse 10,1028,Collegeblock A4 liniert (80 Blatt),2,1.79,3.58,0
B01512,Klasse 10,1042,Schnellhefter A4 Kunststoff orange,2,0.5,1.0,0
B01513,Klasse 12,1051,Grafikrechner Casio FX-CG50,1,119.0,119.0,0
B01513,Klasse 12,1056,Kugelschreiber Grip 2011 M schwarz,1,4.5,4.5,0
B01513,Klasse 12,1061,Tintenroller Pilot Frixion Ball 0.7 schwarz,3,3.29,9.87,0
B01514,Klasse 2 & 6,1009,Wachsmalkreiden 12er Set (wasservermalbar),1,6.99,6.99,1
B01514,Klasse 2 & 6,1002,Schreiblernheft A4 Lineatur 2 (16 Blatt),3,0.99,2.97,1
B01514,Klasse 2 & 6,1012,Bastelschere rund 13cm Linkshänder,1,2.2,2.2,1
B01514,Klasse 2 & 6,1005,Rechenheft A4 Lineatur 7 (7x7mm Kästchen),2,0.99,1.98,1
B01514,Klasse 2 & 6,1023,Hausaufgabenheft Grundschule A5,1,1.99,1.99,1
B01514,Klasse 2 & 6,1008,Buntstifte 12er Set dreikant (dick),1,5.49,5.49,1
B01514,Klasse 2 & 6,1043,Textmarker-Set 4 Farben Stabilo Boss,1,4.99,4.99,1
B01514,Klasse 2 & 6,1028,Collegeblock A4 liniert (80 Blatt),2,1.79,3.58,1
B01514,Klasse 2 & 6,1034,Schulkompass Zirkel Staedtler,1,8.5,8.5,1
B01514,Klasse 2 & 6,1047,Wissenschaftlicher Taschenrechner Casio fx-87DE X,1,24.99,24.99,1
B01515,Klasse 7,1060,Prospekthüllen A4 transparent 100er Pack,1,3.99,3.99,0
B01515,Klasse 7,1030,Geodreieck 22 cm Griff transparent,1,2.1,2.1,0
B01515,Klasse 7,1043,Textmarker-Set 4 Farben Stabilo Boss,1,4.99,4.99,0
B01516,Klasse 9 & 11,1027,Collegeblock A4 kariert (80 Blatt),2,1.79,3.58,1
B01516,Klasse 9 & 11,1033,Tintenkiller Super Pirat (2er Pack),1,2.49,2.49,1
B01516,Klasse 9 & 11,1054,Ringbucheinlagen A4 kariert 100 Blatt,10,2.29,22.9,1
B01516,Klasse 9 & 11,1026,Vokabelheft A5 Lineatur 53 (32 Blatt),5,1.29,6.45,1
B01516,Klasse 9 & 11,1019,Borstenpinsel-Set (Größen 4/8/12),1,3.5,3.5,1
B01516,Klasse 9 & 11,1028,Collegeblock A4 liniert (80 Blatt),3,1.79,5.37,1
B01516,Klasse 9 & 11,1018,Tuschkasten K12 (12 Farben),1,9.95,9.95,1
B01516,Klasse 9 & 11,1015,Radiergummi soft (für Bleistifte),1,0.8,0.8,1
B01517,Klasse 10,1028,Collegeblock A4 liniert (80 Blatt),1,1.79,1.79,0
B01517,Klasse 10,1060,Prospekthüllen A4 transparent 100er Pack,1,3.99,3.99,0
B01518,Klasse 7 & 11,1059,Karteikarten A7 liniert 100 Stück,1,1.49,1.49,1
B01518,Klasse 7 & 11,1043,Textmarker-Set 4 Farben Stabilo Boss,1,4.99,4.99,1
B01518,Klasse 7 & 11,1029,Geodreieck 16 cm transparent Aristo,1,1.2,1.2,1
B01518,Klasse 7 & 11,1061,Tintenroller Pilot Frixion Ball 0.7 schwarz,5,3.29,16.45,1
B01518,Klasse 7 & 11,1057,Textmarker-Set Pastell 6 Farben Stabilo Boss,1,6.99,6.99,1
B01518,Klasse 7 & 11,1027,Collegeblock A4 kariert (80 Blatt),5,1.79,8.95,1
B01518,Klasse 7 & 11,1024,Schulheft A4 liniert Lineatur 21 (16 Blatt),2,0.99,1.98,1
B01518,Klasse 7 & 11,1031,Füllfederhalter Lamy Safari M,1,19.9,19.9,1
B01518,Klasse 7 & 11,1034,Schulkompass Zirkel Staedtler,1,8.5,8.5,1
B01519,Klasse 4,1033,Tintenkiller Super Pirat (2er Pack),1,2.49,2.49,0
B01519,Klasse 4,1040,Schnellhefter A4 Kunststoff grün,1,0.5,0.5,0
B01519,Klasse 4,1004,Schulheft A4 Lineatur 4 (16 Blatt),3,0.99,2.97,0
B01519,Klasse 4,1038,Schnellhefter A4 Kunststoff blau,3,0.5,1.5,0
B01519,Klasse 4,1017,Zeichenblock A3 (20 Blatt),1,2.49,2.49,0
B01519,Klasse 4,1014,Doppelanspitzer Dose Trio Grip,1,2.99,2.99,0
B01519,Klasse 4,1019,Borstenpinsel-Set (Größen 4/8/12),1,3.5,3.5,0
B01520,Klasse 2,1023,Hausaufgabenheft Grundschule A5,1,1.99,1.99,0
B01520,Klasse 2,1017,Zeichenblock A3 (20 Blatt),1,2.49,2.49,0
B01520,Klasse 2,1012,Bastelschere rund 13cm Linkshänder,1,2.2,2.2,0
B01520,Klasse 2,1022,Schreiblern-Füller Lamy ABC,1,14.5,14.5,0
B01520,Klasse 2,1021,Knete-Unterlage Kunststoff A3,1,1.99,1.99,0
B01520,Klasse 2,1008,Buntstifte 12er Set dreikant (dick),1,5.49,5.49,0
B01520,Klasse 2,1015,Radiergummi soft (für Bleistifte),1,0.8,0.8,0
B01521,Klasse 7,1015,Radiergummi soft (für Bleistifte),1,0.8,0.8,0
B01521,Klasse 7,1026,Vokabelheft A5 Lineatur 53 (32 Blatt),2,1.29,2.58,0
B01521,Klasse 7,1061,Tintenroller Pilot Frixion Ball 0.7 schwarz,2,3.29,6.58,0
B01521,Klasse 7,1039,Schnellhefter A4 Kunststoff rot,3,0.5,1.5,0
B01521,Klasse 7,1024,Schulheft A4 liniert Lineatur 21 (16 Blatt),3,0.99,2.97,0
B01522,Klasse 8,1059,Karteikarten A7 liniert 100 Stück,1,1.49,1.49,0
B01522,Klasse 8,1026,Vokabelheft A5 Lineatur 53 (32 Blatt),2,1.29,2.58,0
B01522,Klasse 8,1041,Schnellhefter A4 Kunststoff gelb,2,0.5,1.0,0
B01523,Klasse 11,1036,Bleistift HB Grip 2001 Faber-Castell,5,1.5,7.5,0
B01523,Klasse 11,1043,Textmarker-Set 4 Farben Stabilo Boss,1,4.99,4.99,0
B01523,Klasse 11,1044,Fineliner 10er Set Stabilo Point 88,1,7.99,7.99,0
B01523,Klasse 11,1058,Haftnotizen Post-it 76x76mm gelb,1,1.99,1.99,0
B01523,Klasse 11,1037,Lineal 30cm Kunststoff transparent,1,1.1,1.1,0
B01524,Klasse 11,1030,Geodreieck 22 cm Griff transparent,1,2.1,2.1,0
B01524,Klasse 11,1029,Geodreieck 16 cm transparent Aristo,1,1.2,1.2,0
B01524,Klasse 11,1043,Textmarker-Set 4 Farben Stabilo Boss,1,4.99,4.99,0
B01524,Klasse 11,1057,Textmarker-Set Pastell 6 Farben Stabilo Boss,1,6.99,6.99,0
B01524,Klasse 11,1053,Ringbucheinlagen A4 liniert 100 Blatt,3,2.29,6.87,0
B01525,Klasse 1,1011,Bastelschere rund 13cm Rechtshänder,1,2.2,2.2,0
B01525,Klasse 1,1016,Sammelbox A4 Karton blau,5,2.49,12.45,0
B01525,Klasse 1,1040,Schnellhefter A4 Kunststoff grün,2,0.5,1.0,0
B01525,Klasse 1,1021,Knete-Unterlage Kunststoff A3,1,1.99,1.99,0
B01525,Klasse 1,1034,Schulkompass Zirkel Staedtler,1,8.5,8.5,0
B01525,Klasse 1,1041,Schnellhefter A4 Kunststoff gelb,3,0.5,1.5,0
B01525,Klasse 1,1017,Zeichenblock A3 (20 Blatt),1,2.49,2.49,0
B01526,Klasse 10,1038,Schnellhefter A4 Kunststoff blau,2,0.5,1.0,0
B01526,Klasse 10,1054,Ringbucheinlagen A4 kariert 100 Blatt,10,2.29,22.9,0
B01526,Klasse 10,1039,Schnellhefter A4 Kunststoff rot,1,0.5,0.5,0
B01527,Klasse 10,1047,Wissenschaftlicher Taschenrechner Casio fx-87DE X,1,24.99,24.99,0
B01527,Klasse 10,1052,Formelsammlung Mathematik/Physik/Chemie Duden,1,12.99,12.99,0
B01528,Klasse 6,1029,Geodreieck 16 cm transparent Aristo,1,1.2,1.2,0
B01528,Klasse 6,1020,Haarpinsel-Set (Größen 2/6/10),1,3.99,3.99,0
B01528,Klasse 6,1061,Tintenroller Pilot Frixion Ball 0.7 schwarz,1,3.29,3.29,0
B01528,Klasse 6,1032,Tintenpatronen blau T10 (5er Pack),5,1.8,9.0,0
B01528,Klasse 6,1042,Schnellhefter A4 Kunststoff orange,5,0.5,2.5,0
B01529,Klasse 1,1011,Bastelschere rund 13cm Rechtshänder,1,2.2,2.2,0
B01529,Klasse 1,1008,Buntstifte 12er Set dreikant (dick),1,5.49,5.49,0
B01529,Klasse 1,1014,Doppelanspitzer Dose Trio Grip,1,2.99,2.99,0
B01529,Klasse 1,1021,Knete-Unterlage Kunststoff A3,1,1.99,1.99,0
B01529,Klasse 1,1012,Bastelschere rund 13cm Linkshänder,1,2.2,2.2,0
B01529,Klasse 1,1023,Hausaufgabenheft Grundschule A5,1,1.99,1.99,0
B01529,Klasse 1,1039,Schnellhefter A4 Kunststoff rot,3,0.5,1.5,0
B01530,Klasse 4,1023,Hausaufgabenheft Grundschule A5,1,1.99,1.99,0
B01530,Klasse 4,1045,Ringbuch A4 schmal 25mm,3,2.99,8.97,0
B01530,Klasse 4,1011,Bastelschere rund 13cm Rechtshänder,1,2.2,2.2,0
B01530,Klasse 4,1008,Buntstifte 12er Set dreikant (dick),1,5.49,5.49,0
B01530,Klasse 4,1038,Schnellhefter A4 Kunststoff blau,2,0.5,1.0,0
B01530,Klasse 4,1042,Schnellhefter A4 Kunststoff orange,2,0.5,1.0,0
B01530,Klasse 4,1015,Radiergummi soft (für Bleistifte),1,0.8,0.8,0
B01530,Klasse 4,1041,Schnellhefter A4 Kunststoff gelb,5,0.5,2.5,0
B01531,Klasse 7,1015,Radiergummi soft (für Bleistifte),1,0.8,0.8,0
B01531,Klasse 7,1030,Geodreieck 22 cm Griff transparent,1,2.1,2.1,0
B01531,Klasse 7,1041,Schnellhefter A4 Kunststoff gelb,2,0.5,1.0,0
B01532,Klasse 10,1060,Prospekthüllen A4 transparent 100er Pack,1,3.99,3.99,0
B01532,Klasse 10,1037,Lineal 30cm Kunststoff transparent,1,1.1,1.1,0
B01532,Klasse 10,1048,Hausaufgabenheft A5 Classic,1,1.99,1.99,0
B01533,Klasse 2,1012,Bastelschere rund 13cm Linkshänder,1,2.2,2.2,0
B01533,Klasse 2,1010,Knetmasse 10 Farben,1,3.49,3.49,0
B01533,Klasse 2,1023,Hausaufgabenheft Grundschule A5,1,1.99,1.99,0
B01533,Klasse 2,1006,Rechenheft A4 Lineatur 8 (5x5mm Kästchen),5,0.99,4.95,0
B01533,Klasse 2,1019,Borstenpinsel-Set (Größen 4/8/12),1,3.5,3.5,0
B01534,Klasse 1 & 12,1018,Tuschkasten K12 (12 Farben),1,9.95,9.95,1
B01534,Klasse 1 & 12,1007,Schreiblernbleistift Trio Grip (dick),3,1.99,5.97,1
B01534,Klasse 1 & 12,1023,Hausaufgabenheft Grundschule A5,1,1.99,1.99,1
B01534,Klasse 1 & 12,1016,Sammelbox A4 Karton blau,1,2.49,2.49,1
B01534,Klasse 1 & 12,1039,Schnellhefter A4 Kunststoff rot,1,0.5,0.5,1
B01534,Klasse 1 & 12,1041,Schnellhefter A4 Kunststoff gelb,1,0.5,0.5,1
B01534,Klasse 1 & 12,1055,Kugelschreiber Grip 2011 M blau (dokumentenecht),1,4.5,4.5,1
B01534,Klasse 1 & 12,1045,Ringbuch A4 schmal 25mm,3,2.99,8.97,1
B01534,Klasse 1 & 12,1038,Schnellhefter A4 Kunststoff blau,2,0.5,1.0,1
B01534,Klasse 1 & 12,1052,Formelsammlung Mathematik/Physik/Chemie Duden,1,12.99,12.99,1
B01534,Klasse 1 & 12,1046,Ordner A4 breit 80mm schwarz,2,3.49,6.98,1
B01535,Klasse 7 & 11,1041,Schnellhefter A4 Kunststoff gelb,2,0.5,1.0,1
B01535,Klasse 7 & 11,1028,Collegeblock A4 liniert (80 Blatt),3,1.79,5.37,1
B01535,Klasse 7 & 11,1025,Schulheft A4 kariert Lineatur 22 (16 Blatt),2,0.99,1.98,1
B01535,Klasse 7 & 11,1034,Schulkompass Zirkel Staedtler,1,8.5,8.5,1
B01535,Klasse 7 & 11,1055,Kugelschreiber Grip 2011 M blau (dokumentenecht),1,4.5,4.5,1
B01536,Klasse 10,1055,Kugelschreiber Grip 2011 M blau (dokumentenecht),1,4.5,4.5,0
B01536,Klasse 10,1039,Schnellhefter A4 Kunststoff rot,3,0.5,1.5,0
B01536,Klasse 10,1034,Schulkompass Zirkel Staedtler,1,8.5,8.5,0
B01537,Klasse 3,1015,Radiergummi soft (für Bleistifte),1,0.8,0.8,0
B01537,Klasse 3,1039,Schnellhefter A4 Kunststoff rot,1,0.5,0.5,0
B01537,Klasse 3,1006,Rechenheft A4 Lineatur 8 (5x5mm Kästchen),2,0.99,1.98,0
B01537,Klasse 3,1008,Buntstifte 12er Set dreikant (dick),1,5.49,5.49,0
B01537,Klasse 3,1022,Schreiblern-Füller Lamy ABC,1,14.5,14.5,0
B01537,Klasse 3,1040,Schnellhefter A4 Kunststoff grün,2,0.5,1.0,0
B01538,Klasse 7,1026,Vokabelheft A5 Lineatur 53 (32 Blatt),2,1.29,2.58,0
B01538,Klasse 7,1048,Hausaufgabenheft A5 Classic,1,1.99,1.99,0
B01538,Klasse 7,1018,Tuschkasten K12 (12 Farben),1,9.95,9.95,0
B01538,Klasse 7,1043,Textmarker-Set 4 Farben Stabilo Boss,1,4.99,4.99,0
B01539,Klasse 1,1010,Knetmasse 10 Farben,1,3.49,3.49,0
B01539,Klasse 1,1020,Haarpinsel-Set (Größen 2/6/10),1,3.99,3.99,0
B01539,Klasse 1,1021,Knete-Unterlage Kunststoff A3,1,1.99,1.99,0
B01539,Klasse 1,1041,Schnellhefter A4 Kunststoff gelb,1,0.5,0.5,0
B01539,Klasse 1,1038,Schnellhefter A4 Kunststoff blau,5,0.5,2.5,0
B01539,Klasse 1,1012,Bastelschere rund 13cm Linkshänder,1,2.2,2.2,0
B01539,Klasse 1,1013,Klebestift Uhu Renature 21g,1,1.89,1.89,0
B01539,Klasse 1,1018,Tuschkasten K12 (12 Farben),1,9.95,9.95,0
B01540,Klasse 1 & 11,1051,Grafikrechner Casio FX-CG50,1,119.0,119.0,1
B01540,Klasse 1 & 11,1058,Haftnotizen Post-it 76x76mm gelb,1,1.99,1.99,1
B01540,Klasse 1 & 11,1037,Lineal 30cm Kunststoff transparent,1,1.1,1.1,1
B01540,Klasse 1 & 11,1039,Schnellhefter A4 Kunststoff rot,1,0.5,0.5,1
B01540,Klasse 1 & 11,1007,Schreiblernbleistift Trio Grip (dick),3,1.99,5.97,1
B01540,Klasse 1 & 11,1017,Zeichenblock A3 (20 Blatt),1,2.49,2.49,1
B01540,Klasse 1 & 11,1012,Bastelschere rund 13cm Linkshänder,1,2.2,2.2,1
B01540,Klasse 1 & 11,1010,Knetmasse 10 Farben,1,3.49,3.49,1
B01541,Klasse 5 & 11,1036,Bleistift HB Grip 2001 Faber-Castell,3,1.5,4.5,1
B01541,Klasse 5 & 11,1015,Radiergummi soft (für Bleistifte),1,0.8,0.8,1
B01541,Klasse 5 & 11,1045,Ringbuch A4 schmal 25mm,1,2.99,2.99,1
B01541,Klasse 5 & 11,1032,Tintenpatronen blau T10 (5er Pack),3,1.8,5.4,1
B01541,Klasse 5 & 11,1054,Ringbucheinlagen A4 kariert 100 Blatt,5,2.29,11.45,1
B01541,Klasse 5 & 11,1056,Kugelschreiber Grip 2011 M schwarz,1,4.5,4.5,1
B01541,Klasse 5 & 11,1055,Kugelschreiber Grip 2011 M blau (dokumentenecht),3,4.5,13.5,1
B01541,Klasse 5 & 11,1043,Textmarker-Set 4 Farben Stabilo Boss,1,4.99,4.99,1
B01542,Klasse 12,1036,Bleistift HB Grip 2001 Faber-Castell,1,1.5,1.5,0
B01542,Klasse 12,1044,Fineliner 10er Set Stabilo Point 88,1,7.99,7.99,0
B01542,Klasse 12,1051,Grafikrechner Casio FX-CG50,1,119.0,119.0,0
B01542,Klasse 12,1054,Ringbucheinlagen A4 kariert 100 Blatt,2,2.29,4.58,0
B01542,Klasse 12,1037,Lineal 30cm Kunststoff transparent,1,1.1,1.1,0
B01543,Klasse 8,1027,Collegeblock A4 kariert (80 Blatt),2,1.79,3.58,0
B01543,Klasse 8,1061,Tintenroller Pilot Frixion Ball 0.7 schwarz,1,3.29,3.29,0
B01543,Klasse 8,1031,Füllfederhalter Lamy Safari M,1,19.9,19.9,0
B01543,Klasse 8,1029,Geodreieck 16 cm transparent Aristo,1,1.2,1.2,0
B01543,Klasse 8,1037,Lineal 30cm Kunststoff transparent,1,1.1,1.1,0
B01543,Klasse 8,1018,Tuschkasten K12 (12 Farben),1,9.95,9.95,0
B01544,Klasse 9,1037,Lineal 30cm Kunststoff transparent,1,1.1,1.1,0
B01544,Klasse 9,1054,Ringbucheinlagen A4 kariert 100 Blatt,3,2.29,6.87,0
B01544,Klasse 9,1025,Schulheft A4 kariert Lineatur 22 (16 Blatt),3,0.99,2.97,0
B01544,Klasse 9,1032,Tintenpatronen blau T10 (5er Pack),2,1.8,3.6,0
B01545,Klasse 1,1002,Schreiblernheft A4 Lineatur 2 (16 Blatt),2,0.99,1.98,0
B01545,Klasse 1,1010,Knetmasse 10 Farben,1,3.49,3.49,0
B01545,Klasse 1,1019,Borstenpinsel-Set (Größen 4/8/12),1,3.5,3.5,0
B01545,Klasse 1,1005,Rechenheft A4 Lineatur 7 (7x7mm Kästchen),3,0.99,2.97,0
B01545,Klasse 1,1018,Tuschkasten K12 (12 Farben),1,9.95,9.95,0
B01545,Klasse 1,1016,Sammelbox A4 Karton blau,1,2.49,2.49,0
B01546,Klasse 3,1039,Schnellhefter A4 Kunststoff rot,3,0.5,1.5,0
B01546,Klasse 3,1003,Schreiblernheft A4 Lineatur 3 (16 Blatt),5,0.99,4.95,0
B01546,Klasse 3,1018,Tuschkasten K12 (12 Farben),1,9.95,9.95,0
B01546,Klasse 3,1013,Klebestift Uhu Renature 21g,1,1.89,1.89,0
B01546,Klasse 3,1042,Schnellhefter A4 Kunststoff orange,2,0.5,1.0,0
B01546,Klasse 3,1020,Haarpinsel-Set (Größen 2/6/10),1,3.99,3.99,0
B01547,Klasse 1 & 8,1042,Schnellhefter A4 Kunststoff orange,3,0.5,1.5,1
B01547,Klasse 1 & 8,1019,Borstenpinsel-Set (Größen 4/8/12),1,3.5,3.5,1
B01547,Klasse 1 & 8,1038,Schnellhefter A4 Kunststoff blau,2,0.5,1.0,1
B01547,Klasse 1 & 8,1010,Knetmasse 10 Farben,1,3.49,3.49,1
B01547,Klasse 1 & 8,1041,Schnellhefter A4 Kunststoff gelb,2,0.5,1.0,1
B01547,Klasse 1 & 8,1039,Schnellhefter A4 Kunststoff rot,3,0.5,1.5,1
B01547,Klasse 1 & 8,1045,Ringbuch A4 schmal 25mm,1,2.99,2.99,1
B01547,Klasse 1 & 8,1020,Haarpinsel-Set (Größen 2/6/10),1,3.99,3.99,1
B01548,Klasse 6 & 9,1032,Tintenpatronen blau T10 (5er Pack),2,1.8,3.6,1
B01548,Klasse 6 & 9,1037,Lineal 30cm Kunststoff transparent,1,1.1,1.1,1
B01548,Klasse 6 & 9,1019,Borstenpinsel-Set (Größen 4/8/12),1,3.5,3.5,1
B01548,Klasse 6 & 9,1027,Collegeblock A4 kariert (80 Blatt),5,1.79,8.95,1
B01548,Klasse 6 & 9,1044,Fineliner 10er Set Stabilo Point 88,1,7.99,7.99,1
B01548,Klasse 6 & 9,1038,Schnellhefter A4 Kunststoff blau,3,0.5,1.5,1
B01548,Klasse 6 & 9,1040,Schnellhefter A4 Kunststoff grün,2,0.5,1.0,1
B01549,Klasse 2 & 12,1042,Schnellhefter A4 Kunststoff orange,2,0.5,1.0,1
B01549,Klasse 2 & 12,1040,Schnellhefter A4 Kunststoff grün,1,0.5,0.5,1
B01549,Klasse 2 & 12,1012,Bastelschere rund 13cm Linkshänder,1,2.2,2.2,1
B01549,Klasse 2 & 12,1010,Knetmasse 10 Farben,1,3.49,3.49,1
B01549,Klasse 2 & 12,1052,Formelsammlung Mathematik/Physik/Chemie Duden,1,12.99,12.99,1
B01549,Klasse 2 & 12,1027,Collegeblock A4 kariert (80 Blatt),2,1.79,3.58,1
B01549,Klasse 2 & 12,1030,Geodreieck 22 cm Griff transparent,1,2.1,2.1,1
B01549,Klasse 2 & 12,1049,Oxford Collegeblock A4 kariert (90g Papier),3,2.79,8.37,1
B01549,Klasse 2 & 12,1036,Bleistift HB Grip 2001 Faber-Castell,2,1.5,3.0,1
B01550,Klasse 2,1021,Knete-Unterlage Kunststoff A3,1,1.99,1.99,0
B01550,Klasse 2,1007,Schreiblernbleistift Trio Grip (dick),1,1.99,1.99,0
B01550,Klasse 2,1010,Knetmasse 10 Farben,1,3.49,3.49,0
B01550,Klasse 2,1023,Hausaufgabenheft Grundschule A5,1,1.99,1.99,0
B01551,Klasse 10,1039,Schnellhefter A4 Kunststoff rot,3,0.5,1.5,0
B01551,Klasse 10,1061,Tintenroller Pilot Frixion Ball 0.7 schwarz,2,3.29,6.58,0
B01551,Klasse 10,1030,Geodreieck 22 cm Griff transparent,1,2.1,2.1,0
B01552,Klasse 5,1032,Tintenpatronen blau T10 (5er Pack),2,1.8,3.6,0
B01552,Klasse 5,1043,Textmarker-Set 4 Farben Stabilo Boss,1,4.99,4.99,0
B01552,Klasse 5,1026,Vokabelheft A5 Lineatur 53 (32 Blatt),3,1.29,3.87,0
B01552,Klasse 5,1033,Tintenkiller Super Pirat (2er Pack),2,2.49,4.98,0
B01552,Klasse 5,1020,Haarpinsel-Set (Größen 2/6/10),1,3.99,3.99,0
B01552,Klasse 5,1035,Buntstifte 24er Set dreikant,1,8.99,8.99,0
B01552,Klasse 5,1019,Borstenpinsel-Set (Größen 4/8/12),1,3.5,3.5,0
B01553,Klasse 7 & 8,1015,Radiergummi soft (für Bleistifte),1,0.8,0.8,1
B01553,Klasse 7 & 8,1042,Schnellhefter A4 Kunststoff orange,3,0.5,1.5,1
B01553,Klasse 7 & 8,1030,Geodreieck 22 cm Griff transparent,1,2.1,2.1,1
B01553,Klasse 7 & 8,1036,Bleistift HB Grip 2001 Faber-Castell,1,1.5,1.5,1
B01553,Klasse 7 & 8,1033,Tintenkiller Super Pirat (2er Pack),3,2.49,7.47,1
B01553,Klasse 7 & 8,1028,Collegeblock A4 liniert (80 Blatt),3,1.79,5.37,1
B01553,Klasse 7 & 8,1034,Schulkompass Zirkel Staedtler,1,8.5,8.5,1
B01553,Klasse 7 & 8,1018,Tuschkasten K12 (12 Farben),1,9.95,9.95,1
B01553,Klasse 7 & 8,1061,Tintenroller Pilot Frixion Ball 0.7 schwarz,2,3.29,6.58,1
B01553,Klasse 7 & 8,1040,Schnellhefter A4 Kunststoff grün,3,0.5,1.5,1
B01553,Klasse 7 & 8,1037,Lineal 30cm Kunststoff transparent,1,1.1,1.1,1
B01554,Klasse 8,1042,Schnellhefter A4 Kunststoff orange,3,0.5,1.5,0
B01554,Klasse 8,1038,Schnellhefter A4 Kunststoff blau,1,0.5,0.5,0
B01554,Klasse 8,1020,Haarpinsel-Set (Größen 2/6/10),1,3.99,3.99,0
B01554,Klasse 8,1024,Schulheft A4 liniert Lineatur 21 (16 Blatt),3,0.99,2.97,0
B01554,Klasse 8,1019,Borstenpinsel-Set (Größen 4/8/12),1,3.5,3.5,0
B01554,Klasse 8,1059,Karteikarten A7 liniert 100 Stück,1,1.49,1.49,0
B01555,Klasse 4,1036,Bleistift HB Grip 2001 Faber-Castell,3,1.5,4.5,0
B01555,Klasse 4,1011,Bastelschere rund 13cm Rechtshänder,1,2.2,2.2,0
B01555,Klasse 4,1033,Tintenkiller Super Pirat (2er Pack),1,2.49,2.49,0
B01555,Klasse 4,1023,Hausaufgabenheft Grundschule A5,1,1.99,1.99,0
B01555,Klasse 4,1012,Bastelschere rund 13cm Linkshänder,1,2.2,2.2,0
B01555,Klasse 4,1020,Haarpinsel-Set (Größen 2/6/10),1,3.99,3.99,0
B01555,Klasse 4,1041,Schnellhefter A4 Kunststoff gelb,2,0.5,1.0,0
B01555,Klasse 4,1016,Sammelbox A4 Karton blau,3,2.49,7.47,0
B01556,Klasse 7,1024,Schulheft A4 liniert Lineatur 21 (16 Blatt),5,0.99,4.95,0
B01556,Klasse 7,1028,Collegeblock A4 liniert (80 Blatt),2,1.79,3.58,0
B01556,Klasse 7,1027,Collegeblock A4 kariert (80 Blatt),10,1.79,17.9,0
B01557,Klasse 7,1034,Schulkompass Zirkel Staedtler,1,8.5,8.5,0
B01557,Klasse 7,1015,Radiergummi soft (für Bleistifte),1,0.8,0.8,0
B01557,Klasse 7,1038,Schnellhefter A4 Kunststoff blau,3,0.5,1.5,0
B01558,Klasse 9,1019,Borstenpinsel-Set (Größen 4/8/12),1,3.5,3.5,0
B01558,Klasse 9,1027,Collegeblock A4 kariert (80 Blatt),3,1.79,5.37,0
B01558,Klasse 9,1055,Kugelschreiber Grip 2011 M blau (dokumentenecht),1,4.5,4.5,0
B01559,Klasse 11,1057,Textmarker-Set Pastell 6 Farben Stabilo Boss,1,6.99,6.99,0
B01559,Klasse 11,1027,Collegeblock A4 kariert (80 Blatt),3,1.79,5.37,0
B01559,Klasse 11,1043,Textmarker-Set 4 Farben Stabilo Boss,1,4.99,4.99,0
B01559,Klasse 11,1054,Ringbucheinlagen A4 kariert 100 Blatt,1,2.29,2.29,0
B01559,Klasse 11,1055,Kugelschreiber Grip 2011 M blau (dokumentenecht),3,4.5,13.5,0
B01560,Klasse 5,1020,Haarpinsel-Set (Größen 2/6/10),1,3.99,3.99,0
B01560,Klasse 5,1025,Schulheft A4 kariert Lineatur 22 (16 Blatt),3,0.99,2.97,0
B01560,Klasse 5,1048,Hausaufgabenheft A5 Classic,1,1.99,1.99,0
B01560,Klasse 5,1013,Klebestift Uhu Renature 21g,1,1.89,1.89,0
B01560,Klasse 5,1039,Schnellhefter A4 Kunststoff rot,3,0.5,1.5,0
B01561,Klasse 7,1035,Buntstifte 24er Set dreikant,1,8.99,8.99,0
B01561,Klasse 7,1024,Schulheft A4 liniert Lineatur 21 (16 Blatt),3,0.99,2.97,0
B01561,Klasse 7,1032,Tintenpatronen blau T10 (5er Pack),5,1.8,9.0,0
B01562,Klasse 6,1027,Collegeblock A4 kariert (80 Blatt),3,1.79,5.37,0
B01562,Klasse 6,1019,Borstenpinsel-Set (Größen 4/8/12),1,3.5,3.5,0
B01562,Klasse 6,1043,Textmarker-Set 4 Farben Stabilo Boss,1,4.99,4.99,0
B01562,Klasse 6,1039,Schnellhefter A4 Kunststoff rot,2,0.5,1.0,0
B01562,Klasse 6,1026,Vokabelheft A5 Lineatur 53 (32 Blatt),2,1.29,2.58,0
B01563,Klasse 1,1023,Hausaufgabenheft Grundschule A5,1,1.99,1.99,0
B01563,Klasse 1,1001,Schreiblernheft A4 Lineatur 1 (16 Blatt),5,0.99,4.95,0
B01563,Klasse 1,1010,Knetmasse 10 Farben,1,3.49,3.49,0
B01563,Klasse 1,1007,Schreiblernbleistift Trio Grip (dick),1,1.99,1.99,0
B01563,Klasse 1,1013,Klebestift Uhu Renature 21g,1,1.89,1.89,0
B01563,Klasse 1,1042,Schnellhefter A4 Kunststoff orange,3,0.5,1.5,0
B01564,Klasse 1 & 6,1046,Ordner A4 breit 80mm schwarz,1,3.49,3.49,1
B01564,Klasse 1 & 6,1060,Prospekthüllen A4 transparent 100er Pack,1,3.99,3.99,1
B01564,Klasse 1 & 6,1043,Textmarker-Set 4 Farben Stabilo Boss,1,4.99,4.99,1
B01564,Klasse 1 & 6,1040,Schnellhefter A4 Kunststoff grün,2,0.5,1.0,1
B01564,Klasse 1 & 6,1017,Zeichenblock A3 (20 Blatt),1,2.49,2.49,1
B01564,Klasse 1 & 6,1009,Wachsmalkreiden 12er Set (wasservermalbar),1,6.99,6.99,1
B01564,Klasse 1 & 6,1010,Knetmasse 10 Farben,1,3.49,3.49,1
B01564,Klasse 1 & 6,1016,Sammelbox A4 Karton blau,3,2.49,7.47,1
B01564,Klasse 1 & 6,1019,Borstenpinsel-Set (Größen 4/8/12),1,3.5,3.5,1
B01564,Klasse 1 & 6,1020,Haarpinsel-Set (Größen 2/6/10),1,3.99,3.99,1
B01564,Klasse 1 & 6,1007,Schreiblernbleistift Trio Grip (dick),1,1.99,1.99,1
B01564,Klasse 1 & 6,1038,Schnellhefter A4 Kunststoff blau,1,0.5,0.5,1
B01564,Klasse 1 & 6,1001,Schreiblernheft A4 Lineatur 1 (16 Blatt),3,0.99,2.97,1
B01565,Klasse 1,1009,Wachsmalkreiden 12er Set (wasservermalbar),1,6.99,6.99,0
B01565,Klasse 1,1016,Sammelbox A4 Karton blau,1,2.49,2.49,0
B01565,Klasse 1,1018,Tuschkasten K12 (12 Farben),1,9.95,9.95,0
B01565,Klasse 1,1012,Bastelschere rund 13cm Linkshänder,1,2.2,2.2,0
B01565,Klasse 1,1013,Klebestift Uhu Renature 21g,1,1.89,1.89,0
B01565,Klasse 1,1019,Borstenpinsel-Set (Größen 4/8/12),1,3.5,3.5,0
B01566,Klasse 1,1017,Zeichenblock A3 (20 Blatt),1,2.49,2.49,0
B01566,Klasse 1,1021,Knete-Unterlage Kunststoff A3,1,1.99,1.99,0
B01566,Klasse 1,1009,Wachsmalkreiden 12er Set (wasservermalbar),1,6.99,6.99,0
B01566,Klasse 1,1016,Sammelbox A4 Karton blau,2,2.49,4.98,0
B01566,Klasse 1,1014,Doppelanspitzer Dose Trio Grip,1,2.99,2.99,0
B01566,Klasse 1,1011,Bastelschere rund 13cm Rechtshänder,1,2.2,2.2,0
B01566,Klasse 1,1019,Borstenpinsel-Set (Größen 4/8/12),1,3.5,3.5,0
B01566,Klasse 1,1020,Haarpinsel-Set (Größen 2/6/10),1,3.99,3.99,0
B01566,Klasse 1,1042,Schnellhefter A4 Kunststoff orange,2,0.5,1.0,0
B01567,Klasse 12,1029,Geodreieck 16 cm transparent Aristo,1,1.2,1.2,0
B01567,Klasse 12,1056,Kugelschreiber Grip 2011 M schwarz,1,4.5,4.5,0
B01568,Klasse 12,1051,Grafikrechner Casio FX-CG50,1,119.0,119.0,0
B01568,Klasse 12,1057,Textmarker-Set Pastell 6 Farben Stabilo Boss,1,6.99,6.99,0
B01568,Klasse 12,1030,Geodreieck 22 cm Griff transparent,1,2.1,2.1,0
B01569,Klasse 8,1030,Geodreieck 22 cm Griff transparent,1,2.1,2.1,0
B01569,Klasse 8,1025,Schulheft A4 kariert Lineatur 22 (16 Blatt),5,0.99,4.95,0
B01569,Klasse 8,1015,Radiergummi soft (für Bleistifte),1,0.8,0.8,0
B01570,Klasse 2,1021,Knete-Unterlage Kunststoff A3,1,1.99,1.99,0
B01570,Klasse 2,1001,Schreiblernheft A4 Lineatur 1 (16 Blatt),5,0.99,4.95,0
B01570,Klasse 2,1013,Klebestift Uhu Renature 21g,1,1.89,1.89,0
B01570,Klasse 2,1002,Schreiblernheft A4 Lineatur 2 (16 Blatt),5,0.99,4.95,0
B01570,Klasse 2,1008,Buntstifte 12er Set dreikant (dick),1,5.49,5.49,0
B01570,Klasse 2,1006,Rechenheft A4 Lineatur 8 (5x5mm Kästchen),5,0.99,4.95,0
B01570,Klasse 2,1022,Schreiblern-Füller Lamy ABC,1,14.5,14.5,0
B01571,Klasse 1,1040,Schnellhefter A4 Kunststoff grün,2,0.5,1.0,0
B01571,Klasse 1,1005,Rechenheft A4 Lineatur 7 (7x7mm Kästchen),5,0.99,4.95,0
B01571,Klasse 1,1012,Bastelschere rund 13cm Linkshänder,1,2.2,2.2,0
B01571,Klasse 1,1017,Zeichenblock A3 (20 Blatt),1,2.49,2.49,0
B01571,Klasse 1,1007,Schreiblernbleistift Trio Grip (dick),2,1.99,3.98,0
B01571,Klasse 1,1039,Schnellhefter A4 Kunststoff rot,1,0.5,0.5,0
B01572,Klasse 11,1015,Radiergummi soft (für Bleistifte),1,0.8,0.8,0
B01572,Klasse 11,1054,Ringbucheinlagen A4 kariert 100 Blatt,3,2.29,6.87,0
B01572,Klasse 11,1053,Ringbucheinlagen A4 liniert 100 Blatt,10,2.29,22.9,0
B01573,Klasse 1,1019,Borstenpinsel-Set (Größen 4/8/12),1,3.5,3.5,0
B01573,Klasse 1,1010,Knetmasse 10 Farben,1,3.49,3.49,0
B01573,Klasse 1,1017,Zeichenblock A3 (20 Blatt),1,2.49,2.49,0
B01573,Klasse 1,1005,Rechenheft A4 Lineatur 7 (7x7mm Kästchen),3,0.99,2.97,0
B01573,Klasse 1,1039,Schnellhefter A4 Kunststoff rot,2,0.5,1.0,0
B01573,Klasse 1,1015,Radiergummi soft (für Bleistifte),1,0.8,0.8,0
B01573,Klasse 1,1009,Wachsmalkreiden 12er Set (wasservermalbar),1,6.99,6.99,0
B01573,Klasse 1,1016,Sammelbox A4 Karton blau,3,2.49,7.47,0
B01574,Klasse 1 & 12,1020,Haarpinsel-Set (Größen 2/6/10),1,3.99,3.99,1
B01574,Klasse 1 & 12,1042,Schnellhefter A4 Kunststoff orange,2,0.5,1.0,1
B01574,Klasse 1 & 12,1021,Knete-Unterlage Kunststoff A3,1,1.99,1.99,1
B01574,Klasse 1 & 12,1016,Sammelbox A4 Karton blau,2,2.49,4.98,1
B01574,Klasse 1 & 12,1019,Borstenpinsel-Set (Größen 4/8/12),1,3.5,3.5,1
B01574,Klasse 1 & 12,1038,Schnellhefter A4 Kunststoff blau,5,0.5,2.5,1
B01574,Klasse 1 & 12,1018,Tuschkasten K12 (12 Farben),1,9.95,9.95,1
B01574,Klasse 1 & 12,1045,Ringbuch A4 schmal 25mm,1,2.99,2.99,1
B01574,Klasse 1 & 12,1044,Fineliner 10er Set Stabilo Point 88,1,7.99,7.99,1
B01574,Klasse 1 & 12,1054,Ringbucheinlagen A4 kariert 100 Blatt,3,2.29,6.87,1
B01575,Klasse 10,1029,Geodreieck 16 cm transparent Aristo,1,1.2,1.2,0
B01575,Klasse 10,1040,Schnellhefter A4 Kunststoff grün,3,0.5,1.5,0
B01575,Klasse 10,1054,Ringbucheinlagen A4 kariert 100 Blatt,3,2.29,6.87,0
B01575,Klasse 10,1042,Schnellhefter A4 Kunststoff orange,3,0.5,1.5,0
B01576,Klasse 8,1039,Schnellhefter A4 Kunststoff rot,3,0.5,1.5,0
B01576,Klasse 8,1024,Schulheft A4 liniert Lineatur 21 (16 Blatt),5,0.99,4.95,0
B01576,Klasse 8,1047,Wissenschaftlicher Taschenrechner Casio fx-87DE X,1,24.99,24.99,0
B01576,Klasse 8,1046,Ordner A4 breit 80mm schwarz,3,3.49,10.47,0
B01576,Klasse 8,1061,Tintenroller Pilot Frixion Ball 0.7 schwarz,1,3.29,3.29,0
B01576,Klasse 8,1060,Prospekthüllen A4 transparent 100er Pack,1,3.99,3.99,0
B01576,Klasse 8,1038,Schnellhefter A4 Kunststoff blau,3,0.5,1.5,0
B01577,Klasse 7,1042,Schnellhefter A4 Kunststoff orange,1,0.5,0.5,0
B01577,Klasse 7,1045,Ringbuch A4 schmal 25mm,3,2.99,8.97,0
B01577,Klasse 7,1039,Schnellhefter A4 Kunststoff rot,3,0.5,1.5,0
B01577,Klasse 7,1033,Tintenkiller Super Pirat (2er Pack),1,2.49,2.49,0
B01577,Klasse 7,1048,Hausaufgabenheft A5 Classic,1,1.99,1.99,0
B01578,Klasse 4,1006,Rechenheft A4 Lineatur 8 (5x5mm Kästchen),2,0.99,1.98,0
B01578,Klasse 4,1016,Sammelbox A4 Karton blau,5,2.49,12.45,0
B01578,Klasse 4,1019,Borstenpinsel-Set (Größen 4/8/12),1,3.5,3.5,0
B01578,Klasse 4,1015,Radiergummi soft (für Bleistifte),1,0.8,0.8,0
B01578,Klasse 4,1028,Collegeblock A4 liniert (80 Blatt),5,1.79,8.95,0
B01578,Klasse 4,1038,Schnellhefter A4 Kunststoff blau,3,0.5,1.5,0
B01578,Klasse 4,1012,Bastelschere rund 13cm Linkshänder,1,2.2,2.2,0
B01579,Klasse 2 & 9,1008,Buntstifte 12er Set dreikant (dick),1,5.49,5.49,1
B01579,Klasse 2 & 9,1013,Klebestift Uhu Renature 21g,1,1.89,1.89,1
B01579,Klasse 2 & 9,1039,Schnellhefter A4 Kunststoff rot,2,0.5,1.0,1
B01579,Klasse 2 & 9,1015,Radiergummi soft (für Bleistifte),1,0.8,0.8,1
B01579,Klasse 2 & 9,1012,Bastelschere rund 13cm Linkshänder,1,2.2,2.2,1
B01579,Klasse 2 & 9,1018,Tuschkasten K12 (12 Farben),1,9.95,9.95,1
B01579,Klasse 2 & 9,1038,Schnellhefter A4 Kunststoff blau,2,0.5,1.0,1
B01579,Klasse 2 & 9,1011,Bastelschere rund 13cm Rechtshänder,1,2.2,2.2,1
B01579,Klasse 2 & 9,1058,Haftnotizen Post-it 76x76mm gelb,1,1.99,1.99,1
B01580,Klasse 11,1050,Oxford Collegeblock A4 liniert (90g Papier),1,2.79,2.79,0
B01580,Klasse 11,1059,Karteikarten A7 liniert 100 Stück,1,1.49,1.49,0
B01581,Klasse 9 & 10,1020,Haarpinsel-Set (Größen 2/6/10),1,3.99,3.99,1
B01581,Klasse 9 & 10,1047,Wissenschaftlicher Taschenrechner Casio fx-87DE X,1,24.99,24.99,1
B01581,Klasse 9 & 10,1039,Schnellhefter A4 Kunststoff rot,3,0.5,1.5,1
B01581,Klasse 9 & 10,1040,Schnellhefter A4 Kunststoff grün,3,0.5,1.5,1
B01581,Klasse 9 & 10,1037,Lineal 30cm Kunststoff transparent,1,1.1,1.1,1
B01581,Klasse 9 & 10,1044,Fineliner 10er Set Stabilo Point 88,1,7.99,7.99,1
B01582,Klasse 2 & 11,1009,Wachsmalkreiden 12er Set (wasservermalbar),1,6.99,6.99,1
B01582,Klasse 2 & 11,1011,Bastelschere rund 13cm Rechtshänder,1,2.2,2.2,1
B01582,Klasse 2 & 11,1017,Zeichenblock A3 (20 Blatt),1,2.49,2.49,1
B01582,Klasse 2 & 11,1013,Klebestift Uhu Renature 21g,1,1.89,1.89,1
B01582,Klasse 2 & 11,1039,Schnellhefter A4 Kunststoff rot,1,0.5,0.5,1
B01582,Klasse 2 & 11,1040,Schnellhefter A4 Kunststoff grün,2,0.5,1.0,1
B01582,Klasse 2 & 11,1060,Prospekthüllen A4 transparent 100er Pack,1,3.99,3.99,1
B01582,Klasse 2 & 11,1046,Ordner A4 breit 80mm schwarz,1,3.49,3.49,1
B01582,Klasse 2 & 11,1029,Geodreieck 16 cm transparent Aristo,1,1.2,1.2,1
B01582,Klasse 2 & 11,1061,Tintenroller Pilot Frixion Ball 0.7 schwarz,5,3.29,16.45,1
B01583,Klasse 7,1048,Hausaufgabenheft A5 Classic,1,1.99,1.99,0
B01583,Klasse 7,1040,Schnellhefter A4 Kunststoff grün,2,0.5,1.0,0
B01583,Klasse 7,1046,Ordner A4 breit 80mm schwarz,2,3.49,6.98,0
B01583,Klasse 7,1044,Fineliner 10er Set Stabilo Point 88,1,7.99,7.99,0
B01583,Klasse 7,1017,Zeichenblock A3 (20 Blatt),1,2.49,2.49,0
B01583,Klasse 7,1041,Schnellhefter A4 Kunststoff gelb,2,0.5,1.0,0
B01583,Klasse 7,1030,Geodreieck 22 cm Griff transparent,1,2.1,2.1,0
B01584,Klasse 5,1048,Hausaufgabenheft A5 Classic,1,1.99,1.99,0
B01584,Klasse 5,1060,Prospekthüllen A4 transparent 100er Pack,1,3.99,3.99,0
B01584,Klasse 5,1032,Tintenpatronen blau T10 (5er Pack),2,1.8,3.6,0
B01584,Klasse 5,1029,Geodreieck 16 cm transparent Aristo,1,1.2,1.2,0
B01584,Klasse 5,1040,Schnellhefter A4 Kunststoff grün,3,0.5,1.5,0
B01584,Klasse 5,1038,Schnellhefter A4 Kunststoff blau,2,0.5,1.0,0
B01585,Klasse 10,1045,Ringbuch A4 schmal 25mm,2,2.99,5.98,0
B01585,Klasse 10,1050,Oxford Collegeblock A4 liniert (90g Papier),5,2.79,13.95,0
B01585,Klasse 10,1061,Tintenroller Pilot Frixion Ball 0.7 schwarz,3,3.29,9.87,0
B01586,Klasse 4 & 9,1047,Wissenschaftlicher Taschenrechner Casio fx-87DE X,1,24.99,24.99,1
B01586,Klasse 4 & 9,1045,Ringbuch A4 schmal 25mm,2,2.99,5.98,1
B01586,Klasse 4 & 9,1046,Ordner A4 breit 80mm schwarz,1,3.49,3.49,1
B01586,Klasse 4 & 9,1006,Rechenheft A4 Lineatur 8 (5x5mm Kästchen),3,0.99,2.97,1
B01586,Klasse 4 & 9,1017,Zeichenblock A3 (20 Blatt),1,2.49,2.49,1
B01586,Klasse 4 & 9,1032,Tintenpatronen blau T10 (5er Pack),2,1.8,3.6,1
B01586,Klasse 4 & 9,1031,Füllfederhalter Lamy Safari M,1,19.9,19.9,1
B01587,Klasse 8,1048,Hausaufgabenheft A5 Classic,1,1.99,1.99,0
B01587,Klasse 8,1041,Schnellhefter A4 Kunststoff gelb,2,0.5,1.0,0
B01587,Klasse 8,1047,Wissenschaftlicher Taschenrechner Casio fx-87DE X,1,24.99,24.99,0
B01587,Klasse 8,1035,Buntstifte 24er Set dreikant,1,8.99,8.99,0
B01587,Klasse 8,1030,Geodreieck 22 cm Griff transparent,1,2.1,2.1,0
B01587,Klasse 8,1033,Tintenkiller Super Pirat (2er Pack),1,2.49,2.49,0
B01587,Klasse 8,1015,Radiergummi soft (für Bleistifte),1,0.8,0.8,0
B01588,Klasse 4 & 8,1032,Tintenpatronen blau T10 (5er Pack),5,1.8,9.0,1
B01588,Klasse 4 & 8,1013,Klebestift Uhu Renature 21g,1,1.89,1.89,1
B01588,Klasse 4 & 8,1033,Tintenkiller Super Pirat (2er Pack),1,2.49,2.49,1
B01588,Klasse 4 & 8,1031,Füllfederhalter Lamy Safari M,1,19.9,19.9,1
B01588,Klasse 4 & 8,1017,Zeichenblock A3 (20 Blatt),1,2.49,2.49,1
B01588,Klasse 4 & 8,1045,Ringbuch A4 schmal 25mm,2,2.99,5.98,1
B01588,Klasse 4 & 8,1038,Schnellhefter A4 Kunststoff blau,2,0.5,1.0,1
B01588,Klasse 4 & 8,1015,Radiergummi soft (für Bleistifte),1,0.8,0.8,1
B01588,Klasse 4 & 8,1024,Schulheft A4 liniert Lineatur 21 (16 Blatt),2,0.99,1.98,1
B01589,Klasse 6,1042,Schnellhefter A4 Kunststoff orange,2,0.5,1.0,0
B01589,Klasse 6,1046,Ordner A4 breit 80mm schwarz,1,3.49,3.49,0
B01589,Klasse 6,1027,Collegeblock A4 kariert (80 Blatt),2,1.79,3.58,0
B01590,Klasse 5,1015,Radiergummi soft (für Bleistifte),1,0.8,0.8,0
B01590,Klasse 5,1046,Ordner A4 breit 80mm schwarz,1,3.49,3.49,0
B01590,Klasse 5,1039,Schnellhefter A4 Kunststoff rot,1,0.5,0.5,0
B01590,Klasse 5,1043,Textmarker-Set 4 Farben Stabilo Boss,1,4.99,4.99,0
B01590,Klasse 5,1059,Karteikarten A7 liniert 100 Stück,1,1.49,1.49,0
B01591,Klasse 12,1060,Prospekthüllen A4 transparent 100er Pack,1,3.99,3.99,0
B01591,Klasse 12,1043,Textmarker-Set 4 Farben Stabilo Boss,1,4.99,4.99,0
B01591,Klasse 12,1051,Grafikrechner Casio FX-CG50,1,119.0,119.0,0
B01591,Klasse 12,1052,Formelsammlung Mathematik/Physik/Chemie Duden,1,12.99,12.99,0
B01592,Klasse 11,1061,Tintenroller Pilot Frixion Ball 0.7 schwarz,5,3.29,16.45,0
B01592,Klasse 11,1029,Geodreieck 16 cm transparent Aristo,1,1.2,1.2,0
B01592,Klasse 11,1057,Textmarker-Set Pastell 6 Farben Stabilo Boss,1,6.99,6.99,0
B01592,Klasse 11,1044,Fineliner 10er Set Stabilo Point 88,1,7.99,7.99,0
B01592,Klasse 11,1037,Lineal 30cm Kunststoff transparent,1,1.1,1.1,0
B01593,Klasse 2,1002,Schreiblernheft A4 Lineatur 2 (16 Blatt),3,0.99,2.97,0
B01593,Klasse 2,1015,Radiergummi soft (für Bleistifte),1,0.8,0.8,0
B01593,Klasse 2,1040,Schnellhefter A4 Kunststoff grün,1,0.5,0.5,0
B01593,Klasse 2,1038,Schnellhefter A4 Kunststoff blau,5,0.5,2.5,0
B01593,Klasse 2,1009,Wachsmalkreiden 12er Set (wasservermalbar),1,6.99,6.99,0
B01593,Klasse 2,1005,Rechenheft A4 Lineatur 7 (7x7mm Kästchen),5,0.99,4.95,0
B01593,Klasse 2,1016,Sammelbox A4 Karton blau,2,2.49,4.98,0
B01593,Klasse 2,1042,Schnellhefter A4 Kunststoff orange,1,0.5,0.5,0
B01593,Klasse 2,1039,Schnellhefter A4 Kunststoff rot,3,0.5,1.5,0
B01594,Klasse 9,1037,Lineal 30cm Kunststoff transparent,1,1.1,1.1,0
B01594,Klasse 9,1024,Schulheft A4 liniert Lineatur 21 (16 Blatt),3,0.99,2.97,0
B01594,Klasse 9,1026,Vokabelheft A5 Lineatur 53 (32 Blatt),5,1.29,6.45,0
B01594,Klasse 9,1035,Buntstifte 24er Set dreikant,1,8.99,8.99,0
B01594,Klasse 9,1032,Tintenpatronen blau T10 (5er Pack),3,1.8,5.4,0
B01594,Klasse 9,1044,Fineliner 10er Set Stabilo Point 88,1,7.99,7.99,0
B01595,Klasse 11,1043,Textmarker-Set 4 Farben Stabilo Boss,1,4.99,4.99,0
B01595,Klasse 11,1036,Bleistift HB Grip 2001 Faber-Castell,2,1.5,3.0,0
B01595,Klasse 11,1034,Schulkompass Zirkel Staedtler,1,8.5,8.5,0
B01596,Klasse 6,1034,Schulkompass Zirkel Staedtler,1,8.5,8.5,0
B01596,Klasse 6,1035,Buntstifte 24er Set dreikant,1,8.99,8.99,0
B01596,Klasse 6,1015,Radiergummi soft (für Bleistifte),1,0.8,0.8,0
B01596,Klasse 6,1028,Collegeblock A4 liniert (80 Blatt),1,1.79,1.79,0
B01596,Klasse 6,1029,Geodreieck 16 cm transparent Aristo,1,1.2,1.2,0
B01596,Klasse 6,1032,Tintenpatronen blau T10 (5er Pack),2,1.8,3.6,0
B01596,Klasse 6,1024,Schulheft A4 liniert Lineatur 21 (16 Blatt),5,0.99,4.95,0
B01597,Klasse 7,1037,Lineal 30cm Kunststoff transparent,1,1.1,1.1,0
B01597,Klasse 7,1060,Prospekthüllen A4 transparent 100er Pack,1,3.99,3.99,0
B01597,Klasse 7,1026,Vokabelheft A5 Lineatur 53 (32 Blatt),1,1.29,1.29,0
B01597,Klasse 7,1047,Wissenschaftlicher Taschenrechner Casio fx-87DE X,1,24.99,24.99,0
B01598,Klasse 7,1019,Borstenpinsel-Set (Größen 4/8/12),1,3.5,3.5,0
B01598,Klasse 7,1039,Schnellhefter A4 Kunststoff rot,1,0.5,0.5,0
B01598,Klasse 7,1040,Schnellhefter A4 Kunststoff grün,2,0.5,1.0,0
B01598,Klasse 7,1015,Radiergummi soft (für Bleistifte),1,0.8,0.8,0
B01598,Klasse 7,1038,Schnellhefter A4 Kunststoff blau,2,0.5,1.0,0
B01598,Klasse 7,1061,Tintenroller Pilot Frixion Ball 0.7 schwarz,2,3.29,6.58,0
B01599,Klasse 9,1035,Buntstifte 24er Set dreikant,1,8.99,8.99,0
B01599,Klasse 9,1061,Tintenroller Pilot Frixion Ball 0.7 schwarz,2,3.29,6.58,0
B01599,Klasse 9,1040,Schnellhefter A4 Kunststoff grün,2,0.5,1.0,0
B01599,Klasse 9,1017,Zeichenblock A3 (20 Blatt),1,2.49,2.49,0
B01600,Klasse 9 & 10,1045,Ringbuch A4 schmal 25mm,2,2.99,5.98,1
B01600,Klasse 9 & 10,1044,Fineliner 10er Set Stabilo Point 88,1,7.99,7.99,1
B01600,Klasse 9 & 10,1018,Tuschkasten K12 (12 Farben),1,9.95,9.95,1
B01600,Klasse 9 & 10,1025,Schulheft A4 kariert Lineatur 22 (16 Blatt),10,0.99,9.9,1
B01600,Klasse 9 & 10,1036,Bleistift HB Grip 2001 Faber-Castell,3,1.5,4.5,1
B01600,Klasse 9 & 10,1041,Schnellhefter A4 Kunststoff gelb,1,0.5,0.5,1
B01601,Klasse 7 & 12,1036,Bleistift HB Grip 2001 Faber-Castell,2,1.5,3.0,1
B01601,Klasse 7 & 12,1030,Geodreieck 22 cm Griff transparent,1,2.1,2.1,1
B01601,Klasse 7 & 12,1024,Schulheft A4 liniert Lineatur 21 (16 Blatt),2,0.99,1.98,1
B01601,Klasse 7 & 12,1018,Tuschkasten K12 (12 Farben),1,9.95,9.95,1
B01601,Klasse 7 & 12,1059,Karteikarten A7 liniert 100 Stück,1,1.49,1.49,1
B01601,Klasse 7 & 12,1032,Tintenpatronen blau T10 (5er Pack),1,1.8,1.8,1
B01601,Klasse 7 & 12,1033,Tintenkiller Super Pirat (2er Pack),3,2.49,7.47,1
B01602,Klasse 4,1011,Bastelschere rund 13cm Rechtshänder,1,2.2,2.2,0
B01602,Klasse 4,1006,Rechenheft A4 Lineatur 8 (5x5mm Kästchen),1,0.99,0.99,0
B01602,Klasse 4,1019,Borstenpinsel-Set (Größen 4/8/12),1,3.5,3.5,0
B01602,Klasse 4,1041,Schnellhefter A4 Kunststoff gelb,2,0.5,1.0,0
B01602,Klasse 4,1004,Schulheft A4 Lineatur 4 (16 Blatt),2,0.99,1.98,0
B01602,Klasse 4,1013,Klebestift Uhu Renature 21g,1,1.89,1.89,0
B01602,Klasse 4,1012,Bastelschere rund 13cm Linkshänder,1,2.2,2.2,0
B01602,Klasse 4,1017,Zeichenblock A3 (20 Blatt),1,2.49,2.49,0
B01602,Klasse 4,1026,Vokabelheft A5 Lineatur 53 (32 Blatt),5,1.29,6.45,0
B01603,Klasse 2 & 5,1031,Füllfederhalter Lamy Safari M,1,19.9,19.9,1
B01603,Klasse 2 & 5,1023,Hausaufgabenheft Grundschule A5,1,1.99,1.99,1
B01603,Klasse 2 & 5,1041,Schnellhefter A4 Kunststoff gelb,5,0.5,2.5,1
B01603,Klasse 2 & 5,1008,Buntstifte 12er Set dreikant (dick),1,5.49,5.49,1
B01603,Klasse 2 & 5,1027,Collegeblock A4 kariert (80 Blatt),2,1.79,3.58,1
B01603,Klasse 2 & 5,1032,Tintenpatronen blau T10 (5er Pack),1,1.8,1.8,1
B01603,Klasse 2 & 5,1028,Collegeblock A4 liniert (80 Blatt),3,1.79,5.37,1
B01603,Klasse 2 & 5,1014,Doppelanspitzer Dose Trio Grip,1,2.99,2.99,1
B01603,Klasse 2 & 5,1018,Tuschkasten K12 (12 Farben),1,9.95,9.95,1
B01603,Klasse 2 & 5,1039,Schnellhefter A4 Kunststoff rot,3,0.5,1.5,1
B01603,Klasse 2 & 5,1010,Knetmasse 10 Farben,1,3.49,3.49,1
B01603,Klasse 2 & 5,1020,Haarpinsel-Set (Größen 2/6/10),1,3.99,3.99,1
B01603,Klasse 2 & 5,1005,Rechenheft A4 Lineatur 7 (7x7mm Kästchen),2,0.99,1.98,1
B01604,Klasse 7,1027,Collegeblock A4 kariert (80 Blatt),2,1.79,3.58,0
B01604,Klasse 7,1029,Geodreieck 16 cm transparent Aristo,1,1.2,1.2,0
B01604,Klasse 7,1039,Schnellhefter A4 Kunststoff rot,3,0.5,1.5,0
B01604,Klasse 7,1034,Schulkompass Zirkel Staedtler,1,8.5,8.5,0
B01604,Klasse 7,1038,Schnellhefter A4 Kunststoff blau,1,0.5,0.5,0
B01605,Klasse 2,1011,Bastelschere rund 13cm Rechtshänder,1,2.2,2.2,0
B01605,Klasse 2,1010,Knetmasse 10 Farben,1,3.49,3.49,0
B01605,Klasse 2,1013,Klebestift Uhu Renature 21g,1,1.89,1.89,0
B01605,Klasse 2,1042,Schnellhefter A4 Kunststoff orange,3,0.5,1.5,0
B01605,Klasse 2,1041,Schnellhefter A4 Kunststoff gelb,3,0.5,1.5,0
B01605,Klasse 2,1022,Schreiblern-Füller Lamy ABC,1,14.5,14.5,0
B01605,Klasse 2,1016,Sammelbox A4 Karton blau,3,2.49,7.47,0
B01605,Klasse 2,1007,Schreiblernbleistift Trio Grip (dick),3,1.99,5.97,0
B01606,Klasse 3,1017,Zeichenblock A3 (20 Blatt),1,2.49,2.49,0
B01606,Klasse 3,1023,Hausaufgabenheft Grundschule A5,1,1.99,1.99,0
B01606,Klasse 3,1005,Rechenheft A4 Lineatur 7 (7x7mm Kästchen),3,0.99,2.97,0
B01606,Klasse 3,1003,Schreiblernheft A4 Lineatur 3 (16 Blatt),5,0.99,4.95,0
B01606,Klasse 3,1038,Schnellhefter A4 Kunststoff blau,3,0.5,1.5,0
B01606,Klasse 3,1014,Doppelanspitzer Dose Trio Grip,1,2.99,2.99,0
B01606,Klasse 3,1022,Schreiblern-Füller Lamy ABC,1,14.5,14.5,0
B01607,Klasse 11,1058,Haftnotizen Post-it 76x76mm gelb,1,1.99,1.99,0
B01607,Klasse 11,1044,Fineliner 10er Set Stabilo Point 88,1,7.99,7.99,0
B01607,Klasse 11,1034,Schulkompass Zirkel Staedtler,1,8.5,8.5,0
B01607,Klasse 11,1037,Lineal 30cm Kunststoff transparent,1,1.1,1.1,0
B01608,Klasse 9,1041,Schnellhefter A4 Kunststoff gelb,5,0.5,2.5,0
B01608,Klasse 9,1027,Collegeblock A4 kariert (80 Blatt),5,1.79,8.95,0
B01608,Klasse 9,1060,Prospekthüllen A4 transparent 100er Pack,1,3.99,3.99,0
B01608,Klasse 9,1017,Zeichenblock A3 (20 Blatt),1,2.49,2.49,0
B01608,Klasse 9,1019,Borstenpinsel-Set (Größen 4/8/12),1,3.5,3.5,0
B01608,Klasse 9,1042,Schnellhefter A4 Kunststoff orange,2,0.5,1.0,0
B01608,Klasse 9,1038,Schnellhefter A4 Kunststoff blau,3,0.5,1.5,0
B01609,Klasse 9,1041,Schnellhefter A4 Kunststoff gelb,2,0.5,1.0,0
B01609,Klasse 9,1058,Haftnotizen Post-it 76x76mm gelb,1,1.99,1.99,0
B01609,Klasse 9,1027,Collegeblock A4 kariert (80 Blatt),3,1.79,5.37,0
B01609,Klasse 9,1033,Tintenkiller Super Pirat (2er Pack),1,2.49,2.49,0
B01610,Klasse 2,1023,Hausaufgabenheft Grundschule A5,1,1.99,1.99,0
B01610,Klasse 2,1002,Schreiblernheft A4 Lineatur 2 (16 Blatt),3,0.99,2.97,0
B01610,Klasse 2,1017,Zeichenblock A3 (20 Blatt),1,2.49,2.49,0
B01610,Klasse 2,1013,Klebestift Uhu Renature 21g,1,1.89,1.89,0
B01610,Klasse 2,1042,Schnellhefter A4 Kunststoff orange,5,0.5,2.5,0
B01611,Klasse 5,1044,Fineliner 10er Set Stabilo Point 88,1,7.99,7.99,0
B01611,Klasse 5,1013,Klebestift Uhu Renature 21g,1,1.89,1.89,0
B01611,Klasse 5,1060,Prospekthüllen A4 transparent 100er Pack,1,3.99,3.99,0
B01611,Klasse 5,1042,Schnellhefter A4 Kunststoff orange,3,0.5,1.5,0
B01611,Klasse 5,1020,Haarpinsel-Set (Größen 2/6/10),1,3.99,3.99,0
B01611,Klasse 5,1033,Tintenkiller Super Pirat (2er Pack),2,2.49,4.98,0
B01612,Klasse 2,1007,Schreiblernbleistift Trio Grip (dick),1,1.99,1.99,0
B01612,Klasse 2,1003,Schreiblernheft A4 Lineatur 3 (16 Blatt),3,0.99,2.97,0
B01612,Klasse 2,1002,Schreiblernheft A4 Lineatur 2 (16 Blatt),3,0.99,2.97,0
B01612,Klasse 2,1041,Schnellhefter A4 Kunststoff gelb,2,0.5,1.0,0
B01612,Klasse 2,1017,Zeichenblock A3 (20 Blatt),1,2.49,2.49,0
B01612,Klasse 2,1016,Sammelbox A4 Karton blau,3,2.49,7.47,0
B01613,Klasse 1,1015,Radiergummi soft (für Bleistifte),1,0.8,0.8,0
B01613,Klasse 1,1016,Sammelbox A4 Karton blau,1,2.49,2.49,0
B01613,Klasse 1,1023,Hausaufgabenheft Grundschule A5,1,1.99,1.99,0
B01613,Klasse 1,1011,Bastelschere rund 13cm Rechtshänder,1,2.2,2.2,0
B01613,Klasse 1,1040,Schnellhefter A4 Kunststoff grün,5,0.5,2.5,0
B01613,Klasse 1,1017,Zeichenblock A3 (20 Blatt),1,2.49,2.49,0
B01613,Klasse 1,1018,Tuschkasten K12 (12 Farben),1,9.95,9.95,0
B01613,Klasse 1,1012,Bastelschere rund 13cm Linkshänder,1,2.2,2.2,0
B01614,Klasse 3,1038,Schnellhefter A4 Kunststoff blau,2,0.5,1.0,0
B01614,Klasse 3,1002,Schreiblernheft A4 Lineatur 2 (16 Blatt),3,0.99,2.97,0
B01614,Klasse 3,1042,Schnellhefter A4 Kunststoff orange,1,0.5,0.5,0
B01614,Klasse 3,1020,Haarpinsel-Set (Größen 2/6/10),1,3.99,3.99,0
B01614,Klasse 3,1012,Bastelschere rund 13cm Linkshänder,1,2.2,2.2,0
B01614,Klasse 3,1015,Radiergummi soft (für Bleistifte),1,0.8,0.8,0
B01614,Klasse 3,1039,Schnellhefter A4 Kunststoff rot,3,0.5,1.5,0
B01614,Klasse 3,1016,Sammelbox A4 Karton blau,2,2.49,4.98,0
B01615,Klasse 1,1001,Schreiblernheft A4 Lineatur 1 (16 Blatt),5,0.99,4.95,0
B01615,Klasse 1,1015,Radiergummi soft (für Bleistifte),1,0.8,0.8,0
B01615,Klasse 1,1005,Rechenheft A4 Lineatur 7 (7x7mm Kästchen),3,0.99,2.97,0
B01615,Klasse 1,1014,Doppelanspitzer Dose Trio Grip,1,2.99,2.99,0
B01615,Klasse 1,1009,Wachsmalkreiden 12er Set (wasservermalbar),1,6.99,6.99,0
B01615,Klasse 1,1008,Buntstifte 12er Set dreikant (dick),1,5.49,5.49,0
B01615,Klasse 1,1022,Schreiblern-Füller Lamy ABC,1,14.5,14.5,0
B01615,Klasse 1,1013,Klebestift Uhu Renature 21g,1,1.89,1.89,0
B01616,Klasse 5,1044,Fineliner 10er Set Stabilo Point 88,1,7.99,7.99,0
B01616,Klasse 5,1040,Schnellhefter A4 Kunststoff grün,2,0.5,1.0,0
B01616,Klasse 5,1039,Schnellhefter A4 Kunststoff rot,3,0.5,1.5,0
B01616,Klasse 5,1029,Geodreieck 16 cm transparent Aristo,1,1.2,1.2,0
B01616,Klasse 5,1041,Schnellhefter A4 Kunststoff gelb,2,0.5,1.0,0
B01616,Klasse 5,1046,Ordner A4 breit 80mm schwarz,2,3.49,6.98,0
B01616,Klasse 5,1018,Tuschkasten K12 (12 Farben),1,9.95,9.95,0
B01617,Klasse 5,1015,Radiergummi soft (für Bleistifte),1,0.8,0.8,0
B01617,Klasse 5,1018,Tuschkasten K12 (12 Farben),1,9.95,9.95,0
B01617,Klasse 5,1017,Zeichenblock A3 (20 Blatt),1,2.49,2.49,0
B01617,Klasse 5,1028,Collegeblock A4 liniert (80 Blatt),5,1.79,8.95,0
B01617,Klasse 5,1035,Buntstifte 24er Set dreikant,1,8.99,8.99,0
B01617,Klasse 5,1024,Schulheft A4 liniert Lineatur 21 (16 Blatt),5,0.99,4.95,0
B01617,Klasse 5,1026,Vokabelheft A5 Lineatur 53 (32 Blatt),3,1.29,3.87,0
B01618,Klasse 6,1032,Tintenpatronen blau T10 (5er Pack),1,1.8,1.8,0
B01618,Klasse 6,1038,Schnellhefter A4 Kunststoff blau,2,0.5,1.0,0
B01618,Klasse 6,1015,Radiergummi soft (für Bleistifte),1,0.8,0.8,0
B01618,Klasse 6,1060,Prospekthüllen A4 transparent 100er Pack,1,3.99,3.99,0
B01618,Klasse 6,1046,Ordner A4 breit 80mm schwarz,2,3.49,6.98,0
B01618,Klasse 6,1026,Vokabelheft A5 Lineatur 53 (32 Blatt),10,1.29,12.9,0
B01619,Klasse 11,1055,Kugelschreiber Grip 2011 M blau (dokumentenecht),1,4.5,4.5,0
B01619,Klasse 11,1039,Schnellhefter A4 Kunststoff rot,3,0.5,1.5,0
B01619,Klasse 11,1028,Collegeblock A4 liniert (80 Blatt),5,1.79,8.95,0
B01620,Klasse 2 & 9,1039,Schnellhefter A4 Kunststoff rot,2,0.5,1.0,1
B01620,Klasse 2 & 9,1016,Sammelbox A4 Karton blau,3,2.49,7.47,1
B01620,Klasse 2 & 9,1017,Zeichenblock A3 (20 Blatt),1,2.49,2.49,1
B01620,Klasse 2 & 9,1041,Schnellhefter A4 Kunststoff gelb,2,0.5,1.0,1
B01620,Klasse 2 & 9,1012,Bastelschere rund 13cm Linkshänder,1,2.2,2.2,1
B01620,Klasse 2 & 9,1013,Klebestift Uhu Renature 21g,1,1.89,1.89,1
B01620,Klasse 2 & 9,1042,Schnellhefter A4 Kunststoff orange,2,0.5,1.0,1
B01620,Klasse 2 & 9,1002,Schreiblernheft A4 Lineatur 2 (16 Blatt),3,0.99,2.97,1
B01620,Klasse 2 & 9,1060,Prospekthüllen A4 transparent 100er Pack,1,3.99,3.99,1
B01620,Klasse 2 & 9,1058,Haftnotizen Post-it 76x76mm gelb,1,1.99,1.99,1
B01620,Klasse 2 & 9,1057,Textmarker-Set Pastell 6 Farben Stabilo Boss,1,6.99,6.99,1
B01620,Klasse 2 & 9,1031,Füllfederhalter Lamy Safari M,1,19.9,19.9,1
B01621,Klasse 1 & 12,1030,Geodreieck 22 cm Griff transparent,1,2.1,2.1,1
B01621,Klasse 1 & 12,1045,Ringbuch A4 schmal 25mm,5,2.99,14.95,1
B01621,Klasse 1 & 12,1023,Hausaufgabenheft Grundschule A5,1,1.99,1.99,1
B01621,Klasse 1 & 12,1017,Zeichenblock A3 (20 Blatt),1,2.49,2.49,1
B01621,Klasse 1 & 12,1039,Schnellhefter A4 Kunststoff rot,1,0.5,0.5,1
B01621,Klasse 1 & 12,1038,Schnellhefter A4 Kunststoff blau,1,0.5,0.5,1
B01621,Klasse 1 & 12,1014,Doppelanspitzer Dose Trio Grip,1,2.99,2.99,1
B01621,Klasse 1 & 12,1013,Klebestift Uhu Renature 21g,1,1.89,1.89,1
B01621,Klasse 1 & 12,1001,Schreiblernheft A4 Lineatur 1 (16 Blatt),1,0.99,0.99,1
B01622,Klasse 9,1028,Collegeblock A4 liniert (80 Blatt),2,1.79,3.58,0
B01622,Klasse 9,1018,Tuschkasten K12 (12 Farben),1,9.95,9.95,0
B01622,Klasse 9,1057,Textmarker-Set Pastell 6 Farben Stabilo Boss,1,6.99,6.99,0
B01622,Klasse 9,1045,Ringbuch A4 schmal 25mm,3,2.99,8.97,0
B01622,Klasse 9,1031,Füllfederhalter Lamy Safari M,1,19.9,19.9,0
B01622,Klasse 9,1026,Vokabelheft A5 Lineatur 53 (32 Blatt),3,1.29,3.87,0
B01623,Klasse 9,1042,Schnellhefter A4 Kunststoff orange,2,0.5,1.0,0
B01623,Klasse 9,1055,Kugelschreiber Grip 2011 M blau (dokumentenecht),2,4.5,9.0,0
B01623,Klasse 9,1061,Tintenroller Pilot Frixion Ball 0.7 schwarz,2,3.29,6.58,0
B01624,Klasse 9,1032,Tintenpatronen blau T10 (5er Pack),1,1.8,1.8,0
B01624,Klasse 9,1045,Ringbuch A4 schmal 25mm,1,2.99,2.99,0
B01624,Klasse 9,1029,Geodreieck 16 cm transparent Aristo,1,1.2,1.2,0
B01624,Klasse 9,1055,Kugelschreiber Grip 2011 M blau (dokumentenecht),3,4.5,13.5,0
B01624,Klasse 9,1044,Fineliner 10er Set Stabilo Point 88,1,7.99,7.99,0
B01624,Klasse 9,1058,Haftnotizen Post-it 76x76mm gelb,1,1.99,1.99,0
B01625,Klasse 7,1037,Lineal 30cm Kunststoff transparent,1,1.1,1.1,0
B01625,Klasse 7,1035,Buntstifte 24er Set dreikant,1,8.99,8.99,0
B01625,Klasse 7,1027,Collegeblock A4 kariert (80 Blatt),3,1.79,5.37,0
B01625,Klasse 7,1015,Radiergummi soft (für Bleistifte),1,0.8,0.8,0
B01625,Klasse 7,1047,Wissenschaftlicher Taschenrechner Casio fx-87DE X,1,24.99,24.99,0
B01626,Klasse 5,1018,Tuschkasten K12 (12 Farben),1,9.95,9.95,0
B01626,Klasse 5,1017,Zeichenblock A3 (20 Blatt),1,2.49,2.49,0
B01626,Klasse 5,1029,Geodreieck 16 cm transparent Aristo,1,1.2,1.2,0
B01626,Klasse 5,1031,Füllfederhalter Lamy Safari M,1,19.9,19.9,0
B01626,Klasse 5,1043,Textmarker-Set 4 Farben Stabilo Boss,1,4.99,4.99,0
B01626,Klasse 5,1027,Collegeblock A4 kariert (80 Blatt),3,1.79,5.37,0
B01626,Klasse 5,1032,Tintenpatronen blau T10 (5er Pack),1,1.8,1.8,0
B01627,Klasse 9,1034,Schulkompass Zirkel Staedtler,1,8.5,8.5,0
B01627,Klasse 9,1035,Buntstifte 24er Set dreikant,1,8.99,8.99,0
B01627,Klasse 9,1046,Ordner A4 breit 80mm schwarz,2,3.49,6.98,0
B01627,Klasse 9,1019,Borstenpinsel-Set (Größen 4/8/12),1,3.5,3.5,0
B01627,Klasse 9,1040,Schnellhefter A4 Kunststoff grün,2,0.5,1.0,0
B01628,Klasse 3,1017,Zeichenblock A3 (20 Blatt),1,2.49,2.49,0
B01628,Klasse 3,1016,Sammelbox A4 Karton blau,1,2.49,2.49,0
B01628,Klasse 3,1005,Rechenheft A4 Lineatur 7 (7x7mm Kästchen),5,0.99,4.95,0
B01628,Klasse 3,1023,Hausaufgabenheft Grundschule A5,1,1.99,1.99,0
B01628,Klasse 3,1020,Haarpinsel-Set (Größen 2/6/10),1,3.99,3.99,0
B01628,Klasse 3,1033,Tintenkiller Super Pirat (2er Pack),2,2.49,4.98,0
B01628,Klasse 3,1042,Schnellhefter A4 Kunststoff orange,3,0.5,1.5,0
B01628,Klasse 3,1014,Doppelanspitzer Dose Trio Grip,1,2.99,2.99,0
B01629,Klasse 4,1008,Buntstifte 12er Set dreikant (dick),1,5.49,5.49,0
B01629,Klasse 4,1040,Schnellhefter A4 Kunststoff grün,2,0.5,1.0,0
B01629,Klasse 4,1018,Tuschkasten K12 (12 Farben),1,9.95,9.95,0
B01629,Klasse 4,1042,Schnellhefter A4 Kunststoff orange,5,0.5,2.5,0
B01629,Klasse 4,1017,Zeichenblock A3 (20 Blatt),1,2.49,2.49,0
B01629,Klasse 4,1014,Doppelanspitzer Dose Trio Grip,1,2.99,2.99,0
B01629,Klasse 4,1015,Radiergummi soft (für Bleistifte),1,0.8,0.8,0
B01629,Klasse 4,1004,Schulheft A4 Lineatur 4 (16 Blatt),5,0.99,4.95,0
B01629,Klasse 4,1013,Klebestift Uhu Renature 21g,1,1.89,1.89,0
B01630,Klasse 1,1008,Buntstifte 12er Set dreikant (dick),1,5.49,5.49,0
B01630,Klasse 1,1011,Bastelschere rund 13cm Rechtshänder,1,2.2,2.2,0
B01630,Klasse 1,1017,Zeichenblock A3 (20 Blatt),1,2.49,2.49,0
B01630,Klasse 1,1048,Hausaufgabenheft A5 Classic,1,1.99,1.99,0
B01630,Klasse 1,1040,Schnellhefter A4 Kunststoff grün,1,0.5,0.5,0
B01630,Klasse 1,1020,Haarpinsel-Set (Größen 2/6/10),1,3.99,3.99,0
B01630,Klasse 1,1018,Tuschkasten K12 (12 Farben),1,9.95,9.95,0
B01630,Klasse 1,1038,Schnellhefter A4 Kunststoff blau,1,0.5,0.5,0
B01631,Klasse 8,1046,Ordner A4 breit 80mm schwarz,3,3.49,10.47,0
B01631,Klasse 8,1041,Schnellhefter A4 Kunststoff gelb,2,0.5,1.0,0
B01631,Klasse 8,1025,Schulheft A4 kariert Lineatur 22 (16 Blatt),5,0.99,4.95,0
B01631,Klasse 8,1038,Schnellhefter A4 Kunststoff blau,3,0.5,1.5,0
B01631,Klasse 8,1030,Geodreieck 22 cm Griff transparent,1,2.1,2.1,0
B01632,Klasse 3,1040,Schnellhefter A4 Kunststoff grün,3,0.5,1.5,0
B01632,Klasse 3,1013,Klebestift Uhu Renature 21g,1,1.89,1.89,0
B01632,Klasse 3,1039,Schnellhefter A4 Kunststoff rot,1,0.5,0.5,0
B01632,Klasse 3,1019,Borstenpinsel-Set (Größen 4/8/12),1,3.5,3.5,0
B01632,Klasse 3,1032,Tintenpatronen blau T10 (5er Pack),3,1.8,5.4,0
B01632,Klasse 3,1017,Zeichenblock A3 (20 Blatt),1,2.49,2.49,0
B01632,Klasse 3,1005,Rechenheft A4 Lineatur 7 (7x7mm Kästchen),2,0.99,1.98,0
B01632,Klasse 3,1022,Schreiblern-Füller Lamy ABC,1,14.5,14.5,0
B01633,Klasse 12,1044,Fineliner 10er Set Stabilo Point 88,1,7.99,7.99,0
B01633,Klasse 12,1057,Textmarker-Set Pastell 6 Farben Stabilo Boss,1,6.99,6.99,0
B01633,Klasse 12,1055,Kugelschreiber Grip 2011 M blau (dokumentenecht),1,4.5,4.5,0
B01633,Klasse 12,1037,Lineal 30cm Kunststoff transparent,1,1.1,1.1,0
B01634,Klasse 11,1050,Oxford Collegeblock A4 liniert (90g Papier),3,2.79,8.37,0
B01634,Klasse 11,1037,Lineal 30cm Kunststoff transparent,1,1.1,1.1,0
B01635,Klasse 1,1001,Schreiblernheft A4 Lineatur 1 (16 Blatt),5,0.99,4.95,0
B01635,Klasse 1,1020,Haarpinsel-Set (Größen 2/6/10),1,3.99,3.99,0
B01635,Klasse 1,1038,Schnellhefter A4 Kunststoff blau,2,0.5,1.0,0
B01635,Klasse 1,1008,Buntstifte 12er Set dreikant (dick),1,5.49,5.49,0
B01635,Klasse 1,1009,Wachsmalkreiden 12er Set (wasservermalbar),1,6.99,6.99,0
B01635,Klasse 1,1019,Borstenpinsel-Set (Größen 4/8/12),1,3.5,3.5,0
B01635,Klasse 1,1012,Bastelschere rund 13cm Linkshänder,1,2.2,2.2,0
B01636,Klasse 8 & 9,1041,Schnellhefter A4 Kunststoff gelb,3,0.5,1.5,1
B01636,Klasse 8 & 9,1025,Schulheft A4 kariert Lineatur 22 (16 Blatt),3,0.99,2.97,1
B01636,Klasse 8 & 9,1017,Zeichenblock A3 (20 Blatt),1,2.49,2.49,1
B01636,Klasse 8 & 9,1019,Borstenpinsel-Set (Größen 4/8/12),1,3.5,3.5,1
B01636,Klasse 8 & 9,1032,Tintenpatronen blau T10 (5er Pack),2,1.8,3.6,1
B01636,Klasse 8 & 9,1034,Schulkompass Zirkel Staedtler,1,8.5,8.5,1
B01636,Klasse 8 & 9,1048,Hausaufgabenheft A5 Classic,1,1.99,1.99,1
B01636,Klasse 8 & 9,1046,Ordner A4 breit 80mm schwarz,2,3.49,6.98,1
B01636,Klasse 8 & 9,1029,Geodreieck 16 cm transparent Aristo,1,1.2,1.2,1
B01636,Klasse 8 & 9,1033,Tintenkiller Super Pirat (2er Pack),2,2.49,4.98,1
B01637,Klasse 2,1013,Klebestift Uhu Renature 21g,1,1.89,1.89,0
B01637,Klasse 2,1023,Hausaufgabenheft Grundschule A5,1,1.99,1.99,0
B01637,Klasse 2,1038,Schnellhefter A4 Kunststoff blau,1,0.5,0.5,0
B01637,Klasse 2,1040,Schnellhefter A4 Kunststoff grün,3,0.5,1.5,0
B01637,Klasse 2,1019,Borstenpinsel-Set (Größen 4/8/12),1,3.5,3.5,0
B01637,Klasse 2,1012,Bastelschere rund 13cm Linkshänder,1,2.2,2.2,0
B01637,Klasse 2,1014,Doppelanspitzer Dose Trio Grip,1,2.99,2.99,0
B01637,Klasse 2,1020,Haarpinsel-Set (Größen 2/6/10),1,3.99,3.99,0
B01637,Klasse 2,1009,Wachsmalkreiden 12er Set (wasservermalbar),1,6.99,6.99,0
B01638,Klasse 3 & 6,1045,Ringbuch A4 schmal 25mm,2,2.99,5.98,1
B01638,Klasse 3 & 6,1026,Vokabelheft A5 Lineatur 53 (32 Blatt),1,1.29,1.29,1
B01638,Klasse 3 & 6,1020,Haarpinsel-Set (Größen 2/6/10),1,3.99,3.99,1
B01638,Klasse 3 & 6,1047,Wissenschaftlicher Taschenrechner Casio fx-87DE X,1,24.99,24.99,1
B01638,Klasse 3 & 6,1029,Geodreieck 16 cm transparent Aristo,1,1.2,1.2,1
B01638,Klasse 3 & 6,1018,Tuschkasten K12 (12 Farben),1,9.95,9.95,1
B01638,Klasse 3 & 6,1013,Klebestift Uhu Renature 21g,1,1.89,1.89,1
B01638,Klasse 3 & 6,1039,Schnellhefter A4 Kunststoff rot,5,0.5,2.5,1
B01638,Klasse 3 & 6,1011,Bastelschere rund 13cm Rechtshänder,1,2.2,2.2,1
B01638,Klasse 3 & 6,1012,Bastelschere rund 13cm Linkshänder,1,2.2,2.2,1
B01638,Klasse 3 & 6,1003,Schreiblernheft A4 Lineatur 3 (16 Blatt),2,0.99,1.98,1
B01639,Klasse 6,1060,Prospekthüllen A4 transparent 100er Pack,1,3.99,3.99,0
B01639,Klasse 6,1017,Zeichenblock A3 (20 Blatt),1,2.49,2.49,0
B01639,Klasse 6,1043,Textmarker-Set 4 Farben Stabilo Boss,1,4.99,4.99,0
B01639,Klasse 6,1032,Tintenpatronen blau T10 (5er Pack),1,1.8,1.8,0
B01640,Klasse 1,1011,Bastelschere rund 13cm Rechtshänder,1,2.2,2.2,0
B01640,Klasse 1,1038,Schnellhefter A4 Kunststoff blau,1,0.5,0.5,0
B01640,Klasse 1,1019,Borstenpinsel-Set (Größen 4/8/12),1,3.5,3.5,0
B01640,Klasse 1,1020,Haarpinsel-Set (Größen 2/6/10),1,3.99,3.99,0
B01640,Klasse 1,1042,Schnellhefter A4 Kunststoff orange,3,0.5,1.5,0
B01640,Klasse 1,1015,Radiergummi soft (für Bleistifte),1,0.8,0.8,0
B01640,Klasse 1,1005,Rechenheft A4 Lineatur 7 (7x7mm Kästchen),5,0.99,4.95,0
B01640,Klasse 1,1040,Schnellhefter A4 Kunststoff grün,1,0.5,0.5,0
B01641,Klasse 5 & 7,1018,Tuschkasten K12 (12 Farben),1,9.95,9.95,1
B01641,Klasse 5 & 7,1039,Schnellhefter A4 Kunststoff rot,1,0.5,0.5,1
B01641,Klasse 5 & 7,1029,Geodreieck 16 cm transparent Aristo,1,1.2,1.2,1
B01641,Klasse 5 & 7,1046,Ordner A4 breit 80mm schwarz,3,3.49,10.47,1
B01641,Klasse 5 & 7,1030,Geodreieck 22 cm Griff transparent,1,2.1,2.1,1
B01641,Klasse 5 & 7,1044,Fineliner 10er Set Stabilo Point 88,1,7.99,7.99,1
B01641,Klasse 5 & 7,1017,Zeichenblock A3 (20 Blatt),1,2.49,2.49,1
B01641,Klasse 5 & 7,1008,Buntstifte 12er Set dreikant (dick),1,5.49,5.49,1
B01641,Klasse 5 & 7,1040,Schnellhefter A4 Kunststoff grün,3,0.5,1.5,1
B01641,Klasse 5 & 7,1045,Ringbuch A4 schmal 25mm,2,2.99,5.98,1
B01642,Klasse 10,1027,Collegeblock A4 kariert (80 Blatt),2,1.79,3.58,0
B01642,Klasse 10,1042,Schnellhefter A4 Kunststoff orange,5,0.5,2.5,0
B01643,Klasse 7,1025,Schulheft A4 kariert Lineatur 22 (16 Blatt),5,0.99,4.95,0
B01643,Klasse 7,1024,Schulheft A4 liniert Lineatur 21 (16 Blatt),5,0.99,4.95,0
B01643,Klasse 7,1029,Geodreieck 16 cm transparent Aristo,1,1.2,1.2,0
B01643,Klasse 7,1061,Tintenroller Pilot Frixion Ball 0.7 schwarz,2,3.29,6.58,0
B01643,Klasse 7,1044,Fineliner 10er Set Stabilo Point 88,1,7.99,7.99,0
B01644,Klasse 7 & 9,1060,Prospekthüllen A4 transparent 100er Pack,1,3.99,3.99,1
B01644,Klasse 7 & 9,1026,Vokabelheft A5 Lineatur 53 (32 Blatt),2,1.29,2.58,1
B01644,Klasse 7 & 9,1015,Radiergummi soft (für Bleistifte),1,0.8,0.8,1
B01644,Klasse 7 & 9,1035,Buntstifte 24er Set dreikant,1,8.99,8.99,1
B01644,Klasse 7 & 9,1052,Formelsammlung Mathematik/Physik/Chemie Duden,1,12.99,12.99,1
B01644,Klasse 7 & 9,1019,Borstenpinsel-Set (Größen 4/8/12),1,3.5,3.5,1
B01644,Klasse 7 & 9,1059,Karteikarten A7 liniert 100 Stück,1,1.49,1.49,1
B01644,Klasse 7 & 9,1028,Collegeblock A4 liniert (80 Blatt),5,1.79,8.95,1
B01644,Klasse 7 & 9,1037,Lineal 30cm Kunststoff transparent,1,1.1,1.1,1
B01644,Klasse 7 & 9,1018,Tuschkasten K12 (12 Farben),1,9.95,9.95,1
B01644,Klasse 7 & 9,1030,Geodreieck 22 cm Griff transparent,1,2.1,2.1,1
B01645,Klasse 11,1030,Geodreieck 22 cm Griff transparent,1,2.1,2.1,0
B01645,Klasse 11,1052,Formelsammlung Mathematik/Physik/Chemie Duden,1,12.99,12.99,0
B01646,Klasse 8,1031,Füllfederhalter Lamy Safari M,1,19.9,19.9,0
B01646,Klasse 8,1028,Collegeblock A4 liniert (80 Blatt),3,1.79,5.37,0
B01646,Klasse 8,1043,Textmarker-Set 4 Farben Stabilo Boss,1,4.99,4.99,0
B01647,Klasse 11,1055,Kugelschreiber Grip 2011 M blau (dokumentenecht),2,4.5,9.0,0
B01647,Klasse 11,1037,Lineal 30cm Kunststoff transparent,1,1.1,1.1,0
B01647,Klasse 11,1051,Grafikrechner Casio FX-CG50,1,119.0,119.0,0
B01647,Klasse 11,1061,Tintenroller Pilot Frixion Ball 0.7 schwarz,2,3.29,6.58,0
B01647,Klasse 11,1057,Textmarker-Set Pastell 6 Farben Stabilo Boss,1,6.99,6.99,0
B01648,Klasse 3,1042,Schnellhefter A4 Kunststoff orange,2,0.5,1.0,0
B01648,Klasse 3,1020,Haarpinsel-Set (Größen 2/6/10),1,3.99,3.99,0
B01648,Klasse 3,1016,Sammelbox A4 Karton blau,2,2.49,4.98,0
B01648,Klasse 3,1012,Bastelschere rund 13cm Linkshänder,1,2.2,2.2,0
B01648,Klasse 3,1019,Borstenpinsel-Set (Größen 4/8/12),1,3.5,3.5,0
B01648,Klasse 3,1039,Schnellhefter A4 Kunststoff rot,2,0.5,1.0,0
B01648,Klasse 3,1015,Radiergummi soft (für Bleistifte),1,0.8,0.8,0
B01648,Klasse 3,1013,Klebestift Uhu Renature 21g,1,1.89,1.89,0
B01648,Klasse 3,1008,Buntstifte 12er Set dreikant (dick),1,5.49,5.49,0
B01649,Klasse 12,1046,Ordner A4 breit 80mm schwarz,2,3.49,6.98,0
B01649,Klasse 12,1054,Ringbucheinlagen A4 kariert 100 Blatt,5,2.29,11.45,0
B01649,Klasse 12,1045,Ringbuch A4 schmal 25mm,5,2.99,14.95,0
B01649,Klasse 12,1056,Kugelschreiber Grip 2011 M schwarz,2,4.5,9.0,0
B01650,Klasse 4 & 5,1004,Schulheft A4 Lineatur 4 (16 Blatt),10,0.99,9.9,1
B01650,Klasse 4 & 5,1039,Schnellhefter A4 Kunststoff rot,2,0.5,1.0,1
B01650,Klasse 4 & 5,1015,Radiergummi soft (für Bleistifte),1,0.8,0.8,1
B01650,Klasse 4 & 5,1037,Lineal 30cm Kunststoff transparent,1,1.1,1.1,1
B01650,Klasse 4 & 5,1024,Schulheft A4 liniert Lineatur 21 (16 Blatt),2,0.99,1.98,1
B01650,Klasse 4 & 5,1027,Collegeblock A4 kariert (80 Blatt),5,1.79,8.95,1
B01650,Klasse 4 & 5,1048,Hausaufgabenheft A5 Classic,1,1.99,1.99,1
B01650,Klasse 4 & 5,1042,Schnellhefter A4 Kunststoff orange,1,0.5,0.5,1
B01650,Klasse 4 & 5,1032,Tintenpatronen blau T10 (5er Pack),1,1.8,1.8,1
B01650,Klasse 4 & 5,1054,Ringbucheinlagen A4 kariert 100 Blatt,1,2.29,2.29,1
B01650,Klasse 4 & 5,1041,Schnellhefter A4 Kunststoff gelb,2,0.5,1.0,1
B01651,Klasse 4,1031,Füllfederhalter Lamy Safari M,1,19.9,19.9,0
B01651,Klasse 4,1019,Borstenpinsel-Set (Größen 4/8/12),1,3.5,3.5,0
B01651,Klasse 4,1017,Zeichenblock A3 (20 Blatt),1,2.49,2.49,0
B01651,Klasse 4,1012,Bastelschere rund 13cm Linkshänder,1,2.2,2.2,0
B01651,Klasse 4,1042,Schnellhefter A4 Kunststoff orange,1,0.5,0.5,0
B01651,Klasse 4,1023,Hausaufgabenheft Grundschule A5,1,1.99,1.99,0
B01651,Klasse 4,1029,Geodreieck 16 cm transparent Aristo,1,1.2,1.2,0
B01651,Klasse 4,1027,Collegeblock A4 kariert (80 Blatt),1,1.79,1.79,0
B01652,Klasse 6,1045,Ringbuch A4 schmal 25mm,3,2.99,8.97,0
B01652,Klasse 6,1040,Schnellhefter A4 Kunststoff grün,2,0.5,1.0,0
B01652,Klasse 6,1060,Prospekthüllen A4 transparent 100er Pack,1,3.99,3.99,0
B01652,Klasse 6,1033,Tintenkiller Super Pirat (2er Pack),2,2.49,4.98,0
B01653,Klasse 8,1034,Schulkompass Zirkel Staedtler,1,8.5,8.5,0
B01653,Klasse 8,1046,Ordner A4 breit 80mm schwarz,3,3.49,10.47,0
B01653,Klasse 8,1044,Fineliner 10er Set Stabilo Point 88,1,7.99,7.99,0
B01654,Klasse 1,1016,Sammelbox A4 Karton blau,2,2.49,4.98,0
B01654,Klasse 1,1021,Knete-Unterlage Kunststoff A3,1,1.99,1.99,0
B01654,Klasse 1,1009,Wachsmalkreiden 12er Set (wasservermalbar),1,6.99,6.99,0
B01654,Klasse 1,1008,Buntstifte 12er Set dreikant (dick),1,5.49,5.49,0
B01654,Klasse 1,1005,Rechenheft A4 Lineatur 7 (7x7mm Kästchen),5,0.99,4.95,0
B01654,Klasse 1,1019,Borstenpinsel-Set (Größen 4/8/12),1,3.5,3.5,0
B01654,Klasse 1,1023,Hausaufgabenheft Grundschule A5,1,1.99,1.99,0
B01655,Klasse 2,1014,Doppelanspitzer Dose Trio Grip,1,2.99,2.99,0
B01655,Klasse 2,1015,Radiergummi soft (für Bleistifte),1,0.8,0.8,0
B01655,Klasse 2,1020,Haarpinsel-Set (Größen 2/6/10),1,3.99,3.99,0
B01655,Klasse 2,1038,Schnellhefter A4 Kunststoff blau,5,0.5,2.5,0
B01655,Klasse 2,1016,Sammelbox A4 Karton blau,5,2.49,12.45,0
B01655,Klasse 2,1042,Schnellhefter A4 Kunststoff orange,2,0.5,1.0,0
B01656,Klasse 1,1014,Doppelanspitzer Dose Trio Grip,1,2.99,2.99,0
B01656,Klasse 1,1019,Borstenpinsel-Set (Größen 4/8/12),1,3.5,3.5,0
B01656,Klasse 1,1010,Knetmasse 10 Farben,1,3.49,3.49,0
B01656,Klasse 1,1022,Schreiblern-Füller Lamy ABC,1,14.5,14.5,0
B01657,Klasse 8,1028,Collegeblock A4 liniert (80 Blatt),5,1.79,8.95,0
B01657,Klasse 8,1044,Fineliner 10er Set Stabilo Point 88,1,7.99,7.99,0
B01657,Klasse 8,1031,Füllfederhalter Lamy Safari M,1,19.9,19.9,0
B01658,Klasse 3,1003,Schreiblernheft A4 Lineatur 3 (16 Blatt),3,0.99,2.97,0
B01658,Klasse 3,1014,Doppelanspitzer Dose Trio Grip,1,2.99,2.99,0
B01658,Klasse 3,1042,Schnellhefter A4 Kunststoff orange,5,0.5,2.5,0
B01658,Klasse 3,1039,Schnellhefter A4 Kunststoff rot,3,0.5,1.5,0
B01658,Klasse 3,1020,Haarpinsel-Set (Größen 2/6/10),1,3.99,3.99,0
B01658,Klasse 3,1023,Hausaufgabenheft Grundschule A5,1,1.99,1.99,0
B01658,Klasse 3,1016,Sammelbox A4 Karton blau,3,2.49,7.47,0
B01658,Klasse 3,1019,Borstenpinsel-Set (Größen 4/8/12),1,3.5,3.5,0
B01658,Klasse 3,1008,Buntstifte 12er Set dreikant (dick),1,5.49,5.49,0
B01659,Klasse 2 & 10,1009,Wachsmalkreiden 12er Set (wasservermalbar),1,6.99,6.99,1
B01659,Klasse 2 & 10,1023,Hausaufgabenheft Grundschule A5,1,1.99,1.99,1
B01659,Klasse 2 & 10,1041,Schnellhefter A4 Kunststoff gelb,3,0.5,1.5,1
B01659,Klasse 2 & 10,1019,Borstenpinsel-Set (Größen 4/8/12),1,3.5,3.5,1
B01659,Klasse 2 & 10,1010,Knetmasse 10 Farben,1,3.49,3.49,1
B01659,Klasse 2 & 10,1053,Ringbucheinlagen A4 liniert 100 Blatt,5,2.29,11.45,1
B01659,Klasse 2 & 10,1037,Lineal 30cm Kunststoff transparent,1,1.1,1.1,1
B01660,Klasse 9,1034,Schulkompass Zirkel Staedtler,1,8.5,8.5,0
B01660,Klasse 9,1045,Ringbuch A4 schmal 25mm,3,2.99,8.97,0
B01660,Klasse 9,1025,Schulheft A4 kariert Lineatur 22 (16 Blatt),1,0.99,0.99,0
B01660,Klasse 9,1041,Schnellhefter A4 Kunststoff gelb,3,0.5,1.5,0
B01660,Klasse 9,1056,Kugelschreiber Grip 2011 M schwarz,3,4.5,13.5,0
B01661,Klasse 12,1053,Ringbucheinlagen A4 liniert 100 Blatt,3,2.29,6.87,0
B01661,Klasse 12,1056,Kugelschreiber Grip 2011 M schwarz,3,4.5,13.5,0
B01661,Klasse 12,1029,Geodreieck 16 cm transparent Aristo,1,1.2,1.2,0
B01661,Klasse 12,1028,Collegeblock A4 liniert (80 Blatt),5,1.79,8.95,0
B01661,Klasse 12,1061,Tintenroller Pilot Frixion Ball 0.7 schwarz,1,3.29,3.29,0
B01662,Klasse 4,1013,Klebestift Uhu Renature 21g,1,1.89,1.89,0
B01662,Klasse 4,1041,Schnellhefter A4 Kunststoff gelb,1,0.5,0.5,0
B01662,Klasse 4,1040,Schnellhefter A4 Kunststoff grün,2,0.5,1.0,0
B01662,Klasse 4,1026,Vokabelheft A5 Lineatur 53 (32 Blatt),5,1.29,6.45,0
B01662,Klasse 4,1023,Hausaufgabenheft Grundschule A5,1,1.99,1.99,0
B01662,Klasse 4,1019,Borstenpinsel-Set (Größen 4/8/12),1,3.5,3.5,0
B01662,Klasse 4,1015,Radiergummi soft (für Bleistifte),1,0.8,0.8,0
B01662,Klasse 4,1039,Schnellhefter A4 Kunststoff rot,2,0.5,1.0,0
B01662,Klasse 4,1033,Tintenkiller Super Pirat (2er Pack),1,2.49,2.49,0
B01663,Klasse 2,1009,Wachsmalkreiden 12er Set (wasservermalbar),1,6.99,6.99,0
B01663,Klasse 2,1020,Haarpinsel-Set (Größen 2/6/10),1,3.99,3.99,0
B01663,Klasse 2,1008,Buntstifte 12er Set dreikant (dick),1,5.49,5.49,0
B01663,Klasse 2,1012,Bastelschere rund 13cm Linkshänder,1,2.2,2.2,0
B01663,Klasse 2,1017,Zeichenblock A3 (20 Blatt),1,2.49,2.49,0
B01663,Klasse 2,1021,Knete-Unterlage Kunststoff A3,1,1.99,1.99,0
B01663,Klasse 2,1002,Schreiblernheft A4 Lineatur 2 (16 Blatt),5,0.99,4.95,0
B01663,Klasse 2,1016,Sammelbox A4 Karton blau,2,2.49,4.98,0
B01664,Klasse 2,1020,Haarpinsel-Set (Größen 2/6/10),1,3.99,3.99,0
B01664,Klasse 2,1012,Bastelschere rund 13cm Linkshänder,1,2.2,2.2,0
B01664,Klasse 2,1008,Buntstifte 12er Set dreikant (dick),1,5.49,5.49,0
B01664,Klasse 2,1042,Schnellhefter A4 Kunststoff orange,2,0.5,1.0,0
B01664,Klasse 2,1005,Rechenheft A4 Lineatur 7 (7x7mm Kästchen),2,0.99,1.98,0
B01664,Klasse 2,1007,Schreiblernbleistift Trio Grip (dick),5,1.99,9.95,0
B01664,Klasse 2,1041,Schnellhefter A4 Kunststoff gelb,1,0.5,0.5,0
B01664,Klasse 2,1009,Wachsmalkreiden 12er Set (wasservermalbar),1,6.99,6.99,0
B01664,Klasse 2,1040,Schnellhefter A4 Kunststoff grün,5,0.5,2.5,0
B01665,Klasse 11,1034,Schulkompass Zirkel Staedtler,1,8.5,8.5,0
B01665,Klasse 11,1015,Radiergummi soft (für Bleistifte),1,0.8,0.8,0
B01665,Klasse 11,1051,Grafikrechner Casio FX-CG50,1,119.0,119.0,0
B01666,Klasse 12,1043,Textmarker-Set 4 Farben Stabilo Boss,1,4.99,4.99,0
B01666,Klasse 12,1036,Bleistift HB Grip 2001 Faber-Castell,3,1.5,4.5,0
B01666,Klasse 12,1045,Ringbuch A4 schmal 25mm,3,2.99,8.97,0
B01667,Klasse 4,1016,Sammelbox A4 Karton blau,3,2.49,7.47,0
B01667,Klasse 4,1033,Tintenkiller Super Pirat (2er Pack),5,2.49,12.45,0
B01667,Klasse 4,1031,Füllfederhalter Lamy Safari M,1,19.9,19.9,0
B01667,Klasse 4,1020,Haarpinsel-Set (Größen 2/6/10),1,3.99,3.99,0
B01667,Klasse 4,1038,Schnellhefter A4 Kunststoff blau,2,0.5,1.0,0
B01667,Klasse 4,1013,Klebestift Uhu Renature 21g,1,1.89,1.89,0
B01668,Klasse 11,1061,Tintenroller Pilot Frixion Ball 0.7 schwarz,1,3.29,3.29,0
B01668,Klasse 11,1056,Kugelschreiber Grip 2011 M schwarz,1,4.5,4.5,0
B01668,Klasse 11,1037,Lineal 30cm Kunststoff transparent,1,1.1,1.1,0
B01668,Klasse 11,1036,Bleistift HB Grip 2001 Faber-Castell,2,1.5,3.0,0
B01669,Klasse 4,1020,Haarpinsel-Set (Größen 2/6/10),1,3.99,3.99,0
B01669,Klasse 4,1032,Tintenpatronen blau T10 (5er Pack),5,1.8,9.0,0
B01669,Klasse 4,1018,Tuschkasten K12 (12 Farben),1,9.95,9.95,0
B01669,Klasse 4,1023,Hausaufgabenheft Grundschule A5,1,1.99,1.99,0
B01669,Klasse 4,1011,Bastelschere rund 13cm Rechtshänder,1,2.2,2.2,0
B01669,Klasse 4,1012,Bastelschere rund 13cm Linkshänder,1,2.2,2.2,0
B01669,Klasse 4,1039,Schnellhefter A4 Kunststoff rot,1,0.5,0.5,0
B01669,Klasse 4,1004,Schulheft A4 Lineatur 4 (16 Blatt),5,0.99,4.95,0
B01669,Klasse 4,1045,Ringbuch A4 schmal 25mm,3,2.99,8.97,0
B01670,Klasse 6,1039,Schnellhefter A4 Kunststoff rot,5,0.5,2.5,0
B01670,Klasse 6,1035,Buntstifte 24er Set dreikant,1,8.99,8.99,0
B01670,Klasse 6,1037,Lineal 30cm Kunststoff transparent,1,1.1,1.1,0
B01670,Klasse 6,1060,Prospekthüllen A4 transparent 100er Pack,1,3.99,3.99,0
B01670,Klasse 6,1018,Tuschkasten K12 (12 Farben),1,9.95,9.95,0
B01670,Klasse 6,1019,Borstenpinsel-Set (Größen 4/8/12),1,3.5,3.5,0
B01671,Klasse 11,1015,Radiergummi soft (für Bleistifte),1,0.8,0.8,0
B01671,Klasse 11,1049,Oxford Collegeblock A4 kariert (90g Papier),5,2.79,13.95,0
B01672,Klasse 6,1005,Rechenheft A4 Lineatur 7 (7x7mm Kästchen),5,0.99,4.95,0
B01672,Klasse 6,1032,Tintenpatronen blau T10 (5er Pack),3,1.8,5.4,0
B01672,Klasse 6,1013,Klebestift Uhu Renature 21g,1,1.89,1.89,0
B01672,Klasse 6,1025,Schulheft A4 kariert Lineatur 22 (16 Blatt),2,0.99,1.98,0
B01672,Klasse 6,1043,Textmarker-Set 4 Farben Stabilo Boss,1,4.99,4.99,0
B01673,Klasse 9,1024,Schulheft A4 liniert Lineatur 21 (16 Blatt),10,0.99,9.9,0
B01673,Klasse 9,1036,Bleistift HB Grip 2001 Faber-Castell,5,1.5,7.5,0
B01673,Klasse 9,1033,Tintenkiller Super Pirat (2er Pack),1,2.49,2.49,0
B01674,Klasse 2,1039,Schnellhefter A4 Kunststoff rot,2,0.5,1.0,0
B01674,Klasse 2,1022,Schreiblern-Füller Lamy ABC,1,14.5,14.5,0
B01674,Klasse 2,1005,Rechenheft A4 Lineatur 7 (7x7mm Kästchen),5,0.99,4.95,0
B01674,Klasse 2,1014,Doppelanspitzer Dose Trio Grip,1,2.99,2.99,0
B01674,Klasse 2,1019,Borstenpinsel-Set (Größen 4/8/12),1,3.5,3.5,0
B01674,Klasse 2,1007,Schreiblernbleistift Trio Grip (dick),2,1.99,3.98,0
B01674,Klasse 2,1016,Sammelbox A4 Karton blau,5,2.49,12.45,0
B01675,Klasse 5,1060,Prospekthüllen A4 transparent 100er Pack,1,3.99,3.99,0
B01675,Klasse 5,1046,Ordner A4 breit 80mm schwarz,3,3.49,10.47,0
B01675,Klasse 5,1025,Schulheft A4 kariert Lineatur 22 (16 Blatt),3,0.99,2.97,0
B01675,Klasse 5,1035,Buntstifte 24er Set dreikant,1,8.99,8.99,0
B01676,Klasse 5,1017,Zeichenblock A3 (20 Blatt),1,2.49,2.49,0
B01676,Klasse 5,1019,Borstenpinsel-Set (Größen 4/8/12),1,3.5,3.5,0
B01676,Klasse 5,1039,Schnellhefter A4 Kunststoff rot,2,0.5,1.0,0
B01676,Klasse 5,1031,Füllfederhalter Lamy Safari M,1,19.9,19.9,0
B01676,Klasse 5,1013,Klebestift Uhu Renature 21g,1,1.89,1.89,0
B01677,Klasse 1,1010,Knetmasse 10 Farben,1,3.49,3.49,0
B01677,Klasse 1,1047,Wissenschaftlicher Taschenrechner Casio fx-87DE X,1,24.99,24.99,0
B01677,Klasse 1,1009,Wachsmalkreiden 12er Set (wasservermalbar),1,6.99,6.99,0
B01677,Klasse 1,1007,Schreiblernbleistift Trio Grip (dick),3,1.99,5.97,0
B01677,Klasse 1,1038,Schnellhefter A4 Kunststoff blau,1,0.5,0.5,0
B01678,Klasse 9,1033,Tintenkiller Super Pirat (2er Pack),1,2.49,2.49,0
B01678,Klasse 9,1020,Haarpinsel-Set (Größen 2/6/10),1,3.99,3.99,0
B01678,Klasse 9,1043,Textmarker-Set 4 Farben Stabilo Boss,1,4.99,4.99,0
B01678,Klasse 9,1026,Vokabelheft A5 Lineatur 53 (32 Blatt),3,1.29,3.87,0
B01678,Klasse 9,1045,Ringbuch A4 schmal 25mm,2,2.99,5.98,0
B01678,Klasse 9,1048,Hausaufgabenheft A5 Classic,1,1.99,1.99,0
B01678,Klasse 9,1040,Schnellhefter A4 Kunststoff grün,1,0.5,0.5,0
B01679,Klasse 5 & 9,1037,Lineal 30cm Kunststoff transparent,1,1.1,1.1,1
B01679,Klasse 5 & 9,1013,Klebestift Uhu Renature 21g,1,1.89,1.89,1
B01679,Klasse 5 & 9,1015,Radiergummi soft (für Bleistifte),1,0.8,0.8,1
B01679,Klasse 5 & 9,1046,Ordner A4 breit 80mm schwarz,1,3.49,3.49,1
B01679,Klasse 5 & 9,1031,Füllfederhalter Lamy Safari M,1,19.9,19.9,1
B01679,Klasse 5 & 9,1020,Haarpinsel-Set (Größen 2/6/10),1,3.99,3.99,1
B01679,Klasse 5 & 9,1059,Karteikarten A7 liniert 100 Stück,1,1.49,1.49,1
B01679,Klasse 5 & 9,1029,Geodreieck 16 cm transparent Aristo,1,1.2,1.2,1
B01679,Klasse 5 & 9,1034,Schulkompass Zirkel Staedtler,1,8.5,8.5,1
B01679,Klasse 5 & 9,1019,Borstenpinsel-Set (Größen 4/8/12),1,3.5,3.5,1
B01680,Klasse 5,1020,Haarpinsel-Set (Größen 2/6/10),1,3.99,3.99,0
B01680,Klasse 5,1004,Schulheft A4 Lineatur 4 (16 Blatt),2,0.99,1.98,0
B01680,Klasse 5,1013,Klebestift Uhu Renature 21g,1,1.89,1.89,0
B01681,Klasse 2,1012,Bastelschere rund 13cm Linkshänder,1,2.2,2.2,0
B01681,Klasse 2,1016,Sammelbox A4 Karton blau,2,2.49,4.98,0
B01681,Klasse 2,1015,Radiergummi soft (für Bleistifte),1,0.8,0.8,0
B01681,Klasse 2,1002,Schreiblernheft A4 Lineatur 2 (16 Blatt),5,0.99,4.95,0
B01681,Klasse 2,1045,Ringbuch A4 schmal 25mm,3,2.99,8.97,0
B01681,Klasse 2,1003,Schreiblernheft A4 Lineatur 3 (16 Blatt),3,0.99,2.97,0
B01681,Klasse 2,1040,Schnellhefter A4 Kunststoff grün,3,0.5,1.5,0
B01681,Klasse 2,1021,Knete-Unterlage Kunststoff A3,1,1.99,1.99,0
B01681,Klasse 2,1009,Wachsmalkreiden 12er Set (wasservermalbar),1,6.99,6.99,0
B01682,Klasse 9,1047,Wissenschaftlicher Taschenrechner Casio fx-87DE X,1,24.99,24.99,0
B01682,Klasse 9,1028,Collegeblock A4 liniert (80 Blatt),3,1.79,5.37,0
B01682,Klasse 9,1046,Ordner A4 breit 80mm schwarz,1,3.49,3.49,0
B01682,Klasse 9,1034,Schulkompass Zirkel Staedtler,1,8.5,8.5,0
B01682,Klasse 9,1057,Textmarker-Set Pastell 6 Farben Stabilo Boss,1,6.99,6.99,0
B01683,Klasse 9,1058,Haftnotizen Post-it 76x76mm gelb,1,1.99,1.99,0
B01683,Klasse 9,1042,Schnellhefter A4 Kunststoff orange,2,0.5,1.0,0
B01683,Klasse 9,1025,Schulheft A4 kariert Lineatur 22 (16 Blatt),3,0.99,2.97,0
B01683,Klasse 9,1019,Borstenpinsel-Set (Größen 4/8/12),1,3.5,3.5,0
B01684,Klasse 12,1044,Fineliner 10er Set Stabilo Point 88,1,7.99,7.99,0
B01684,Klasse 12,1052,Formelsammlung Mathematik/Physik/Chemie Duden,1,12.99,12.99,0
B01684,Klasse 12,1059,Karteikarten A7 liniert 100 Stück,1,1.49,1.49,0
B01684,Klasse 12,1053,Ringbucheinlagen A4 liniert 100 Blatt,3,2.29,6.87,0
B01685,Klasse 3,1041,Schnellhefter A4 Kunststoff gelb,3,0.5,1.5,0
B01685,Klasse 3,1003,Schreiblernheft A4 Lineatur 3 (16 Blatt),3,0.99,2.97,0
B01685,Klasse 3,1042,Schnellhefter A4 Kunststoff orange,1,0.5,0.5,0
B01685,Klasse 3,1014,Doppelanspitzer Dose Trio Grip,1,2.99,2.99,0
B01685,Klasse 3,1011,Bastelschere rund 13cm Rechtshänder,1,2.2,2.2,0
B01685,Klasse 3,1012,Bastelschere rund 13cm Linkshänder,1,2.2,2.2,0
B01685,Klasse 3,1013,Klebestift Uhu Renature 21g,1,1.89,1.89,0
B01685,Klasse 3,1038,Schnellhefter A4 Kunststoff blau,1,0.5,0.5,0
B01685,Klasse 3,1004,Schulheft A4 Lineatur 4 (16 Blatt),5,0.99,4.95,0
B01686,Klasse 1,1021,Knete-Unterlage Kunststoff A3,1,1.99,1.99,0
B01686,Klasse 1,1005,Rechenheft A4 Lineatur 7 (7x7mm Kästchen),1,0.99,0.99,0
B01686,Klasse 1,1014,Doppelanspitzer Dose Trio Grip,1,2.99,2.99,0
B01686,Klasse 1,1042,Schnellhefter A4 Kunststoff orange,3,0.5,1.5,0
B01686,Klasse 1,1040,Schnellhefter A4 Kunststoff grün,2,0.5,1.0,0
B01686,Klasse 1,1008,Buntstifte 12er Set dreikant (dick),1,5.49,5.49,0
B01687,Klasse 7,1019,Borstenpinsel-Set (Größen 4/8/12),1,3.5,3.5,0
B01687,Klasse 7,1061,Tintenroller Pilot Frixion Ball 0.7 schwarz,2,3.29,6.58,0
B01687,Klasse 7,1030,Geodreieck 22 cm Griff transparent,1,2.1,2.1,0
B01688,Klasse 2,1019,Borstenpinsel-Set (Größen 4/8/12),1,3.5,3.5,0
B01688,Klasse 2,1005,Rechenheft A4 Lineatur 7 (7x7mm Kästchen),3,0.99,2.97,0
B01688,Klasse 2,1039,Schnellhefter A4 Kunststoff rot,2,0.5,1.0,0
B01688,Klasse 2,1038,Schnellhefter A4 Kunststoff blau,2,0.5,1.0,0
B01688,Klasse 2,1014,Doppelanspitzer Dose Trio Grip,1,2.99,2.99,0
B01688,Klasse 2,1009,Wachsmalkreiden 12er Set (wasservermalbar),1,6.99,6.99,0
B01688,Klasse 2,1022,Schreiblern-Füller Lamy ABC,1,14.5,14.5,0
B01689,Klasse 3,1022,Schreiblern-Füller Lamy ABC,1,14.5,14.5,0
B01689,Klasse 3,1019,Borstenpinsel-Set (Größen 4/8/12),1,3.5,3.5,0
B01689,Klasse 3,1013,Klebestift Uhu Renature 21g,1,1.89,1.89,0
B01689,Klasse 3,1003,Schreiblernheft A4 Lineatur 3 (16 Blatt),1,0.99,0.99,0
B01689,Klasse 3,1038,Schnellhefter A4 Kunststoff blau,2,0.5,1.0,0
B01690,Klasse 8,1042,Schnellhefter A4 Kunststoff orange,2,0.5,1.0,0
B01690,Klasse 8,1025,Schulheft A4 kariert Lineatur 22 (16 Blatt),5,0.99,4.95,0
B01690,Klasse 8,1032,Tintenpatronen blau T10 (5er Pack),3,1.8,5.4,0
B01690,Klasse 8,1019,Borstenpinsel-Set (Größen 4/8/12),1,3.5,3.5,0
B01690,Klasse 8,1047,Wissenschaftlicher Taschenrechner Casio fx-87DE X,1,24.99,24.99,0
B01690,Klasse 8,1059,Karteikarten A7 liniert 100 Stück,1,1.49,1.49,0
B01690,Klasse 8,1033,Tintenkiller Super Pirat (2er Pack),3,2.49,7.47,0
B01691,Klasse 3,1022,Schreiblern-Füller Lamy ABC,1,14.5,14.5,0
B01691,Klasse 3,1023,Hausaufgabenheft Grundschule A5,1,1.99,1.99,0
B01691,Klasse 3,1038,Schnellhefter A4 Kunststoff blau,3,0.5,1.5,0
B01691,Klasse 3,1003,Schreiblernheft A4 Lineatur 3 (16 Blatt),5,0.99,4.95,0
B01691,Klasse 3,1033,Tintenkiller Super Pirat (2er Pack),2,2.49,4.98,0
B01691,Klasse 3,1004,Schulheft A4 Lineatur 4 (16 Blatt),1,0.99,0.99,0
B01691,Klasse 3,1011,Bastelschere rund 13cm Rechtshänder,1,2.2,2.2,0
B01691,Klasse 3,1018,Tuschkasten K12 (12 Farben),1,9.95,9.95,0
B01691,Klasse 3,1019,Borstenpinsel-Set (Größen 4/8/12),1,3.5,3.5,0
B01692,Klasse 10,1054,Ringbucheinlagen A4 kariert 100 Blatt,3,2.29,6.87,0
B01692,Klasse 10,1041,Schnellhefter A4 Kunststoff gelb,2,0.5,1.0,0
B01692,Klasse 10,1059,Karteikarten A7 liniert 100 Stück,1,1.49,1.49,0
B01693,Klasse 7,1019,Borstenpinsel-Set (Größen 4/8/12),1,3.5,3.5,0
B01693,Klasse 7,1034,Schulkompass Zirkel Staedtler,1,8.5,8.5,0
B01693,Klasse 7,1024,Schulheft A4 liniert Lineatur 21 (16 Blatt),3,0.99,2.97,0
B01693,Klasse 7,1040,Schnellhefter A4 Kunststoff grün,1,0.5,0.5,0
B01693,Klasse 7,1029,Geodreieck 16 cm transparent Aristo,1,1.2,1.2,0
B01693,Klasse 7,1026,Vokabelheft A5 Lineatur 53 (32 Blatt),10,1.29,12.9,0
B01693,Klasse 7,1043,Textmarker-Set 4 Farben Stabilo Boss,1,4.99,4.99,0
B01694,Klasse 2,1006,Rechenheft A4 Lineatur 8 (5x5mm Kästchen),2,0.99,1.98,0
B01694,Klasse 2,1021,Knete-Unterlage Kunststoff A3,1,1.99,1.99,0
B01694,Klasse 2,1023,Hausaufgabenheft Grundschule A5,1,1.99,1.99,0
B01694,Klasse 2,1042,Schnellhefter A4 Kunststoff orange,1,0.5,0.5,0
B01695,Klasse 5,1017,Zeichenblock A3 (20 Blatt),1,2.49,2.49,0
B01695,Klasse 5,1016,Sammelbox A4 Karton blau,2,2.49,4.98,0
B01695,Klasse 5,1036,Bleistift HB Grip 2001 Faber-Castell,5,1.5,7.5,0
B01695,Klasse 5,1012,Bastelschere rund 13cm Linkshänder,1,2.2,2.2,0
B01695,Klasse 5,1038,Schnellhefter A4 Kunststoff blau,5,0.5,2.5,0
B01695,Klasse 5,1018,Tuschkasten K12 (12 Farben),1,9.95,9.95,0
B01695,Klasse 5,1037,Lineal 30cm Kunststoff transparent,1,1.1,1.1,0
B01696,Klasse 5,1019,Borstenpinsel-Set (Größen 4/8/12),1,3.5,3.5,0
B01696,Klasse 5,1048,Hausaufgabenheft A5 Classic,1,1.99,1.99,0
B01696,Klasse 5,1025,Schulheft A4 kariert Lineatur 22 (16 Blatt),1,0.99,0.99,0
B01696,Klasse 5,1020,Haarpinsel-Set (Größen 2/6/10),1,3.99,3.99,0
B01697,Klasse 9,1042,Schnellhefter A4 Kunststoff orange,3,0.5,1.5,0
B01697,Klasse 9,1061,Tintenroller Pilot Frixion Ball 0.7 schwarz,2,3.29,6.58,0
B01697,Klasse 9,1036,Bleistift HB Grip 2001 Faber-Castell,2,1.5,3.0,0
B01697,Klasse 9,1025,Schulheft A4 kariert Lineatur 22 (16 Blatt),2,0.99,1.98,0
B01697,Klasse 9,1038,Schnellhefter A4 Kunststoff blau,1,0.5,0.5,0
B01698,Klasse 1,1040,Schnellhefter A4 Kunststoff grün,3,0.5,1.5,0
B01698,Klasse 1,1007,Schreiblernbleistift Trio Grip (dick),2,1.99,3.98,0
B01698,Klasse 1,1020,Haarpinsel-Set (Größen 2/6/10),1,3.99,3.99,0
B01698,Klasse 1,1015,Radiergummi soft (für Bleistifte),1,0.8,0.8,0
B01698,Klasse 1,1038,Schnellhefter A4 Kunststoff blau,5,0.5,2.5,0
B01698,Klasse 1,1017,Zeichenblock A3 (20 Blatt),1,2.49,2.49,0
B01698,Klasse 1,1021,Knete-Unterlage Kunststoff A3,1,1.99,1.99,0
B01698,Klasse 1,1039,Schnellhefter A4 Kunststoff rot,2,0.5,1.0,0
B01698,Klasse 1,1012,Bastelschere rund 13cm Linkshänder,1,2.2,2.2,0
B01699,Klasse 2,1002,Schreiblernheft A4 Lineatur 2 (16 Blatt),5,0.99,4.95,0
B01699,Klasse 2,1042,Schnellhefter A4 Kunststoff orange,2,0.5,1.0,0
B01699,Klasse 2,1014,Doppelanspitzer Dose Trio Grip,1,2.99,2.99,0
B01699,Klasse 2,1018,Tuschkasten K12 (12 Farben),1,9.95,9.95,0
B01699,Klasse 2,1011,Bastelschere rund 13cm Rechtshänder,1,2.2,2.2,0
B01699,Klasse 2,1039,Schnellhefter A4 Kunststoff rot,5,0.5,2.5,0
B01699,Klasse 2,1023,Hausaufgabenheft Grundschule A5,1,1.99,1.99,0
B01699,Klasse 2,1005,Rechenheft A4 Lineatur 7 (7x7mm Kästchen),3,0.99,2.97,0
B01700,Klasse 1,1015,Radiergummi soft (für Bleistifte),1,0.8,0.8,0
B01700,Klasse 1,1005,Rechenheft A4 Lineatur 7 (7x7mm Kästchen),3,0.99,2.97,0
B01700,Klasse 1,1019,Borstenpinsel-Set (Größen 4/8/12),1,3.5,3.5,0
B01700,Klasse 1,1013,Klebestift Uhu Renature 21g,1,1.89,1.89,0
B01700,Klasse 1,1018,Tuschkasten K12 (12 Farben),1,9.95,9.95,0
B01700,Klasse 1,1016,Sammelbox A4 Karton blau,2,2.49,4.98,0
B01701,Klasse 1,1041,Schnellhefter A4 Kunststoff gelb,5,0.5,2.5,0
B01701,Klasse 1,1015,Radiergummi soft (für Bleistifte),1,0.8,0.8,0
B01701,Klasse 1,1012,Bastelschere rund 13cm Linkshänder,1,2.2,2.2,0
B01701,Klasse 1,1039,Schnellhefter A4 Kunststoff rot,2,0.5,1.0,0
B01701,Klasse 1,1013,Klebestift Uhu Renature 21g,1,1.89,1.89,0
B01701,Klasse 1,1010,Knetmasse 10 Farben,1,3.49,3.49,0
B01701,Klasse 1,1040,Schnellhefter A4 Kunststoff grün,3,0.5,1.5,0
B01701,Klasse 1,1001,Schreiblernheft A4 Lineatur 1 (16 Blatt),2,0.99,1.98,0
B01701,Klasse 1,1005,Rechenheft A4 Lineatur 7 (7x7mm Kästchen),3,0.99,2.97,0
B01702,Klasse 8,1060,Prospekthüllen A4 transparent 100er Pack,1,3.99,3.99,0
B01702,Klasse 8,1055,Kugelschreiber Grip 2011 M blau (dokumentenecht),2,4.5,9.0,0
B01702,Klasse 8,1044,Fineliner 10er Set Stabilo Point 88,1,7.99,7.99,0
B01702,Klasse 8,1027,Collegeblock A4 kariert (80 Blatt),1,1.79,1.79,0
B01702,Klasse 8,1042,Schnellhefter A4 Kunststoff orange,3,0.5,1.5,0
B01703,Klasse 7,1056,Kugelschreiber Grip 2011 M schwarz,1,4.5,4.5,0
B01703,Klasse 7,1031,Füllfederhalter Lamy Safari M,1,19.9,19.9,0
B01703,Klasse 7,1030,Geodreieck 22 cm Griff transparent,1,2.1,2.1,0
B01703,Klasse 7,1041,Schnellhefter A4 Kunststoff gelb,3,0.5,1.5,0
B01703,Klasse 7,1045,Ringbuch A4 schmal 25mm,1,2.99,2.99,0
B01703,Klasse 7,1027,Collegeblock A4 kariert (80 Blatt),1,1.79,1.79,0
B01704,Klasse 9,1032,Tintenpatronen blau T10 (5er Pack),1,1.8,1.8,0
B01704,Klasse 9,1017,Zeichenblock A3 (20 Blatt),1,2.49,2.49,0
B01704,Klasse 9,1034,Schulkompass Zirkel Staedtler,1,8.5,8.5,0
B01704,Klasse 9,1058,Haftnotizen Post-it 76x76mm gelb,1,1.99,1.99,0
B01705,Klasse 10,1030,Geodreieck 22 cm Griff transparent,1,2.1,2.1,0
B01705,Klasse 10,1037,Lineal 30cm Kunststoff transparent,1,1.1,1.1,0
B01706,Klasse 2,1017,Zeichenblock A3 (20 Blatt),1,2.49,2.49,0
B01706,Klasse 2,1021,Knete-Unterlage Kunststoff A3,1,1.99,1.99,0
B01706,Klasse 2,1009,Wachsmalkreiden 12er Set (wasservermalbar),1,6.99,6.99,0
B01706,Klasse 2,1008,Buntstifte 12er Set dreikant (dick),1,5.49,5.49,0
B01706,Klasse 2,1002,Schreiblernheft A4 Lineatur 2 (16 Blatt),1,0.99,0.99,0
B01706,Klasse 2,1016,Sammelbox A4 Karton blau,2,2.49,4.98,0
B01706,Klasse 2,1014,Doppelanspitzer Dose Trio Grip,1,2.99,2.99,0
B01706,Klasse 2,1042,Schnellhefter A4 Kunststoff orange,2,0.5,1.0,0
B01706,Klasse 2,1039,Schnellhefter A4 Kunststoff rot,3,0.5,1.5,0
B01707,Klasse 1 & 11,1040,Schnellhefter A4 Kunststoff grün,3,0.5,1.5,1
B01707,Klasse 1 & 11,1011,Bastelschere rund 13cm Rechtshänder,1,2.2,2.2,1
B01707,Klasse 1 & 11,1038,Schnellhefter A4 Kunststoff blau,1,0.5,0.5,1
B01707,Klasse 1 & 11,1042,Schnellhefter A4 Kunststoff orange,2,0.5,1.0,1
B01707,Klasse 1 & 11,1009,Wachsmalkreiden 12er Set (wasservermalbar),1,6.99,6.99,1
B01707,Klasse 1 & 11,1023,Hausaufgabenheft Grundschule A5,1,1.99,1.99,1
B01707,Klasse 1 & 11,1013,Klebestift Uhu Renature 21g,1,1.89,1.89,1
B01707,Klasse 1 & 11,1008,Buntstifte 12er Set dreikant (dick),1,5.49,5.49,1
B01707,Klasse 1 & 11,1018,Tuschkasten K12 (12 Farben),1,9.95,9.95,1
B01707,Klasse 1 & 11,1027,Collegeblock A4 kariert (80 Blatt),5,1.79,8.95,1
B01707,Klasse 1 & 11,1056,Kugelschreiber Grip 2011 M schwarz,2,4.5,9.0,1
B01708,Klasse 5 & 8,1044,Fineliner 10er Set Stabilo Point 88,1,7.99,7.99,1
B01708,Klasse 5 & 8,1018,Tuschkasten K12 (12 Farben),1,9.95,9.95,1
B01708,Klasse 5 & 8,1007,Schreiblernbleistift Trio Grip (dick),2,1.99,3.98,1
B01708,Klasse 5 & 8,1006,Rechenheft A4 Lineatur 8 (5x5mm Kästchen),10,0.99,9.9,1
B01708,Klasse 5 & 8,1046,Ordner A4 breit 80mm schwarz,2,3.49,6.98,1
B01708,Klasse 5 & 8,1036,Bleistift HB Grip 2001 Faber-Castell,1,1.5,1.5,1
B01708,Klasse 5 & 8,1040,Schnellhefter A4 Kunststoff grün,3,0.5,1.5,1
B01708,Klasse 5 & 8,1058,Haftnotizen Post-it 76x76mm gelb,1,1.99,1.99,1
B01708,Klasse 5 & 8,1026,Vokabelheft A5 Lineatur 53 (32 Blatt),1,1.29,1.29,1
B01708,Klasse 5 & 8,1038,Schnellhefter A4 Kunststoff blau,2,0.5,1.0,1
B01709,Klasse 8 & 12,1037,Lineal 30cm Kunststoff transparent,1,1.1,1.1,1
B01709,Klasse 8 & 12,1036,Bleistift HB Grip 2001 Faber-Castell,1,1.5,1.5,1
B01709,Klasse 8 & 12,1059,Karteikarten A7 liniert 100 Stück,1,1.49,1.49,1
B01709,Klasse 8 & 12,1029,Geodreieck 16 cm transparent Aristo,1,1.2,1.2,1
B01709,Klasse 8 & 12,1047,Wissenschaftlicher Taschenrechner Casio fx-87DE X,1,24.99,24.99,1
B01710,Klasse 11,1050,Oxford Collegeblock A4 liniert (90g Papier),5,2.79,13.95,0
B01710,Klasse 11,1059,Karteikarten A7 liniert 100 Stück,1,1.49,1.49,0
B01711,Klasse 6 & 7,1019,Borstenpinsel-Set (Größen 4/8/12),1,3.5,3.5,1
B01711,Klasse 6 & 7,1013,Klebestift Uhu Renature 21g,1,1.89,1.89,1
B01711,Klasse 6 & 7,1034,Schulkompass Zirkel Staedtler,1,8.5,8.5,1
B01711,Klasse 6 & 7,1032,Tintenpatronen blau T10 (5er Pack),2,1.8,3.6,1
B01711,Klasse 6 & 7,1018,Tuschkasten K12 (12 Farben),1,9.95,9.95,1
B01711,Klasse 6 & 7,1042,Schnellhefter A4 Kunststoff orange,1,0.5,0.5,1
B01711,Klasse 6 & 7,1026,Vokabelheft A5 Lineatur 53 (32 Blatt),2,1.29,2.58,1
B01711,Klasse 6 & 7,1041,Schnellhefter A4 Kunststoff gelb,2,0.5,1.0,1
B01711,Klasse 6 & 7,1048,Hausaufgabenheft A5 Classic,1,1.99,1.99,1
B01711,Klasse 6 & 7,1045,Ringbuch A4 schmal 25mm,1,2.99,2.99,1
B01712,Klasse 11,1049,Oxford Collegeblock A4 kariert (90g Papier),3,2.79,8.37,0
B01712,Klasse 11,1036,Bleistift HB Grip 2001 Faber-Castell,3,1.5,4.5,0
B01713,Klasse 5,1036,Bleistift HB Grip 2001 Faber-Castell,2,1.5,3.0,0
B01713,Klasse 5,1015,Radiergummi soft (für Bleistifte),1,0.8,0.8,0
B01713,Klasse 5,1004,Schulheft A4 Lineatur 4 (16 Blatt),5,0.99,4.95,0
B01713,Klasse 5,1045,Ringbuch A4 schmal 25mm,2,2.99,5.98,0
B01714,Klasse 4,1014,Doppelanspitzer Dose Trio Grip,1,2.99,2.99,0
B01714,Klasse 4,1017,Zeichenblock A3 (20 Blatt),1,2.49,2.49,0
B01714,Klasse 4,1041,Schnellhefter A4 Kunststoff gelb,1,0.5,0.5,0
B01714,Klasse 4,1040,Schnellhefter A4 Kunststoff grün,2,0.5,1.0,0
B01714,Klasse 4,1026,Vokabelheft A5 Lineatur 53 (32 Blatt),5,1.29,6.45,0
B01714,Klasse 4,1033,Tintenkiller Super Pirat (2er Pack),2,2.49,4.98,0
B01714,Klasse 4,1023,Hausaufgabenheft Grundschule A5,1,1.99,1.99,0
B01714,Klasse 4,1006,Rechenheft A4 Lineatur 8 (5x5mm Kästchen),2,0.99,1.98,0
B01715,Klasse 5,1040,Schnellhefter A4 Kunststoff grün,3,0.5,1.5,0
B01715,Klasse 5,1039,Schnellhefter A4 Kunststoff rot,3,0.5,1.5,0
B01715,Klasse 5,1035,Buntstifte 24er Set dreikant,1,8.99,8.99,0
B01715,Klasse 5,1019,Borstenpinsel-Set (Größen 4/8/12),1,3.5,3.5,0
B01715,Klasse 5,1015,Radiergummi soft (für Bleistifte),1,0.8,0.8,0
B01715,Klasse 5,1044,Fineliner 10er Set Stabilo Point 88,1,7.99,7.99,0
B01715,Klasse 5,1052,Formelsammlung Mathematik/Physik/Chemie Duden,1,12.99,12.99,0
B01716,Klasse 2,1016,Sammelbox A4 Karton blau,3,2.49,7.47,0
B01716,Klasse 2,1039,Schnellhefter A4 Kunststoff rot,1,0.5,0.5,0
B01716,Klasse 2,1008,Buntstifte 12er Set dreikant (dick),1,5.49,5.49,0
B01716,Klasse 2,1023,Hausaufgabenheft Grundschule A5,1,1.99,1.99,0
B01716,Klasse 2,1022,Schreiblern-Füller Lamy ABC,1,14.5,14.5,0
B01716,Klasse 2,1041,Schnellhefter A4 Kunststoff gelb,1,0.5,0.5,0
B01717,Klasse 11,1059,Karteikarten A7 liniert 100 Stück,1,1.49,1.49,0
B01717,Klasse 11,1037,Lineal 30cm Kunststoff transparent,1,1.1,1.1,0
B01717,Klasse 11,1028,Collegeblock A4 liniert (80 Blatt),10,1.79,17.9,0
B01717,Klasse 11,1030,Geodreieck 22 cm Griff transparent,1,2.1,2.1,0
B01717,Klasse 11,1043,Textmarker-Set 4 Farben Stabilo Boss,1,4.99,4.99,0
B01718,Klasse 2 & 8,1035,Buntstifte 24er Set dreikant,1,8.99,8.99,1
B01718,Klasse 2 & 8,1033,Tintenkiller Super Pirat (2er Pack),1,2.49,2.49,1
B01718,Klasse 2 & 8,1055,Kugelschreiber Grip 2011 M blau (dokumentenecht),2,4.5,9.0,1
B01718,Klasse 2 & 8,1009,Wachsmalkreiden 12er Set (wasservermalbar),1,6.99,6.99,1
B01718,Klasse 2 & 8,1004,Schulheft A4 Lineatur 4 (16 Blatt),10,0.99,9.9,1
B01718,Klasse 2 & 8,1039,Schnellhefter A4 Kunststoff rot,1,0.5,0.5,1
B01718,Klasse 2 & 8,1023,Hausaufgabenheft Grundschule A5,1,1.99,1.99,1
B01718,Klasse 2 & 8,1011,Bastelschere rund 13cm Rechtshänder,1,2.2,2.2,1
B01718,Klasse 2 & 8,1018,Tuschkasten K12 (12 Farben),1,9.95,9.95,1
B01718,Klasse 2 & 8,1013,Klebestift Uhu Renature 21g,1,1.89,1.89,1
B01718,Klasse 2 & 8,1012,Bastelschere rund 13cm Linkshänder,1,2.2,2.2,1
B01719,Klasse 3 & 10,1039,Schnellhefter A4 Kunststoff rot,1,0.5,0.5,1
B01719,Klasse 3 & 10,1027,Collegeblock A4 kariert (80 Blatt),1,1.79,1.79,1
B01719,Klasse 3 & 10,1038,Schnellhefter A4 Kunststoff blau,1,0.5,0.5,1
B01719,Klasse 3 & 10,1007,Schreiblernbleistift Trio Grip (dick),2,1.99,3.98,1
B01719,Klasse 3 & 10,1016,Sammelbox A4 Karton blau,2,2.49,4.98,1
B01719,Klasse 3 & 10,1017,Zeichenblock A3 (20 Blatt),1,2.49,2.49,1
B01719,Klasse 3 & 10,1006,Rechenheft A4 Lineatur 8 (5x5mm Kästchen),5,0.99,4.95,1
B01719,Klasse 3 & 10,1023,Hausaufgabenheft Grundschule A5,1,1.99,1.99,1
B01719,Klasse 3 & 10,1040,Schnellhefter A4 Kunststoff grün,2,0.5,1.0,1
B01719,Klasse 3 & 10,1042,Schnellhefter A4 Kunststoff orange,1,0.5,0.5,1
B01719,Klasse 3 & 10,1022,Schreiblern-Füller Lamy ABC,1,14.5,14.5,1
B01720,Klasse 8,1044,Fineliner 10er Set Stabilo Point 88,1,7.99,7.99,0
B01720,Klasse 8,1059,Karteikarten A7 liniert 100 Stück,1,1.49,1.49,0
B01720,Klasse 8,1035,Buntstifte 24er Set dreikant,1,8.99,8.99,0
B01720,Klasse 8,1034,Schulkompass Zirkel Staedtler,1,8.5,8.5,0
B01720,Klasse 8,1042,Schnellhefter A4 Kunststoff orange,5,0.5,2.5,0
B01720,Klasse 8,1055,Kugelschreiber Grip 2011 M blau (dokumentenecht),3,4.5,13.5,0
B01720,Klasse 8,1061,Tintenroller Pilot Frixion Ball 0.7 schwarz,1,3.29,3.29,0
B01721,Klasse 7,1017,Zeichenblock A3 (20 Blatt),1,2.49,2.49,0
B01721,Klasse 7,1029,Geodreieck 16 cm transparent Aristo,1,1.2,1.2,0
B01721,Klasse 7,1046,Ordner A4 breit 80mm schwarz,1,3.49,3.49,0
B01721,Klasse 7,1041,Schnellhefter A4 Kunststoff gelb,2,0.5,1.0,0
B01721,Klasse 7,1015,Radiergummi soft (für Bleistifte),1,0.8,0.8,0
B01722,Klasse 5,1018,Tuschkasten K12 (12 Farben),1,9.95,9.95,0
B01722,Klasse 5,1048,Hausaufgabenheft A5 Classic,1,1.99,1.99,0
B01722,Klasse 5,1031,Füllfederhalter Lamy Safari M,1,19.9,19.9,0
B01722,Klasse 5,1036,Bleistift HB Grip 2001 Faber-Castell,5,1.5,7.5,0
B01722,Klasse 5,1025,Schulheft A4 kariert Lineatur 22 (16 Blatt),3,0.99,2.97,0
B01722,Klasse 5,1026,Vokabelheft A5 Lineatur 53 (32 Blatt),3,1.29,3.87,0
B01722,Klasse 5,1024,Schulheft A4 liniert Lineatur 21 (16 Blatt),10,0.99,9.9,0
B01723,Klasse 5,1035,Buntstifte 24er Set dreikant,1,8.99,8.99,0
B01723,Klasse 5,1033,Tintenkiller Super Pirat (2er Pack),2,2.49,4.98,0
B01723,Klasse 5,1017,Zeichenblock A3 (20 Blatt),1,2.49,2.49,0
B01724,Klasse 1,1040,Schnellhefter A4 Kunststoff grün,3,0.5,1.5,0
B01724,Klasse 1,1019,Borstenpinsel-Set (Größen 4/8/12),1,3.5,3.5,0
B01724,Klasse 1,1016,Sammelbox A4 Karton blau,1,2.49,2.49,0
B01724,Klasse 1,1021,Knete-Unterlage Kunststoff A3,1,1.99,1.99,0
B01724,Klasse 1,1011,Bastelschere rund 13cm Rechtshänder,1,2.2,2.2,0
B01725,Klasse 4 & 5,1046,Ordner A4 breit 80mm schwarz,2,3.49,6.98,1
B01725,Klasse 4 & 5,1041,Schnellhefter A4 Kunststoff gelb,3,0.5,1.5,1
B01725,Klasse 4 & 5,1028,Collegeblock A4 liniert (80 Blatt),3,1.79,5.37,1
B01725,Klasse 4 & 5,1043,Textmarker-Set 4 Farben Stabilo Boss,1,4.99,4.99,1
B01725,Klasse 4 & 5,1036,Bleistift HB Grip 2001 Faber-Castell,1,1.5,1.5,1
B01725,Klasse 4 & 5,1016,Sammelbox A4 Karton blau,2,2.49,4.98,1
B01725,Klasse 4 & 5,1039,Schnellhefter A4 Kunststoff rot,2,0.5,1.0,1
B01725,Klasse 4 & 5,1013,Klebestift Uhu Renature 21g,1,1.89,1.89,1
B01725,Klasse 4 & 5,1020,Haarpinsel-Set (Größen 2/6/10),1,3.99,3.99,1
B01725,Klasse 4 & 5,1012,Bastelschere rund 13cm Linkshänder,1,2.2,2.2,1
B01725,Klasse 4 & 5,1033,Tintenkiller Super Pirat (2er Pack),2,2.49,4.98,1
B01726,Klasse 3 & 4,1036,Bleistift HB Grip 2001 Faber-Castell,2,1.5,3.0,1
B01726,Klasse 3 & 4,1016,Sammelbox A4 Karton blau,1,2.49,2.49,1
B01726,Klasse 3 & 4,1004,Schulheft A4 Lineatur 4 (16 Blatt),2,0.99,1.98,1
B01726,Klasse 3 & 4,1039,Schnellhefter A4 Kunststoff rot,3,0.5,1.5,1
B01726,Klasse 3 & 4,1040,Schnellhefter A4 Kunststoff grün,1,0.5,0.5,1
B01726,Klasse 3 & 4,1038,Schnellhefter A4 Kunststoff blau,2,0.5,1.0,1
B01726,Klasse 3 & 4,1003,Schreiblernheft A4 Lineatur 3 (16 Blatt),2,0.99,1.98,1
B01726,Klasse 3 & 4,1019,Borstenpinsel-Set (Größen 4/8/12),1,3.5,3.5,1
B01726,Klasse 3 & 4,1009,Wachsmalkreiden 12er Set (wasservermalbar),1,6.99,6.99,1
B01727,Klasse 12,1027,Collegeblock A4 kariert (80 Blatt),2,1.79,3.58,0
B01727,Klasse 12,1055,Kugelschreiber Grip 2011 M blau (dokumentenecht),2,4.5,9.0,0
B01727,Klasse 12,1043,Textmarker-Set 4 Farben Stabilo Boss,1,4.99,4.99,0
B01728,Klasse 4,1012,Bastelschere rund 13cm Linkshänder,1,2.2,2.2,0
B01728,Klasse 4,1045,Ringbuch A4 schmal 25mm,2,2.99,5.98,0
B01728,Klasse 4,1008,Buntstifte 12er Set dreikant (dick),1,5.49,5.49,0
B01728,Klasse 4,1011,Bastelschere rund 13cm Rechtshänder,1,2.2,2.2,0
B01728,Klasse 4,1006,Rechenheft A4 Lineatur 8 (5x5mm Kästchen),1,0.99,0.99,0
B01728,Klasse 4,1031,Füllfederhalter Lamy Safari M,1,19.9,19.9,0
B01729,Klasse 12,1036,Bleistift HB Grip 2001 Faber-Castell,2,1.5,3.0,0
B01729,Klasse 12,1060,Prospekthüllen A4 transparent 100er Pack,1,3.99,3.99,0
B01729,Klasse 12,1043,Textmarker-Set 4 Farben Stabilo Boss,1,4.99,4.99,0
B01729,Klasse 12,1058,Haftnotizen Post-it 76x76mm gelb,1,1.99,1.99,0
B01730,Klasse 2,1021,Knete-Unterlage Kunststoff A3,1,1.99,1.99,0
B01730,Klasse 2,1013,Klebestift Uhu Renature 21g,1,1.89,1.89,0
B01730,Klasse 2,1023,Hausaufgabenheft Grundschule A5,1,1.99,1.99,0
B01730,Klasse 2,1012,Bastelschere rund 13cm Linkshänder,1,2.2,2.2,0
B01731,Klasse 2,1014,Doppelanspitzer Dose Trio Grip,1,2.99,2.99,0
B01731,Klasse 2,1018,Tuschkasten K12 (12 Farben),1,9.95,9.95,0
B01731,Klasse 2,1042,Schnellhefter A4 Kunststoff orange,1,0.5,0.5,0
B01731,Klasse 2,1020,Haarpinsel-Set (Größen 2/6/10),1,3.99,3.99,0
B01731,Klasse 2,1008,Buntstifte 12er Set dreikant (dick),1,5.49,5.49,0
B01731,Klasse 2,1016,Sammelbox A4 Karton blau,1,2.49,2.49,0
B01731,Klasse 2,1022,Schreiblern-Füller Lamy ABC,1,14.5,14.5,0
B01731,Klasse 2,1009,Wachsmalkreiden 12er Set (wasservermalbar),1,6.99,6.99,0
B01731,Klasse 2,1032,Tintenpatronen blau T10 (5er Pack),2,1.8,3.6,0
B01732,Klasse 3 & 11,1061,Tintenroller Pilot Frixion Ball 0.7 schwarz,3,3.29,9.87,1
B01732,Klasse 3 & 11,1036,Bleistift HB Grip 2001 Faber-Castell,5,1.5,7.5,1
B01732,Klasse 3 & 11,1058,Haftnotizen Post-it 76x76mm gelb,1,1.99,1.99,1
B01732,Klasse 3 & 11,1059,Karteikarten A7 liniert 100 Stück,1,1.49,1.49,1
B01732,Klasse 3 & 11,1003,Schreiblernheft A4 Lineatur 3 (16 Blatt),3,0.99,2.97,1
B01732,Klasse 3 & 11,1020,Haarpinsel-Set (Größen 2/6/10),1,3.99,3.99,1
B01732,Klasse 3 & 11,1014,Doppelanspitzer Dose Trio Grip,1,2.99,2.99,1
B01732,Klasse 3 & 11,1018,Tuschkasten K12 (12 Farben),1,9.95,9.95,1
B01733,Klasse 9,1042,Schnellhefter A4 Kunststoff orange,2,0.5,1.0,0
B01733,Klasse 9,1055,Kugelschreiber Grip 2011 M blau (dokumentenecht),5,4.5,22.5,0
B01733,Klasse 9,1039,Schnellhefter A4 Kunststoff rot,3,0.5,1.5,0
B01733,Klasse 9,1037,Lineal 30cm Kunststoff transparent,1,1.1,1.1,0
B01733,Klasse 9,1040,Schnellhefter A4 Kunststoff grün,2,0.5,1.0,0
B01734,Klasse 9,1041,Schnellhefter A4 Kunststoff gelb,1,0.5,0.5,0
B01734,Klasse 9,1034,Schulkompass Zirkel Staedtler,1,8.5,8.5,0
B01734,Klasse 9,1057,Textmarker-Set Pastell 6 Farben Stabilo Boss,1,6.99,6.99,0
B01734,Klasse 9,1017,Zeichenblock A3 (20 Blatt),1,2.49,2.49,0
B01735,Klasse 11,1051,Grafikrechner Casio FX-CG50,1,119.0,119.0,0
B01735,Klasse 11,1056,Kugelschreiber Grip 2011 M schwarz,3,4.5,13.5,0
B01735,Klasse 11,1046,Ordner A4 breit 80mm schwarz,3,3.49,10.47,0
B01735,Klasse 11,1052,Formelsammlung Mathematik/Physik/Chemie Duden,1,12.99,12.99,0
B01736,Klasse 1 & 2,1015,Radiergummi soft (für Bleistifte),1,0.8,0.8,1
B01736,Klasse 1 & 2,1002,Schreiblernheft A4 Lineatur 2 (16 Blatt),2,0.99,1.98,1
B01736,Klasse 1 & 2,1013,Klebestift Uhu Renature 21g,1,1.89,1.89,1
B01736,Klasse 1 & 2,1042,Schnellhefter A4 Kunststoff orange,2,0.5,1.0,1
B01736,Klasse 1 & 2,1008,Buntstifte 12er Set dreikant (dick),1,5.49,5.49,1
B01736,Klasse 1 & 2,1001,Schreiblernheft A4 Lineatur 1 (16 Blatt),3,0.99,2.97,1
B01736,Klasse 1 & 2,1039,Schnellhefter A4 Kunststoff rot,1,0.5,0.5,1
B01736,Klasse 1 & 2,1018,Tuschkasten K12 (12 Farben),1,9.95,9.95,1
B01736,Klasse 1 & 2,1040,Schnellhefter A4 Kunststoff grün,3,0.5,1.5,1
B01736,Klasse 1 & 2,1014,Doppelanspitzer Dose Trio Grip,1,2.99,2.99,1
B01737,Klasse 9,1060,Prospekthüllen A4 transparent 100er Pack,1,3.99,3.99,0
B01737,Klasse 9,1043,Textmarker-Set 4 Farben Stabilo Boss,1,4.99,4.99,0
B01737,Klasse 9,1033,Tintenkiller Super Pirat (2er Pack),2,2.49,4.98,0
B01738,Klasse 4 & 10,1046,Ordner A4 breit 80mm schwarz,1,3.49,3.49,1
B01738,Klasse 4 & 10,1036,Bleistift HB Grip 2001 Faber-Castell,2,1.5,3.0,1
B01738,Klasse 4 & 10,1052,Formelsammlung Mathematik/Physik/Chemie Duden,1,12.99,12.99,1
B01738,Klasse 4 & 10,1013,Klebestift Uhu Renature 21g,1,1.89,1.89,1
B01738,Klasse 4 & 10,1006,Rechenheft A4 Lineatur 8 (5x5mm Kästchen),5,0.99,4.95,1
B01738,Klasse 4 & 10,1039,Schnellhefter A4 Kunststoff rot,5,0.5,2.5,1
B01738,Klasse 4 & 10,1025,Schulheft A4 kariert Lineatur 22 (16 Blatt),3,0.99,2.97,1
B01739,Klasse 11,1049,Oxford Collegeblock A4 kariert (90g Papier),5,2.79,13.95,0
B01739,Klasse 11,1038,Schnellhefter A4 Kunststoff blau,2,0.5,1.0,0
B01739,Klasse 11,1058,Haftnotizen Post-it 76x76mm gelb,1,1.99,1.99,0
B01739,Klasse 11,1059,Karteikarten A7 liniert 100 Stück,1,1.49,1.49,0
B01739,Klasse 11,1056,Kugelschreiber Grip 2011 M schwarz,1,4.5,4.5,0
B01740,Klasse 6,1032,Tintenpatronen blau T10 (5er Pack),5,1.8,9.0,0
B01740,Klasse 6,1024,Schulheft A4 liniert Lineatur 21 (16 Blatt),2,0.99,1.98,0
B01740,Klasse 6,1015,Radiergummi soft (für Bleistifte),1,0.8,0.8,0
B01740,Klasse 6,1019,Borstenpinsel-Set (Größen 4/8/12),1,3.5,3.5,0
B01740,Klasse 6,1018,Tuschkasten K12 (12 Farben),1,9.95,9.95,0
B01740,Klasse 6,1040,Schnellhefter A4 Kunststoff grün,2,0.5,1.0,0
B01741,Klasse 5,1039,Schnellhefter A4 Kunststoff rot,3,0.5,1.5,0
B01741,Klasse 5,1040,Schnellhefter A4 Kunststoff grün,2,0.5,1.0,0
B01741,Klasse 5,1046,Ordner A4 breit 80mm schwarz,2,3.49,6.98,0
B01741,Klasse 5,1025,Schulheft A4 kariert Lineatur 22 (16 Blatt),1,0.99,0.99,0
B01741,Klasse 5,1041,Schnellhefter A4 Kunststoff gelb,2,0.5,1.0,0
B01742,Klasse 10,1046,Ordner A4 breit 80mm schwarz,3,3.49,10.47,0
B01742,Klasse 10,1059,Karteikarten A7 liniert 100 Stück,1,1.49,1.49,0
B01743,Klasse 6,1040,Schnellhefter A4 Kunststoff grün,1,0.5,0.5,0
B01743,Klasse 6,1037,Lineal 30cm Kunststoff transparent,1,1.1,1.1,0
B01743,Klasse 6,1033,Tintenkiller Super Pirat (2er Pack),2,2.49,4.98,0
B01743,Klasse 6,1031,Füllfederhalter Lamy Safari M,1,19.9,19.9,0
B01743,Klasse 6,1019,Borstenpinsel-Set (Größen 4/8/12),1,3.5,3.5,0
B01743,Klasse 6,1041,Schnellhefter A4 Kunststoff gelb,2,0.5,1.0,0
B01743,Klasse 6,1025,Schulheft A4 kariert Lineatur 22 (16 Blatt),10,0.99,9.9,0
B01744,Klasse 5,1042,Schnellhefter A4 Kunststoff orange,2,0.5,1.0,0
B01744,Klasse 5,1036,Bleistift HB Grip 2001 Faber-Castell,3,1.5,4.5,0
B01744,Klasse 5,1028,Collegeblock A4 liniert (80 Blatt),5,1.79,8.95,0
B01744,Klasse 5,1024,Schulheft A4 liniert Lineatur 21 (16 Blatt),2,0.99,1.98,0
B01744,Klasse 5,1017,Zeichenblock A3 (20 Blatt),1,2.49,2.49,0
B01744,Klasse 5,1008,Buntstifte 12er Set dreikant (dick),1,5.49,5.49,0
B01744,Klasse 5,1018,Tuschkasten K12 (12 Farben),1,9.95,9.95,0
B01745,Klasse 4,1008,Buntstifte 12er Set dreikant (dick),1,5.49,5.49,0
B01745,Klasse 4,1019,Borstenpinsel-Set (Größen 4/8/12),1,3.5,3.5,0
B01745,Klasse 4,1004,Schulheft A4 Lineatur 4 (16 Blatt),5,0.99,4.95,0
B01745,Klasse 4,1045,Ringbuch A4 schmal 25mm,3,2.99,8.97,0
B01745,Klasse 4,1035,Buntstifte 24er Set dreikant,1,8.99,8.99,0
B01746,Klasse 10,1054,Ringbucheinlagen A4 kariert 100 Blatt,5,2.29,11.45,0
B01746,Klasse 10,1036,Bleistift HB Grip 2001 Faber-Castell,2,1.5,3.0,0
B01746,Klasse 10,1029,Geodreieck 16 cm transparent Aristo,1,1.2,1.2,0
B01746,Klasse 10,1028,Collegeblock A4 liniert (80 Blatt),5,1.79,8.95,0
B01746,Klasse 10,1041,Schnellhefter A4 Kunststoff gelb,5,0.5,2.5,0
B01747,Klasse 7,1034,Schulkompass Zirkel Staedtler,1,8.5,8.5,0
B01747,Klasse 7,1018,Tuschkasten K12 (12 Farben),1,9.95,9.95,0
B01747,Klasse 7,1026,Vokabelheft A5 Lineatur 53 (32 Blatt),10,1.29,12.9,0
B01747,Klasse 7,1040,Schnellhefter A4 Kunststoff grün,1,0.5,0.5,0
B01747,Klasse 7,1020,Haarpinsel-Set (Größen 2/6/10),1,3.99,3.99,0
B01747,Klasse 7,1019,Borstenpinsel-Set (Größen 4/8/12),1,3.5,3.5,0
B01747,Klasse 7,1031,Füllfederhalter Lamy Safari M,1,19.9,19.9,0
B01748,Klasse 12,1043,Textmarker-Set 4 Farben Stabilo Boss,1,4.99,4.99,0
B01748,Klasse 12,1058,Haftnotizen Post-it 76x76mm gelb,1,1.99,1.99,0
B01748,Klasse 12,1055,Kugelschreiber Grip 2011 M blau (dokumentenecht),2,4.5,9.0,0
B01748,Klasse 12,1060,Prospekthüllen A4 transparent 100er Pack,1,3.99,3.99,0
B01749,Klasse 12,1061,Tintenroller Pilot Frixion Ball 0.7 schwarz,1,3.29,3.29,0
B01749,Klasse 12,1051,Grafikrechner Casio FX-CG50,1,119.0,119.0,0
B01750,Klasse 6,1015,Radiergummi soft (für Bleistifte),1,0.8,0.8,0
B01750,Klasse 6,1059,Karteikarten A7 liniert 100 Stück,1,1.49,1.49,0
B01750,Klasse 6,1043,Textmarker-Set 4 Farben Stabilo Boss,1,4.99,4.99,0
B01750,Klasse 6,1032,Tintenpatronen blau T10 (5er Pack),1,1.8,1.8,0
B01750,Klasse 6,1061,Tintenroller Pilot Frixion Ball 0.7 schwarz,5,3.29,16.45,0
B01751,Klasse 6,1040,Schnellhefter A4 Kunststoff grün,1,0.5,0.5,0
B01751,Klasse 6,1035,Buntstifte 24er Set dreikant,1,8.99,8.99,0
B01751,Klasse 6,1048,Hausaufgabenheft A5 Classic,1,1.99,1.99,0
B01751,Klasse 6,1041,Schnellhefter A4 Kunststoff gelb,3,0.5,1.5,0
B01751,Klasse 6,1013,Klebestift Uhu Renature 21g,1,1.89,1.89,0
B01751,Klasse 6,1036,Bleistift HB Grip 2001 Faber-Castell,1,1.5,1.5,0
B01752,Klasse 2,1012,Bastelschere rund 13cm Linkshänder,1,2.2,2.2,0
B01752,Klasse 2,1011,Bastelschere rund 13cm Rechtshänder,1,2.2,2.2,0
B01752,Klasse 2,1002,Schreiblernheft A4 Lineatur 2 (16 Blatt),5,0.99,4.95,0
B01752,Klasse 2,1013,Klebestift Uhu Renature 21g,1,1.89,1.89,0
B01753,Klasse 2,1002,Schreiblernheft A4 Lineatur 2 (16 Blatt),2,0.99,1.98,0
B01753,Klasse 2,1020,Haarpinsel-Set (Größen 2/6/10),1,3.99,3.99,0
B01753,Klasse 2,1017,Zeichenblock A3 (20 Blatt),1,2.49,2.49,0
B01753,Klasse 2,1007,Schreiblernbleistift Trio Grip (dick),2,1.99,3.98,0
B01753,Klasse 2,1039,Schnellhefter A4 Kunststoff rot,1,0.5,0.5,0
B01753,Klasse 2,1011,Bastelschere rund 13cm Rechtshänder,1,2.2,2.2,0
B01753,Klasse 2,1014,Doppelanspitzer Dose Trio Grip,1,2.99,2.99,0
B01753,Klasse 2,1016,Sammelbox A4 Karton blau,1,2.49,2.49,0
B01753,Klasse 2,1005,Rechenheft A4 Lineatur 7 (7x7mm Kästchen),5,0.99,4.95,0
B01754,Klasse 9,1056,Kugelschreiber Grip 2011 M schwarz,2,4.5,9.0,0
B01754,Klasse 9,1030,Geodreieck 22 cm Griff transparent,1,2.1,2.1,0
B01754,Klasse 9,1045,Ringbuch A4 schmal 25mm,1,2.99,2.99,0
B01754,Klasse 9,1031,Füllfederhalter Lamy Safari M,1,19.9,19.9,0
B01755,Klasse 11 & 12,1057,Textmarker-Set Pastell 6 Farben Stabilo Boss,1,6.99,6.99,1
B01755,Klasse 11 & 12,1052,Formelsammlung Mathematik/Physik/Chemie Duden,1,12.99,12.99,1
B01755,Klasse 11 & 12,1030,Geodreieck 22 cm Griff transparent,1,2.1,2.1,1
B01755,Klasse 11 & 12,1015,Radiergummi soft (für Bleistifte),1,0.8,0.8,1
B01755,Klasse 11 & 12,1055,Kugelschreiber Grip 2011 M blau (dokumentenecht),5,4.5,22.5,1
B01755,Klasse 11 & 12,1029,Geodreieck 16 cm transparent Aristo,1,1.2,1.2,1
B01755,Klasse 11 & 12,1044,Fineliner 10er Set Stabilo Point 88,1,7.99,7.99,1
B01755,Klasse 11 & 12,1056,Kugelschreiber Grip 2011 M schwarz,2,4.5,9.0,1
B01756,Klasse 4,1017,Zeichenblock A3 (20 Blatt),1,2.49,2.49,0
B01756,Klasse 4,1038,Schnellhefter A4 Kunststoff blau,2,0.5,1.0,0
B01756,Klasse 4,1019,Borstenpinsel-Set (Größen 4/8/12),1,3.5,3.5,0
B01756,Klasse 4,1032,Tintenpatronen blau T10 (5er Pack),3,1.8,5.4,0
B01757,Klasse 3,1008,Buntstifte 12er Set dreikant (dick),1,5.49,5.49,0
B01757,Klasse 3,1011,Bastelschere rund 13cm Rechtshänder,1,2.2,2.2,0
B01757,Klasse 3,1042,Schnellhefter A4 Kunststoff orange,1,0.5,0.5,0
B01757,Klasse 3,1019,Borstenpinsel-Set (Größen 4/8/12),1,3.5,3.5,0
B01757,Klasse 3,1020,Haarpinsel-Set (Größen 2/6/10),1,3.99,3.99,0
B01757,Klasse 3,1039,Schnellhefter A4 Kunststoff rot,1,0.5,0.5,0
B01757,Klasse 3,1017,Zeichenblock A3 (20 Blatt),1,2.49,2.49,0
B01757,Klasse 3,1016,Sammelbox A4 Karton blau,2,2.49,4.98,0
B01758,Klasse 7,1024,Schulheft A4 liniert Lineatur 21 (16 Blatt),3,0.99,2.97,0
B01758,Klasse 7,1020,Haarpinsel-Set (Größen 2/6/10),1,3.99,3.99,0
B01758,Klasse 7,1040,Schnellhefter A4 Kunststoff grün,2,0.5,1.0,0
B01758,Klasse 7,1047,Wissenschaftlicher Taschenrechner Casio fx-87DE X,1,24.99,24.99,0
B01758,Klasse 7,1042,Schnellhefter A4 Kunststoff orange,2,0.5,1.0,0
B01758,Klasse 7,1033,Tintenkiller Super Pirat (2er Pack),2,2.49,4.98,0
B01758,Klasse 7,1060,Prospekthüllen A4 transparent 100er Pack,1,3.99,3.99,0
B01759,Klasse 3,1008,Buntstifte 12er Set dreikant (dick),1,5.49,5.49,0
B01759,Klasse 3,1003,Schreiblernheft A4 Lineatur 3 (16 Blatt),1,0.99,0.99,0
B01759,Klasse 3,1036,Bleistift HB Grip 2001 Faber-Castell,3,1.5,4.5,0
B01759,Klasse 3,1016,Sammelbox A4 Karton blau,2,2.49,4.98,0
B01759,Klasse 3,1041,Schnellhefter A4 Kunststoff gelb,2,0.5,1.0,0
B01759,Klasse 3,1006,Rechenheft A4 Lineatur 8 (5x5mm Kästchen),1,0.99,0.99,0
B01760,Klasse 6,1018,Tuschkasten K12 (12 Farben),1,9.95,9.95,0
B01760,Klasse 6,1028,Collegeblock A4 liniert (80 Blatt),2,1.79,3.58,0
B01760,Klasse 6,1045,Ringbuch A4 schmal 25mm,3,2.99,8.97,0
B01760,Klasse 6,1017,Zeichenblock A3 (20 Blatt),1,2.49,2.49,0
B01760,Klasse 6,1033,Tintenkiller Super Pirat (2er Pack),3,2.49,7.47,0
B01760,Klasse 6,1030,Geodreieck 22 cm Griff transparent,1,2.1,2.1,0
B01761,Klasse 6 & 8,1024,Schulheft A4 liniert Lineatur 21 (16 Blatt),5,0.99,4.95,1
B01761,Klasse 6 & 8,1013,Klebestift Uhu Renature 21g,1,1.89,1.89,1
B01761,Klasse 6 & 8,1048,Hausaufgabenheft A5 Classic,1,1.99,1.99,1
B01761,Klasse 6 & 8,1015,Radiergummi soft (für Bleistifte),1,0.8,0.8,1
B01761,Klasse 6 & 8,1026,Vokabelheft A5 Lineatur 53 (32 Blatt),5,1.29,6.45,1
B01761,Klasse 6 & 8,1027,Collegeblock A4 kariert (80 Blatt),1,1.79,1.79,1
B01761,Klasse 6 & 8,1041,Schnellhefter A4 Kunststoff gelb,2,0.5,1.0,1
B01761,Klasse 6 & 8,1032,Tintenpatronen blau T10 (5er Pack),2,1.8,3.6,1
B01761,Klasse 6 & 8,1040,Schnellhefter A4 Kunststoff grün,1,0.5,0.5,1
B01761,Klasse 6 & 8,1030,Geodreieck 22 cm Griff transparent,1,2.1,2.1,1
B01761,Klasse 6 & 8,1033,Tintenkiller Super Pirat (2er Pack),2,2.49,4.98,1
B01762,Klasse 4,1017,Zeichenblock A3 (20 Blatt),1,2.49,2.49,0
B01762,Klasse 4,1006,Rechenheft A4 Lineatur 8 (5x5mm Kästchen),3,0.99,2.97,0
B01762,Klasse 4,1039,Schnellhefter A4 Kunststoff rot,1,0.5,0.5,0
B01762,Klasse 4,1013,Klebestift Uhu Renature 21g,1,1.89,1.89,0
B01763,Klasse 11,1042,Schnellhefter A4 Kunststoff orange,3,0.5,1.5,0
B01763,Klasse 11,1061,Tintenroller Pilot Frixion Ball 0.7 schwarz,1,3.29,3.29,0
B01763,Klasse 11,1029,Geodreieck 16 cm transparent Aristo,1,1.2,1.2,0
B01763,Klasse 11,1055,Kugelschreiber Grip 2011 M blau (dokumentenecht),1,4.5,4.5,0
B01763,Klasse 11,1054,Ringbucheinlagen A4 kariert 100 Blatt,5,2.29,11.45,0
B01764,Klasse 9,1043,Textmarker-Set 4 Farben Stabilo Boss,1,4.99,4.99,0
B01764,Klasse 9,1055,Kugelschreiber Grip 2011 M blau (dokumentenecht),3,4.5,13.5,0
B01764,Klasse 9,1032,Tintenpatronen blau T10 (5er Pack),2,1.8,3.6,0
B01764,Klasse 9,1018,Tuschkasten K12 (12 Farben),1,9.95,9.95,0
B01764,Klasse 9,1025,Schulheft A4 kariert Lineatur 22 (16 Blatt),5,0.99,4.95,0
B01765,Klasse 11,1030,Geodreieck 22 cm Griff transparent,1,2.1,2.1,0
B01765,Klasse 11,1029,Geodreieck 16 cm transparent Aristo,1,1.2,1.2,0
B01765,Klasse 11,1037,Lineal 30cm Kunststoff transparent,1,1.1,1.1,0
B01765,Klasse 11,1006,Rechenheft A4 Lineatur 8 (5x5mm Kästchen),1,0.99,0.99,0
B01765,Klasse 11,1056,Kugelschreiber Grip 2011 M schwarz,2,4.5,9.0,0
B01766,Klasse 12,1054,Ringbucheinlagen A4 kariert 100 Blatt,5,2.29,11.45,0
B01766,Klasse 12,1049,Oxford Collegeblock A4 kariert (90g Papier),1,2.79,2.79,0
B01766,Klasse 12,1056,Kugelschreiber Grip 2011 M schwarz,5,4.5,22.5,0
B01767,Klasse 12,1056,Kugelschreiber Grip 2011 M schwarz,2,4.5,9.0,0
B01767,Klasse 12,1037,Lineal 30cm Kunststoff transparent,1,1.1,1.1,0
B01767,Klasse 12,1053,Ringbucheinlagen A4 liniert 100 Blatt,5,2.29,11.45,0
B01767,Klasse 12,1015,Radiergummi soft (für Bleistifte),1,0.8,0.8,0
B01768,Klasse 7,1025,Schulheft A4 kariert Lineatur 22 (16 Blatt),3,0.99,2.97,0
B01768,Klasse 7,1020,Haarpinsel-Set (Größen 2/6/10),1,3.99,3.99,0
B01768,Klasse 7,1041,Schnellhefter A4 Kunststoff gelb,2,0.5,1.0,0
B01769,Klasse 7,1045,Ringbuch A4 schmal 25mm,2,2.99,5.98,0
B01769,Klasse 7,1034,Schulkompass Zirkel Staedtler,1,8.5,8.5,0
B01769,Klasse 7,1044,Fineliner 10er Set Stabilo Point 88,1,7.99,7.99,0
B01770,Klasse 7,1039,Schnellhefter A4 Kunststoff rot,2,0.5,1.0,0
B01770,Klasse 7,1042,Schnellhefter A4 Kunststoff orange,3,0.5,1.5,0
B01770,Klasse 7,1035,Buntstifte 24er Set dreikant,1,8.99,8.99,0
B01770,Klasse 7,1059,Karteikarten A7 liniert 100 Stück,1,1.49,1.49,0
B01770,Klasse 7,1046,Ordner A4 breit 80mm schwarz,2,3.49,6.98,0
B01770,Klasse 7,1020,Haarpinsel-Set (Größen 2/6/10),1,3.99,3.99,0
B01771,Klasse 11,1028,Collegeblock A4 liniert (80 Blatt),3,1.79,5.37,0
B01771,Klasse 11,1036,Bleistift HB Grip 2001 Faber-Castell,1,1.5,1.5,0
B01771,Klasse 11,1049,Oxford Collegeblock A4 kariert (90g Papier),2,2.79,5.58,0
B01771,Klasse 11,1059,Karteikarten A7 liniert 100 Stück,1,1.49,1.49,0
B01771,Klasse 11,1027,Collegeblock A4 kariert (80 Blatt),2,1.79,3.58,0
B01772,Klasse 5,1032,Tintenpatronen blau T10 (5er Pack),5,1.8,9.0,0
B01772,Klasse 5,1027,Collegeblock A4 kariert (80 Blatt),3,1.79,5.37,0
B01772,Klasse 5,1018,Tuschkasten K12 (12 Farben),1,9.95,9.95,0
B01772,Klasse 5,1020,Haarpinsel-Set (Größen 2/6/10),1,3.99,3.99,0
B01772,Klasse 5,1017,Zeichenblock A3 (20 Blatt),1,2.49,2.49,0
B01772,Klasse 5,1025,Schulheft A4 kariert Lineatur 22 (16 Blatt),2,0.99,1.98,0
B01772,Klasse 5,1035,Buntstifte 24er Set dreikant,1,8.99,8.99,0
B01773,Klasse 5 & 8,1060,Prospekthüllen A4 transparent 100er Pack,1,3.99,3.99,1
B01773,Klasse 5 & 8,1012,Bastelschere rund 13cm Linkshänder,1,2.2,2.2,1
B01773,Klasse 5 & 8,1039,Schnellhefter A4 Kunststoff rot,3,0.5,1.5,1
B01773,Klasse 5 & 8,1029,Geodreieck 16 cm transparent Aristo,1,1.2,1.2,1
B01773,Klasse 5 & 8,1040,Schnellhefter A4 Kunststoff grün,1,0.5,0.5,1
B01773,Klasse 5 & 8,1031,Füllfederhalter Lamy Safari M,1,19.9,19.9,1
B01773,Klasse 5 & 8,1027,Collegeblock A4 kariert (80 Blatt),1,1.79,1.79,1
B01773,Klasse 5 & 8,1036,Bleistift HB Grip 2001 Faber-Castell,1,1.5,1.5,1
B01773,Klasse 5 & 8,1043,Textmarker-Set 4 Farben Stabilo Boss,1,4.99,4.99,1
B01774,Klasse 2,1013,Klebestift Uhu Renature 21g,1,1.89,1.89,0
B01774,Klasse 2,1009,Wachsmalkreiden 12er Set (wasservermalbar),1,6.99,6.99,0
B01774,Klasse 2,1039,Schnellhefter A4 Kunststoff rot,1,0.5,0.5,0
B01774,Klasse 2,1007,Schreiblernbleistift Trio Grip (dick),1,1.99,1.99,0
B01774,Klasse 2,1003,Schreiblernheft A4 Lineatur 3 (16 Blatt),2,0.99,1.98,0
B01774,Klasse 2,1021,Knete-Unterlage Kunststoff A3,1,1.99,1.99,0
B01774,Klasse 2,1023,Hausaufgabenheft Grundschule A5,1,1.99,1.99,0
B01774,Klasse 2,1008,Buntstifte 12er Set dreikant (dick),1,5.49,5.49,0
B01774,Klasse 2,1012,Bastelschere rund 13cm Linkshänder,1,2.2,2.2,0
B01775,Klasse 10,1044,Fineliner 10er Set Stabilo Point 88,1,7.99,7.99,0
B01775,Klasse 10,1056,Kugelschreiber Grip 2011 M schwarz,3,4.5,13.5,0
B01775,Klasse 10,1053,Ringbucheinlagen A4 liniert 100 Blatt,2,2.29,4.58,0
B01776,Klasse 12,1036,Bleistift HB Grip 2001 Faber-Castell,2,1.5,3.0,0
B01776,Klasse 12,1044,Fineliner 10er Set Stabilo Point 88,1,7.99,7.99,0
B01776,Klasse 12,1049,Oxford Collegeblock A4 kariert (90g Papier),3,2.79,8.37,0
B01777,Klasse 8,1024,Schulheft A4 liniert Lineatur 21 (16 Blatt),3,0.99,2.97,0
B01777,Klasse 8,1031,Füllfederhalter Lamy Safari M,1,19.9,19.9,0
B01777,Klasse 8,1041,Schnellhefter A4 Kunststoff gelb,1,0.5,0.5,0
B01777,Klasse 8,1018,Tuschkasten K12 (12 Farben),1,9.95,9.95,0
B01778,Klasse 2,1039,Schnellhefter A4 Kunststoff rot,1,0.5,0.5,0
B01778,Klasse 2,1015,Radiergummi soft (für Bleistifte),1,0.8,0.8,0
B01778,Klasse 2,1016,Sammelbox A4 Karton blau,2,2.49,4.98,0
B01778,Klasse 2,1002,Schreiblernheft A4 Lineatur 2 (16 Blatt),5,0.99,4.95,0
B01779,Klasse 4 & 11,1040,Schnellhefter A4 Kunststoff grün,2,0.5,1.0,1
B01779,Klasse 4 & 11,1037,Lineal 30cm Kunststoff transparent,1,1.1,1.1,1
B01779,Klasse 4 & 11,1036,Bleistift HB Grip 2001 Faber-Castell,1,1.5,1.5,1
B01779,Klasse 4 & 11,1018,Tuschkasten K12 (12 Farben),1,9.95,9.95,1
B01779,Klasse 4 & 11,1019,Borstenpinsel-Set (Größen 4/8/12),1,3.5,3.5,1
B01779,Klasse 4 & 11,1039,Schnellhefter A4 Kunststoff rot,3,0.5,1.5,1
B01779,Klasse 4 & 11,1013,Klebestift Uhu Renature 21g,1,1.89,1.89,1
B01779,Klasse 4 & 11,1061,Tintenroller Pilot Frixion Ball 0.7 schwarz,3,3.29,9.87,1
B01779,Klasse 4 & 11,1030,Geodreieck 22 cm Griff transparent,1,2.1,2.1,1
B01780,Klasse 11,1052,Formelsammlung Mathematik/Physik/Chemie Duden,1,12.99,12.99,0
B01780,Klasse 11,1027,Collegeblock A4 kariert (80 Blatt),5,1.79,8.95,0
B01780,Klasse 11,1060,Prospekthüllen A4 transparent 100er Pack,1,3.99,3.99,0
B01781,Klasse 4,1013,Klebestift Uhu Renature 21g,1,1.89,1.89,0
B01781,Klasse 4,1020,Haarpinsel-Set (Größen 2/6/10),1,3.99,3.99,0
B01781,Klasse 4,1015,Radiergummi soft (für Bleistifte),1,0.8,0.8,0
B01781,Klasse 4,1036,Bleistift HB Grip 2001 Faber-Castell,1,1.5,1.5,0
B01781,Klasse 4,1014,Doppelanspitzer Dose Trio Grip,1,2.99,2.99,0
B01781,Klasse 4,1011,Bastelschere rund 13cm Rechtshänder,1,2.2,2.2,0
B01781,Klasse 4,1019,Borstenpinsel-Set (Größen 4/8/12),1,3.5,3.5,0
B01781,Klasse 4,1017,Zeichenblock A3 (20 Blatt),1,2.49,2.49,0
B01782,Klasse 1,1021,Knete-Unterlage Kunststoff A3,1,1.99,1.99,0
B01782,Klasse 1,1005,Rechenheft A4 Lineatur 7 (7x7mm Kästchen),2,0.99,1.98,0
B01782,Klasse 1,1012,Bastelschere rund 13cm Linkshänder,1,2.2,2.2,0
B01782,Klasse 1,1042,Schnellhefter A4 Kunststoff orange,2,0.5,1.0,0
B01782,Klasse 1,1010,Knetmasse 10 Farben,1,3.49,3.49,0
B01782,Klasse 1,1009,Wachsmalkreiden 12er Set (wasservermalbar),1,6.99,6.99,0
B01782,Klasse 1,1007,Schreiblernbleistift Trio Grip (dick),1,1.99,1.99,0
B01782,Klasse 1,1015,Radiergummi soft (für Bleistifte),1,0.8,0.8,0
B01783,Klasse 6 & 8,1024,Schulheft A4 liniert Lineatur 21 (16 Blatt),1,0.99,0.99,1
B01783,Klasse 6 & 8,1040,Schnellhefter A4 Kunststoff grün,2,0.5,1.0,1
B01783,Klasse 6 & 8,1033,Tintenkiller Super Pirat (2er Pack),1,2.49,2.49,1
B01783,Klasse 6 & 8,1042,Schnellhefter A4 Kunststoff orange,2,0.5,1.0,1
B01783,Klasse 6 & 8,1031,Füllfederhalter Lamy Safari M,1,19.9,19.9,1
B01783,Klasse 6 & 8,1038,Schnellhefter A4 Kunststoff blau,3,0.5,1.5,1
B01784,Klasse 12,1055,Kugelschreiber Grip 2011 M blau (dokumentenecht),2,4.5,9.0,0
B01784,Klasse 12,1049,Oxford Collegeblock A4 kariert (90g Papier),2,2.79,5.58,0
B01784,Klasse 12,1050,Oxford Collegeblock A4 liniert (90g Papier),3,2.79,8.37,0
B01784,Klasse 12,1043,Textmarker-Set 4 Farben Stabilo Boss,1,4.99,4.99,0
B01785,Klasse 12,1030,Geodreieck 22 cm Griff transparent,1,2.1,2.1,0
B01785,Klasse 12,1046,Ordner A4 breit 80mm schwarz,2,3.49,6.98,0
B01785,Klasse 12,1058,Haftnotizen Post-it 76x76mm gelb,1,1.99,1.99,0
B01785,Klasse 12,1044,Fineliner 10er Set Stabilo Point 88,1,7.99,7.99,0
B01785,Klasse 12,1059,Karteikarten A7 liniert 100 Stück,1,1.49,1.49,0
B01786,Klasse 4,1008,Buntstifte 12er Set dreikant (dick),1,5.49,5.49,0
B01786,Klasse 4,1033,Tintenkiller Super Pirat (2er Pack),1,2.49,2.49,0
B01786,Klasse 4,1039,Schnellhefter A4 Kunststoff rot,3,0.5,1.5,0
B01786,Klasse 4,1032,Tintenpatronen blau T10 (5er Pack),1,1.8,1.8,0
B01786,Klasse 4,1012,Bastelschere rund 13cm Linkshänder,1,2.2,2.2,0
B01786,Klasse 4,1017,Zeichenblock A3 (20 Blatt),1,2.49,2.49,0
B01786,Klasse 4,1020,Haarpinsel-Set (Größen 2/6/10),1,3.99,3.99,0
B01787,Klasse 10,1057,Textmarker-Set Pastell 6 Farben Stabilo Boss,1,6.99,6.99,0
B01787,Klasse 10,1052,Formelsammlung Mathematik/Physik/Chemie Duden,1,12.99,12.99,0
B01788,Klasse 9,1039,Schnellhefter A4 Kunststoff rot,2,0.5,1.0,0
B01788,Klasse 9,1027,Collegeblock A4 kariert (80 Blatt),2,1.79,3.58,0
B01788,Klasse 9,1045,Ringbuch A4 schmal 25mm,1,2.99,2.99,0
B01788,Klasse 9,1035,Buntstifte 24er Set dreikant,1,8.99,8.99,0
B01788,Klasse 9,1058,Haftnotizen Post-it 76x76mm gelb,1,1.99,1.99,0
B01788,Klasse 9,1042,Schnellhefter A4 Kunststoff orange,3,0.5,1.5,0
B01788,Klasse 9,1041,Schnellhefter A4 Kunststoff gelb,2,0.5,1.0,0
B01789,Klasse 1,1007,Schreiblernbleistift Trio Grip (dick),3,1.99,5.97,0
B01789,Klasse 1,1042,Schnellhefter A4 Kunststoff orange,2,0.5,1.0,0
B01789,Klasse 1,1020,Haarpinsel-Set (Größen 2/6/10),1,3.99,3.99,0
B01789,Klasse 1,1008,Buntstifte 12er Set dreikant (dick),1,5.49,5.49,0
B01789,Klasse 1,1018,Tuschkasten K12 (12 Farben),1,9.95,9.95,0
B01789,Klasse 1,1040,Schnellhefter A4 Kunststoff grün,3,0.5,1.5,0
B01789,Klasse 1,1013,Klebestift Uhu Renature 21g,1,1.89,1.89,0
B01789,Klasse 1,1015,Radiergummi soft (für Bleistifte),1,0.8,0.8,0
B01790,Klasse 5,1019,Borstenpinsel-Set (Größen 4/8/12),1,3.5,3.5,0
B01790,Klasse 5,1018,Tuschkasten K12 (12 Farben),1,9.95,9.95,0
B01790,Klasse 5,1013,Klebestift Uhu Renature 21g,1,1.89,1.89,0
B01790,Klasse 5,1024,Schulheft A4 liniert Lineatur 21 (16 Blatt),5,0.99,4.95,0
B01790,Klasse 5,1015,Radiergummi soft (für Bleistifte),1,0.8,0.8,0
B01790,Klasse 5,1043,Textmarker-Set 4 Farben Stabilo Boss,1,4.99,4.99,0
B01791,Klasse 7,1034,Schulkompass Zirkel Staedtler,1,8.5,8.5,0
B01791,Klasse 7,1040,Schnellhefter A4 Kunststoff grün,3,0.5,1.5,0
B01791,Klasse 7,1038,Schnellhefter A4 Kunststoff blau,2,0.5,1.0,0
B01791,Klasse 7,1047,Wissenschaftlicher Taschenrechner Casio fx-87DE X,1,24.99,24.99,0
B01792,Klasse 5,1037,Lineal 30cm Kunststoff transparent,1,1.1,1.1,0
B01792,Klasse 5,1032,Tintenpatronen blau T10 (5er Pack),3,1.8,5.4,0
B01792,Klasse 5,1048,Hausaufgabenheft A5 Classic,1,1.99,1.99,0
B01792,Klasse 5,1028,Collegeblock A4 liniert (80 Blatt),5,1.79,8.95,0
B01792,Klasse 5,1044,Fineliner 10er Set Stabilo Point 88,1,7.99,7.99,0
B01793,Klasse 3,1018,Tuschkasten K12 (12 Farben),1,9.95,9.95,0
B01793,Klasse 3,1002,Schreiblernheft A4 Lineatur 2 (16 Blatt),2,0.99,1.98,0
B01793,Klasse 3,1038,Schnellhefter A4 Kunststoff blau,2,0.5,1.0,0
B01793,Klasse 3,1022,Schreiblern-Füller Lamy ABC,1,14.5,14.5,0
B01793,Klasse 3,1011,Bastelschere rund 13cm Rechtshänder,1,2.2,2.2,0
B01793,Klasse 3,1039,Schnellhefter A4 Kunststoff rot,3,0.5,1.5,0
B01793,Klasse 3,1013,Klebestift Uhu Renature 21g,1,1.89,1.89,0
B01793,Klasse 3,1020,Haarpinsel-Set (Größen 2/6/10),1,3.99,3.99,0
B01793,Klasse 3,1042,Schnellhefter A4 Kunststoff orange,3,0.5,1.5,0
B01794,Klasse 9,1033,Tintenkiller Super Pirat (2er Pack),5,2.49,12.45,0
B01794,Klasse 9,1055,Kugelschreiber Grip 2011 M blau (dokumentenecht),1,4.5,4.5,0
B01794,Klasse 9,1061,Tintenroller Pilot Frixion Ball 0.7 schwarz,1,3.29,3.29,0
B01794,Klasse 9,1015,Radiergummi soft (für Bleistifte),1,0.8,0.8,0
B01794,Klasse 9,1057,Textmarker-Set Pastell 6 Farben Stabilo Boss,1,6.99,6.99,0
B01794,Klasse 9,1026,Vokabelheft A5 Lineatur 53 (32 Blatt),1,1.29,1.29,0
B01795,Klasse 11,1059,Karteikarten A7 liniert 100 Stück,1,1.49,1.49,0
B01795,Klasse 11,1045,Ringbuch A4 schmal 25mm,1,2.99,2.99,0
B01796,Klasse 5,1017,Zeichenblock A3 (20 Blatt),1,2.49,2.49,0
B01796,Klasse 5,1031,Füllfederhalter Lamy Safari M,1,19.9,19.9,0
B01796,Klasse 5,1041,Schnellhefter A4 Kunststoff gelb,1,0.5,0.5,0
B01796,Klasse 5,1035,Buntstifte 24er Set dreikant,1,8.99,8.99,0
B01796,Klasse 5,1046,Ordner A4 breit 80mm schwarz,5,3.49,17.45,0
B01796,Klasse 5,1038,Schnellhefter A4 Kunststoff blau,1,0.5,0.5,0
B01797,Klasse 4,1041,Schnellhefter A4 Kunststoff gelb,2,0.5,1.0,0
B01797,Klasse 4,1012,Bastelschere rund 13cm Linkshänder,1,2.2,2.2,0
B01797,Klasse 4,1038,Schnellhefter A4 Kunststoff blau,3,0.5,1.5,0
B01797,Klasse 4,1039,Schnellhefter A4 Kunststoff rot,2,0.5,1.0,0
B01797,Klasse 4,1013,Klebestift Uhu Renature 21g,1,1.89,1.89,0
B01798,Klasse 5,1016,Sammelbox A4 Karton blau,2,2.49,4.98,0
B01798,Klasse 5,1039,Schnellhefter A4 Kunststoff rot,5,0.5,2.5,0
B01798,Klasse 5,1028,Collegeblock A4 liniert (80 Blatt),2,1.79,3.58,0
B01798,Klasse 5,1040,Schnellhefter A4 Kunststoff grün,3,0.5,1.5,0
B01798,Klasse 5,1042,Schnellhefter A4 Kunststoff orange,2,0.5,1.0,0
B01798,Klasse 5,1025,Schulheft A4 kariert Lineatur 22 (16 Blatt),3,0.99,2.97,0
B01799,Klasse 2,1007,Schreiblernbleistift Trio Grip (dick),1,1.99,1.99,0
B01799,Klasse 2,1017,Zeichenblock A3 (20 Blatt),1,2.49,2.49,0
B01799,Klasse 2,1022,Schreiblern-Füller Lamy ABC,1,14.5,14.5,0
B01799,Klasse 2,1013,Klebestift Uhu Renature 21g,1,1.89,1.89,0
B01799,Klasse 2,1014,Doppelanspitzer Dose Trio Grip,1,2.99,2.99,0
B01799,Klasse 2,1015,Radiergummi soft (für Bleistifte),1,0.8,0.8,0
B01799,Klasse 2,1040,Schnellhefter A4 Kunststoff grün,3,0.5,1.5,0
B01799,Klasse 2,1039,Schnellhefter A4 Kunststoff rot,2,0.5,1.0,0
B01799,Klasse 2,1012,Bastelschere rund 13cm Linkshänder,1,2.2,2.2,0
B01800,Klasse 8,1027,Collegeblock A4 kariert (80 Blatt),3,1.79,5.37,0
B01800,Klasse 8,1060,Prospekthüllen A4 transparent 100er Pack,1,3.99,3.99,0
B01800,Klasse 8,1032,Tintenpatronen blau T10 (5er Pack),1,1.8,1.8,0
B01800,Klasse 8,1046,Ordner A4 breit 80mm schwarz,3,3.49,10.47,0
B01800,Klasse 8,1034,Schulkompass Zirkel Staedtler,1,8.5,8.5,0
B01800,Klasse 8,1031,Füllfederhalter Lamy Safari M,1,19.9,19.9,0
B01800,Klasse 8,1038,Schnellhefter A4 Kunststoff blau,1,0.5,0.5,0
B01801,Klasse 8,1029,Geodreieck 16 cm transparent Aristo,1,1.2,1.2,0
B01801,Klasse 8,1026,Vokabelheft A5 Lineatur 53 (32 Blatt),10,1.29,12.9,0
B01801,Klasse 8,1041,Schnellhefter A4 Kunststoff gelb,2,0.5,1.0,0
B01801,Klasse 8,1059,Karteikarten A7 liniert 100 Stück,1,1.49,1.49,0
B01801,Klasse 8,1034,Schulkompass Zirkel Staedtler,1,8.5,8.5,0
B01801,Klasse 8,1060,Prospekthüllen A4 transparent 100er Pack,1,3.99,3.99,0
B01801,Klasse 8,1035,Buntstifte 24er Set dreikant,1,8.99,8.99,0
B01802,Klasse 9 & 11,1028,Collegeblock A4 liniert (80 Blatt),2,1.79,3.58,1
B01802,Klasse 9 & 11,1057,Textmarker-Set Pastell 6 Farben Stabilo Boss,1,6.99,6.99,1
B01802,Klasse 9 & 11,1058,Haftnotizen Post-it 76x76mm gelb,1,1.99,1.99,1
B01802,Klasse 9 & 11,1056,Kugelschreiber Grip 2011 M schwarz,1,4.5,4.5,1
B01802,Klasse 9 & 11,1042,Schnellhefter A4 Kunststoff orange,3,0.5,1.5,1
B01802,Klasse 9 & 11,1024,Schulheft A4 liniert Lineatur 21 (16 Blatt),10,0.99,9.9,1
B01803,Klasse 11,1052,Formelsammlung Mathematik/Physik/Chemie Duden,1,12.99,12.99,0
B01803,Klasse 11,1060,Prospekthüllen A4 transparent 100er Pack,1,3.99,3.99,0
B01803,Klasse 11,1050,Oxford Collegeblock A4 liniert (90g Papier),3,2.79,8.37,0
B01803,Klasse 11,1051,Grafikrechner Casio FX-CG50,1,119.0,119.0,0
B01803,Klasse 11,1028,Collegeblock A4 liniert (80 Blatt),1,1.79,1.79,0
B01804,Klasse 10,1050,Oxford Collegeblock A4 liniert (90g Papier),5,2.79,13.95,0
B01804,Klasse 10,1060,Prospekthüllen A4 transparent 100er Pack,1,3.99,3.99,0
B01805,Klasse 9,1042,Schnellhefter A4 Kunststoff orange,1,0.5,0.5,0
B01805,Klasse 9,1031,Füllfederhalter Lamy Safari M,1,19.9,19.9,0
B01805,Klasse 9,1048,Hausaufgabenheft A5 Classic,1,1.99,1.99,0
B01806,Klasse 9,1024,Schulheft A4 liniert Lineatur 21 (16 Blatt),3,0.99,2.97,0
B01806,Klasse 9,1031,Füllfederhalter Lamy Safari M,1,19.9,19.9,0
B01806,Klasse 9,1044,Fineliner 10er Set Stabilo Point 88,1,7.99,7.99,0
B01806,Klasse 9,1030,Geodreieck 22 cm Griff transparent,1,2.1,2.1,0
B01806,Klasse 9,1055,Kugelschreiber Grip 2011 M blau (dokumentenecht),3,4.5,13.5,0
B01806,Klasse 9,1025,Schulheft A4 kariert Lineatur 22 (16 Blatt),2,0.99,1.98,0
B01806,Klasse 9,1048,Hausaufgabenheft A5 Classic,1,1.99,1.99,0
B01807,Klasse 3 & 7,1013,Klebestift Uhu Renature 21g,1,1.89,1.89,1
B01807,Klasse 3 & 7,1011,Bastelschere rund 13cm Rechtshänder,1,2.2,2.2,1
B01807,Klasse 3 & 7,1012,Bastelschere rund 13cm Linkshänder,1,2.2,2.2,1
B01807,Klasse 3 & 7,1022,Schreiblern-Füller Lamy ABC,1,14.5,14.5,1
B01807,Klasse 3 & 7,1006,Rechenheft A4 Lineatur 8 (5x5mm Kästchen),10,0.99,9.9,1
B01807,Klasse 3 & 7,1014,Doppelanspitzer Dose Trio Grip,1,2.99,2.99,1
B01807,Klasse 3 & 7,1036,Bleistift HB Grip 2001 Faber-Castell,1,1.5,1.5,1
B01807,Klasse 3 & 7,1021,Knete-Unterlage Kunststoff A3,1,1.99,1.99,1
B01807,Klasse 3 & 7,1020,Haarpinsel-Set (Größen 2/6/10),1,3.99,3.99,1
B01807,Klasse 3 & 7,1033,Tintenkiller Super Pirat (2er Pack),3,2.49,7.47,1
B01807,Klasse 3 & 7,1024,Schulheft A4 liniert Lineatur 21 (16 Blatt),3,0.99,2.97,1
B01807,Klasse 3 & 7,1030,Geodreieck 22 cm Griff transparent,1,2.1,2.1,1
B01808,Klasse 5,1027,Collegeblock A4 kariert (80 Blatt),5,1.79,8.95,0
B01808,Klasse 5,1019,Borstenpinsel-Set (Größen 4/8/12),1,3.5,3.5,0
B01808,Klasse 5,1060,Prospekthüllen A4 transparent 100er Pack,1,3.99,3.99,0
B01808,Klasse 5,1040,Schnellhefter A4 Kunststoff grün,2,0.5,1.0,0
B01808,Klasse 5,1038,Schnellhefter A4 Kunststoff blau,1,0.5,0.5,0
B01808,Klasse 5,1025,Schulheft A4 kariert Lineatur 22 (16 Blatt),3,0.99,2.97,0
B01808,Klasse 5,1031,Füllfederhalter Lamy Safari M,1,19.9,19.9,0
B01809,Klasse 9,1048,Hausaufgabenheft A5 Classic,1,1.99,1.99,0
B01809,Klasse 9,1028,Collegeblock A4 liniert (80 Blatt),3,1.79,5.37,0
B01809,Klasse 9,1038,Schnellhefter A4 Kunststoff blau,2,0.5,1.0,0
B01809,Klasse 9,1027,Collegeblock A4 kariert (80 Blatt),3,1.79,5.37,0
B01810,Klasse 1 & 11,1015,Radiergummi soft (für Bleistifte),1,0.8,0.8,1
B01810,Klasse 1 & 11,1023,Hausaufgabenheft Grundschule A5,1,1.99,1.99,1
B01810,Klasse 1 & 11,1016,Sammelbox A4 Karton blau,2,2.49,4.98,1
B01810,Klasse 1 & 11,1012,Bastelschere rund 13cm Linkshänder,1,2.2,2.2,1
B01810,Klasse 1 & 11,1044,Fineliner 10er Set Stabilo Point 88,1,7.99,7.99,1
B01810,Klasse 1 & 11,1027,Collegeblock A4 kariert (80 Blatt),3,1.79,5.37,1
B01810,Klasse 1 & 11,1061,Tintenroller Pilot Frixion Ball 0.7 schwarz,2,3.29,6.58,1
B01811,Klasse 3,1039,Schnellhefter A4 Kunststoff rot,1,0.5,0.5,0
B01811,Klasse 3,1012,Bastelschere rund 13cm Linkshänder,1,2.2,2.2,0
B01811,Klasse 3,1038,Schnellhefter A4 Kunststoff blau,3,0.5,1.5,0
B01811,Klasse 3,1041,Schnellhefter A4 Kunststoff gelb,2,0.5,1.0,0
B01811,Klasse 3,1006,Rechenheft A4 Lineatur 8 (5x5mm Kästchen),3,0.99,2.97,0
B01812,Klasse 4,1031,Füllfederhalter Lamy Safari M,1,19.9,19.9,0
B01812,Klasse 4,1023,Hausaufgabenheft Grundschule A5,1,1.99,1.99,0
B01812,Klasse 4,1013,Klebestift Uhu Renature 21g,1,1.89,1.89,0
B01812,Klasse 4,1012,Bastelschere rund 13cm Linkshänder,1,2.2,2.2,0
B01812,Klasse 4,1018,Tuschkasten K12 (12 Farben),1,9.95,9.95,0
B01812,Klasse 4,1020,Haarpinsel-Set (Größen 2/6/10),1,3.99,3.99,0
B01813,Klasse 10,1041,Schnellhefter A4 Kunststoff gelb,1,0.5,0.5,0
B01813,Klasse 10,1061,Tintenroller Pilot Frixion Ball 0.7 schwarz,2,3.29,6.58,0
B01813,Klasse 10,1037,Lineal 30cm Kunststoff transparent,1,1.1,1.1,0
B01813,Klasse 10,1019,Borstenpinsel-Set (Größen 4/8/12),1,3.5,3.5,0
B01813,Klasse 10,1054,Ringbucheinlagen A4 kariert 100 Blatt,3,2.29,6.87,0
B01814,Klasse 5,1020,Haarpinsel-Set (Größen 2/6/10),1,3.99,3.99,0
B01814,Klasse 5,1046,Ordner A4 breit 80mm schwarz,2,3.49,6.98,0
B01814,Klasse 5,1033,Tintenkiller Super Pirat (2er Pack),5,2.49,12.45,0
B01814,Klasse 5,1018,Tuschkasten K12 (12 Farben),1,9.95,9.95,0
B01814,Klasse 5,1025,Schulheft A4 kariert Lineatur 22 (16 Blatt),3,0.99,2.97,0
B01815,Klasse 5,1027,Collegeblock A4 kariert (80 Blatt),2,1.79,3.58,0
B01815,Klasse 5,1043,Textmarker-Set 4 Farben Stabilo Boss,1,4.99,4.99,0
B01815,Klasse 5,1040,Schnellhefter A4 Kunststoff grün,5,0.5,2.5,0
B01816,Klasse 1,1005,Rechenheft A4 Lineatur 7 (7x7mm Kästchen),1,0.99,0.99,0
B01816,Klasse 1,1042,Schnellhefter A4 Kunststoff orange,1,0.5,0.5,0
B01816,Klasse 1,1017,Zeichenblock A3 (20 Blatt),1,2.49,2.49,0
B01816,Klasse 1,1013,Klebestift Uhu Renature 21g,1,1.89,1.89,0
B01816,Klasse 1,1012,Bastelschere rund 13cm Linkshänder,1,2.2,2.2,0
B01816,Klasse 1,1009,Wachsmalkreiden 12er Set (wasservermalbar),1,6.99,6.99,0
B01816,Klasse 1,1014,Doppelanspitzer Dose Trio Grip,1,2.99,2.99,0
B01816,Klasse 1,1020,Haarpinsel-Set (Größen 2/6/10),1,3.99,3.99,0
B01816,Klasse 1,1019,Borstenpinsel-Set (Größen 4/8/12),1,3.5,3.5,0
B01817,Klasse 8 & 9,1045,Ringbuch A4 schmal 25mm,3,2.99,8.97,1
B01817,Klasse 8 & 9,1043,Textmarker-Set 4 Farben Stabilo Boss,1,4.99,4.99,1
B01817,Klasse 8 & 9,1018,Tuschkasten K12 (12 Farben),1,9.95,9.95,1
B01817,Klasse 8 & 9,1035,Buntstifte 24er Set dreikant,1,8.99,8.99,1
B01817,Klasse 8 & 9,1027,Collegeblock A4 kariert (80 Blatt),1,1.79,1.79,1
B01817,Klasse 8 & 9,1058,Haftnotizen Post-it 76x76mm gelb,1,1.99,1.99,1
B01817,Klasse 8 & 9,1030,Geodreieck 22 cm Griff transparent,1,2.1,2.1,1
B01817,Klasse 8 & 9,1020,Haarpinsel-Set (Größen 2/6/10),1,3.99,3.99,1
B01818,Klasse 1,1011,Bastelschere rund 13cm Rechtshänder,1,2.2,2.2,0
B01818,Klasse 1,1038,Schnellhefter A4 Kunststoff blau,2,0.5,1.0,0
B01818,Klasse 1,1005,Rechenheft A4 Lineatur 7 (7x7mm Kästchen),2,0.99,1.98,0
B01818,Klasse 1,1012,Bastelschere rund 13cm Linkshänder,1,2.2,2.2,0
B01819,Klasse 5,1045,Ringbuch A4 schmal 25mm,2,2.99,5.98,0
B01819,Klasse 5,1025,Schulheft A4 kariert Lineatur 22 (16 Blatt),3,0.99,2.97,0
B01819,Klasse 5,1033,Tintenkiller Super Pirat (2er Pack),2,2.49,4.98,0
B01819,Klasse 5,1027,Collegeblock A4 kariert (80 Blatt),3,1.79,5.37,0
B01820,Klasse 2,1016,Sammelbox A4 Karton blau,2,2.49,4.98,0
B01820,Klasse 2,1005,Rechenheft A4 Lineatur 7 (7x7mm Kästchen),3,0.99,2.97,0
B01820,Klasse 2,1041,Schnellhefter A4 Kunststoff gelb,3,0.5,1.5,0
B01820,Klasse 2,1023,Hausaufgabenheft Grundschule A5,1,1.99,1.99,0
B01820,Klasse 2,1012,Bastelschere rund 13cm Linkshänder,1,2.2,2.2,0
B01820,Klasse 2,1009,Wachsmalkreiden 12er Set (wasservermalbar),1,6.99,6.99,0
B01821,Klasse 10,1036,Bleistift HB Grip 2001 Faber-Castell,3,1.5,4.5,0
B01821,Klasse 10,1029,Geodreieck 16 cm transparent Aristo,1,1.2,1.2,0
B01821,Klasse 10,1059,Karteikarten A7 liniert 100 Stück,1,1.49,1.49,0
B01821,Klasse 10,1051,Grafikrechner Casio FX-CG50,1,119.0,119.0,0
B01822,Klasse 5,1025,Schulheft A4 kariert Lineatur 22 (16 Blatt),3,0.99,2.97,0
B01822,Klasse 5,1015,Radiergummi soft (für Bleistifte),1,0.8,0.8,0
B01822,Klasse 5,1060,Prospekthüllen A4 transparent 100er Pack,1,3.99,3.99,0
B01822,Klasse 5,1013,Klebestift Uhu Renature 21g,1,1.89,1.89,0
B01822,Klasse 5,1035,Buntstifte 24er Set dreikant,1,8.99,8.99,0
B01822,Klasse 5,1043,Textmarker-Set 4 Farben Stabilo Boss,1,4.99,4.99,0
B01822,Klasse 5,1020,Haarpinsel-Set (Größen 2/6/10),1,3.99,3.99,0
B01823,Klasse 10,1038,Schnellhefter A4 Kunststoff blau,3,0.5,1.5,0
B01823,Klasse 10,1041,Schnellhefter A4 Kunststoff gelb,3,0.5,1.5,0
B01823,Klasse 10,1054,Ringbucheinlagen A4 kariert 100 Blatt,2,2.29,4.58,0
B01824,Klasse 1,1021,Knete-Unterlage Kunststoff A3,1,1.99,1.99,0
B01824,Klasse 1,1016,Sammelbox A4 Karton blau,5,2.49,12.45,0
B01824,Klasse 1,1042,Schnellhefter A4 Kunststoff orange,2,0.5,1.0,0
B01824,Klasse 1,1013,Klebestift Uhu Renature 21g,1,1.89,1.89,0
B01824,Klasse 1,1020,Haarpinsel-Set (Größen 2/6/10),1,3.99,3.99,0
B01824,Klasse 1,1039,Schnellhefter A4 Kunststoff rot,3,0.5,1.5,0
B01825,Klasse 5,1025,Schulheft A4 kariert Lineatur 22 (16 Blatt),5,0.99,4.95,0
B01825,Klasse 5,1039,Schnellhefter A4 Kunststoff rot,3,0.5,1.5,0
B01825,Klasse 5,1028,Collegeblock A4 liniert (80 Blatt),2,1.79,3.58,0
B01825,Klasse 5,1041,Schnellhefter A4 Kunststoff gelb,1,0.5,0.5,0
B01826,Klasse 2,1011,Bastelschere rund 13cm Rechtshänder,1,2.2,2.2,0
B01826,Klasse 2,1016,Sammelbox A4 Karton blau,3,2.49,7.47,0
B01826,Klasse 2,1020,Haarpinsel-Set (Größen 2/6/10),1,3.99,3.99,0
B01826,Klasse 2,1014,Doppelanspitzer Dose Trio Grip,1,2.99,2.99,0
B01826,Klasse 2,1017,Zeichenblock A3 (20 Blatt),1,2.49,2.49,0
B01827,Klasse 2,1019,Borstenpinsel-Set (Größen 4/8/12),1,3.5,3.5,0
B01827,Klasse 2,1018,Tuschkasten K12 (12 Farben),1,9.95,9.95,0
B01827,Klasse 2,1003,Schreiblernheft A4 Lineatur 3 (16 Blatt),3,0.99,2.97,0
B01827,Klasse 2,1021,Knete-Unterlage Kunststoff A3,1,1.99,1.99,0
B01827,Klasse 2,1002,Schreiblernheft A4 Lineatur 2 (16 Blatt),5,0.99,4.95,0
B01827,Klasse 2,1009,Wachsmalkreiden 12er Set (wasservermalbar),1,6.99,6.99,0
B01827,Klasse 2,1022,Schreiblern-Füller Lamy ABC,1,14.5,14.5,0
B01827,Klasse 2,1015,Radiergummi soft (für Bleistifte),1,0.8,0.8,0
B01827,Klasse 2,1014,Doppelanspitzer Dose Trio Grip,1,2.99,2.99,0
B01828,Klasse 1,1019,Borstenpinsel-Set (Größen 4/8/12),1,3.5,3.5,0
B01828,Klasse 1,1020,Haarpinsel-Set (Größen 2/6/10),1,3.99,3.99,0
B01828,Klasse 1,1018,Tuschkasten K12 (12 Farben),1,9.95,9.95,0
B01828,Klasse 1,1014,Doppelanspitzer Dose Trio Grip,1,2.99,2.99,0
B01828,Klasse 1,1016,Sammelbox A4 Karton blau,1,2.49,2.49,0
B01829,Klasse 2,1011,Bastelschere rund 13cm Rechtshänder,1,2.2,2.2,0
B01829,Klasse 2,1009,Wachsmalkreiden 12er Set (wasservermalbar),1,6.99,6.99,0
B01829,Klasse 2,1042,Schnellhefter A4 Kunststoff orange,3,0.5,1.5,0
B01829,Klasse 2,1040,Schnellhefter A4 Kunststoff grün,3,0.5,1.5,0
B01830,Klasse 10,1039,Schnellhefter A4 Kunststoff rot,2,0.5,1.0,0
B01830,Klasse 10,1058,Haftnotizen Post-it 76x76mm gelb,1,1.99,1.99,0
B01830,Klasse 10,1057,Textmarker-Set Pastell 6 Farben Stabilo Boss,1,6.99,6.99,0
B01830,Klasse 10,1036,Bleistift HB Grip 2001 Faber-Castell,5,1.5,7.5,0
B01831,Klasse 9,1042,Schnellhefter A4 Kunststoff orange,2,0.5,1.0,0
B01831,Klasse 9,1061,Tintenroller Pilot Frixion Ball 0.7 schwarz,3,3.29,9.87,0
B01831,Klasse 9,1057,Textmarker-Set Pastell 6 Farben Stabilo Boss,1,6.99,6.99,0
B01832,Klasse 11,1054,Ringbucheinlagen A4 kariert 100 Blatt,1,2.29,2.29,0
B01832,Klasse 11,1043,Textmarker-Set 4 Farben Stabilo Boss,1,4.99,4.99,0
B01833,Klasse 2,1015,Radiergummi soft (für Bleistifte),1,0.8,0.8,0
B01833,Klasse 2,1002,Schreiblernheft A4 Lineatur 2 (16 Blatt),5,0.99,4.95,0
B01833,Klasse 2,1020,Haarpinsel-Set (Größen 2/6/10),1,3.99,3.99,0
B01833,Klasse 2,1013,Klebestift Uhu Renature 21g,1,1.89,1.89,0
B01833,Klasse 2,1038,Schnellhefter A4 Kunststoff blau,3,0.5,1.5,0
B01833,Klasse 2,1008,Buntstifte 12er Set dreikant (dick),1,5.49,5.49,0
B01833,Klasse 2,1023,Hausaufgabenheft Grundschule A5,1,1.99,1.99,0
B01833,Klasse 2,1016,Sammelbox A4 Karton blau,1,2.49,2.49,0
B01833,Klasse 2,1040,Schnellhefter A4 Kunststoff grün,5,0.5,2.5,0
B01834,Klasse 5,1046,Ordner A4 breit 80mm schwarz,5,3.49,17.45,0
B01834,Klasse 5,1019,Borstenpinsel-Set (Größen 4/8/12),1,3.5,3.5,0
B01834,Klasse 5,1041,Schnellhefter A4 Kunststoff gelb,5,0.5,2.5,0
B01834,Klasse 5,1033,Tintenkiller Super Pirat (2er Pack),2,2.49,4.98,0
B01834,Klasse 5,1026,Vokabelheft A5 Lineatur 53 (32 Blatt),5,1.29,6.45,0
B01834,Klasse 5,1031,Füllfederhalter Lamy Safari M,1,19.9,19.9,0
B01834,Klasse 5,1043,Textmarker-Set 4 Farben Stabilo Boss,1,4.99,4.99,0
B01835,Klasse 9,1036,Bleistift HB Grip 2001 Faber-Castell,2,1.5,3.0,0
B01835,Klasse 9,1059,Karteikarten A7 liniert 100 Stück,1,1.49,1.49,0
B01835,Klasse 9,1024,Schulheft A4 liniert Lineatur 21 (16 Blatt),5,0.99,4.95,0
B01836,Klasse 12,1030,Geodreieck 22 cm Griff transparent,1,2.1,2.1,0
B01836,Klasse 12,1050,Oxford Collegeblock A4 liniert (90g Papier),3,2.79,8.37,0
B01836,Klasse 12,1056,Kugelschreiber Grip 2011 M schwarz,1,4.5,4.5,0
B01837,Klasse 5,1025,Schulheft A4 kariert Lineatur 22 (16 Blatt),5,0.99,4.95,0
B01837,Klasse 5,1019,Borstenpinsel-Set (Größen 4/8/12),1,3.5,3.5,0
B01837,Klasse 5,1013,Klebestift Uhu Renature 21g,1,1.89,1.89,0
B01837,Klasse 5,1023,Hausaufgabenheft Grundschule A5,1,1.99,1.99,0
B01837,Klasse 5,1035,Buntstifte 24er Set dreikant,1,8.99,8.99,0
B01837,Klasse 5,1018,Tuschkasten K12 (12 Farben),1,9.95,9.95,0
B01837,Klasse 5,1033,Tintenkiller Super Pirat (2er Pack),2,2.49,4.98,0
B01838,Klasse 10,1061,Tintenroller Pilot Frixion Ball 0.7 schwarz,2,3.29,6.58,0
B01838,Klasse 10,1038,Schnellhefter A4 Kunststoff blau,1,0.5,0.5,0
B01838,Klasse 10,1052,Formelsammlung Mathematik/Physik/Chemie Duden,1,12.99,12.99,0
B01839,Klasse 1 & 6,1045,Ringbuch A4 schmal 25mm,3,2.99,8.97,1
B01839,Klasse 1 & 6,1060,Prospekthüllen A4 transparent 100er Pack,1,3.99,3.99,1
B01839,Klasse 1 & 6,1019,Borstenpinsel-Set (Größen 4/8/12),1,3.5,3.5,1
B01839,Klasse 1 & 6,1012,Bastelschere rund 13cm Linkshänder,1,2.2,2.2,1
B01839,Klasse 1 & 6,1017,Zeichenblock A3 (20 Blatt),1,2.49,2.49,1
B01839,Klasse 1 & 6,1009,Wachsmalkreiden 12er Set (wasservermalbar),1,6.99,6.99,1
B01839,Klasse 1 & 6,1011,Bastelschere rund 13cm Rechtshänder,1,2.2,2.2,1
B01839,Klasse 1 & 6,1010,Knetmasse 10 Farben,1,3.49,3.49,1
B01839,Klasse 1 & 6,1020,Haarpinsel-Set (Größen 2/6/10),1,3.99,3.99,1
B01839,Klasse 1 & 6,1042,Schnellhefter A4 Kunststoff orange,2,0.5,1.0,1
B01839,Klasse 1 & 6,1039,Schnellhefter A4 Kunststoff rot,2,0.5,1.0,1
B01839,Klasse 1 & 6,1008,Buntstifte 12er Set dreikant (dick),1,5.49,5.49,1
B01840,Klasse 1,1008,Buntstifte 12er Set dreikant (dick),1,5.49,5.49,0
B01840,Klasse 1,1021,Knete-Unterlage Kunststoff A3,1,1.99,1.99,0
B01840,Klasse 1,1001,Schreiblernheft A4 Lineatur 1 (16 Blatt),5,0.99,4.95,0
B01840,Klasse 1,1015,Radiergummi soft (für Bleistifte),1,0.8,0.8,0
B01840,Klasse 1,1017,Zeichenblock A3 (20 Blatt),1,2.49,2.49,0
B01840,Klasse 1,1040,Schnellhefter A4 Kunststoff grün,2,0.5,1.0,0
B01840,Klasse 1,1042,Schnellhefter A4 Kunststoff orange,1,0.5,0.5,0
B01840,Klasse 1,1020,Haarpinsel-Set (Größen 2/6/10),1,3.99,3.99,0
B01840,Klasse 1,1018,Tuschkasten K12 (12 Farben),1,9.95,9.95,0
B01841,Klasse 4,1016,Sammelbox A4 Karton blau,2,2.49,4.98,0
B01841,Klasse 4,1042,Schnellhefter A4 Kunststoff orange,2,0.5,1.0,0
B01841,Klasse 4,1024,Schulheft A4 liniert Lineatur 21 (16 Blatt),1,0.99,0.99,0
B01841,Klasse 4,1018,Tuschkasten K12 (12 Farben),1,9.95,9.95,0
B01841,Klasse 4,1035,Buntstifte 24er Set dreikant,1,8.99,8.99,0
B01841,Klasse 4,1004,Schulheft A4 Lineatur 4 (16 Blatt),10,0.99,9.9,0
B01841,Klasse 4,1023,Hausaufgabenheft Grundschule A5,1,1.99,1.99,0
B01841,Klasse 4,1006,Rechenheft A4 Lineatur 8 (5x5mm Kästchen),5,0.99,4.95,0
B01841,Klasse 4,1008,Buntstifte 12er Set dreikant (dick),1,5.49,5.49,0
B01842,Klasse 12,1045,Ringbuch A4 schmal 25mm,2,2.99,5.98,0
B01842,Klasse 12,1030,Geodreieck 22 cm Griff transparent,1,2.1,2.1,0
B01842,Klasse 12,1029,Geodreieck 16 cm transparent Aristo,1,1.2,1.2,0
B01842,Klasse 12,1015,Radiergummi soft (für Bleistifte),1,0.8,0.8,0
B01842,Klasse 12,1043,Textmarker-Set 4 Farben Stabilo Boss,1,4.99,4.99,0
B01843,Klasse 7 & 10,1041,Schnellhefter A4 Kunststoff gelb,3,0.5,1.5,1
B01843,Klasse 7 & 10,1048,Hausaufgabenheft A5 Classic,1,1.99,1.99,1
B01843,Klasse 7 & 10,1045,Ringbuch A4 schmal 25mm,2,2.99,5.98,1
B01843,Klasse 7 & 10,1034,Schulkompass Zirkel Staedtler,1,8.5,8.5,1
B01843,Klasse 7 & 10,1037,Lineal 30cm Kunststoff transparent,1,1.1,1.1,1
B01843,Klasse 7 & 10,1015,Radiergummi soft (für Bleistifte),1,0.8,0.8,1
B01843,Klasse 7 & 10,1036,Bleistift HB Grip 2001 Faber-Castell,3,1.5,4.5,1
B01843,Klasse 7 & 10,1051,Grafikrechner Casio FX-CG50,1,119.0,119.0,1
B01844,Klasse 10,1038,Schnellhefter A4 Kunststoff blau,1,0.5,0.5,0
B01844,Klasse 10,1019,Borstenpinsel-Set (Größen 4/8/12),1,3.5,3.5,0
B01844,Klasse 10,1015,Radiergummi soft (für Bleistifte),1,0.8,0.8,0
B01844,Klasse 10,1054,Ringbucheinlagen A4 kariert 100 Blatt,5,2.29,11.45,0
B01844,Klasse 10,1041,Schnellhefter A4 Kunststoff gelb,5,0.5,2.5,0
B01845,Klasse 1 & 12,1018,Tuschkasten K12 (12 Farben),1,9.95,9.95,1
B01845,Klasse 1 & 12,1042,Schnellhefter A4 Kunststoff orange,1,0.5,0.5,1
B01845,Klasse 1 & 12,1009,Wachsmalkreiden 12er Set (wasservermalbar),1,6.99,6.99,1
B01845,Klasse 1 & 12,1016,Sammelbox A4 Karton blau,3,2.49,7.47,1
B01845,Klasse 1 & 12,1037,Lineal 30cm Kunststoff transparent,1,1.1,1.1,1
B01845,Klasse 1 & 12,1057,Textmarker-Set Pastell 6 Farben Stabilo Boss,1,6.99,6.99,1
B01845,Klasse 1 & 12,1055,Kugelschreiber Grip 2011 M blau (dokumentenecht),2,4.5,9.0,1
B01846,Klasse 6,1042,Schnellhefter A4 Kunststoff orange,2,0.5,1.0,0
B01846,Klasse 6,1013,Klebestift Uhu Renature 21g,1,1.89,1.89,0
B01846,Klasse 6,1040,Schnellhefter A4 Kunststoff grün,3,0.5,1.5,0
B01846,Klasse 6,1027,Collegeblock A4 kariert (80 Blatt),5,1.79,8.95,0
B01846,Klasse 6,1024,Schulheft A4 liniert Lineatur 21 (16 Blatt),3,0.99,2.97,0
B01847,Klasse 7,1044,Fineliner 10er Set Stabilo Point 88,1,7.99,7.99,0
B01847,Klasse 7,1024,Schulheft A4 liniert Lineatur 21 (16 Blatt),1,0.99,0.99,0
B01847,Klasse 7,1043,Textmarker-Set 4 Farben Stabilo Boss,1,4.99,4.99,0
B01847,Klasse 7,1039,Schnellhefter A4 Kunststoff rot,1,0.5,0.5,0
B01847,Klasse 7,1055,Kugelschreiber Grip 2011 M blau (dokumentenecht),1,4.5,4.5,0
B01848,Klasse 5 & 9,1033,Tintenkiller Super Pirat (2er Pack),5,2.49,12.45,1
B01848,Klasse 5 & 9,1039,Schnellhefter A4 Kunststoff rot,1,0.5,0.5,1
B01848,Klasse 5 & 9,1041,Schnellhefter A4 Kunststoff gelb,3,0.5,1.5,1
B01848,Klasse 5 & 9,1042,Schnellhefter A4 Kunststoff orange,2,0.5,1.0,1
B01848,Klasse 5 & 9,1040,Schnellhefter A4 Kunststoff grün,3,0.5,1.5,1
B01848,Klasse 5 & 9,1032,Tintenpatronen blau T10 (5er Pack),2,1.8,3.6,1
B01848,Klasse 5 & 9,1038,Schnellhefter A4 Kunststoff blau,1,0.5,0.5,1
B01848,Klasse 5 & 9,1018,Tuschkasten K12 (12 Farben),1,9.95,9.95,1
B01848,Klasse 5 & 9,1035,Buntstifte 24er Set dreikant,1,8.99,8.99,1
B01848,Klasse 5 & 9,1044,Fineliner 10er Set Stabilo Point 88,1,7.99,7.99,1
B01849,Klasse 2,1017,Zeichenblock A3 (20 Blatt),1,2.49,2.49,0
B01849,Klasse 2,1015,Radiergummi soft (für Bleistifte),1,0.8,0.8,0
B01849,Klasse 2,1008,Buntstifte 12er Set dreikant (dick),1,5.49,5.49,0
B01849,Klasse 2,1011,Bastelschere rund 13cm Rechtshänder,1,2.2,2.2,0
B01849,Klasse 2,1007,Schreiblernbleistift Trio Grip (dick),2,1.99,3.98,0
B01849,Klasse 2,1042,Schnellhefter A4 Kunststoff orange,2,0.5,1.0,0
B01850,Klasse 8,1028,Collegeblock A4 liniert (80 Blatt),2,1.79,3.58,0
B01850,Klasse 8,1040,Schnellhefter A4 Kunststoff grün,3,0.5,1.5,0
B01850,Klasse 8,1061,Tintenroller Pilot Frixion Ball 0.7 schwarz,2,3.29,6.58,0
B01851,Klasse 7,1032,Tintenpatronen blau T10 (5er Pack),2,1.8,3.6,0
B01851,Klasse 7,1020,Haarpinsel-Set (Größen 2/6/10),1,3.99,3.99,0
B01851,Klasse 7,1018,Tuschkasten K12 (12 Farben),1,9.95,9.95,0
B01851,Klasse 7,1042,Schnellhefter A4 Kunststoff orange,2,0.5,1.0,0
B01851,Klasse 7,1037,Lineal 30cm Kunststoff transparent,1,1.1,1.1,0
B01851,Klasse 7,1043,Textmarker-Set 4 Farben Stabilo Boss,1,4.99,4.99,0
B01852,Klasse 2,1002,Schreiblernheft A4 Lineatur 2 (16 Blatt),2,0.99,1.98,0
B01852,Klasse 2,1019,Borstenpinsel-Set (Größen 4/8/12),1,3.5,3.5,0
B01852,Klasse 2,1022,Schreiblern-Füller Lamy ABC,1,14.5,14.5,0
B01852,Klasse 2,1012,Bastelschere rund 13cm Linkshänder,1,2.2,2.2,0
B01853,Klasse 4,1023,Hausaufgabenheft Grundschule A5,1,1.99,1.99,0
B01853,Klasse 4,1026,Vokabelheft A5 Lineatur 53 (32 Blatt),2,1.29,2.58,0
B01853,Klasse 4,1038,Schnellhefter A4 Kunststoff blau,2,0.5,1.0,0
B01853,Klasse 4,1004,Schulheft A4 Lineatur 4 (16 Blatt),5,0.99,4.95,0
B01853,Klasse 4,1006,Rechenheft A4 Lineatur 8 (5x5mm Kästchen),2,0.99,1.98,0
B01853,Klasse 4,1027,Collegeblock A4 kariert (80 Blatt),5,1.79,8.95,0
B01853,Klasse 4,1017,Zeichenblock A3 (20 Blatt),1,2.49,2.49,0
B01854,Klasse 5,1017,Zeichenblock A3 (20 Blatt),1,2.49,2.49,0
B01854,Klasse 5,1029,Geodreieck 16 cm transparent Aristo,1,1.2,1.2,0
B01854,Klasse 5,1041,Schnellhefter A4 Kunststoff gelb,2,0.5,1.0,0
B01854,Klasse 5,1027,Collegeblock A4 kariert (80 Blatt),5,1.79,8.95,0
B01854,Klasse 5,1024,Schulheft A4 liniert Lineatur 21 (16 Blatt),3,0.99,2.97,0
B01854,Klasse 5,1037,Lineal 30cm Kunststoff transparent,1,1.1,1.1,0
B01854,Klasse 5,1038,Schnellhefter A4 Kunststoff blau,3,0.5,1.5,0
B01855,Klasse 2,1005,Rechenheft A4 Lineatur 7 (7x7mm Kästchen),3,0.99,2.97,0
B01855,Klasse 2,1009,Wachsmalkreiden 12er Set (wasservermalbar),1,6.99,6.99,0
B01855,Klasse 2,1006,Rechenheft A4 Lineatur 8 (5x5mm Kästchen),2,0.99,1.98,0
B01855,Klasse 2,1041,Schnellhefter A4 Kunststoff gelb,2,0.5,1.0,0
B01855,Klasse 2,1039,Schnellhefter A4 Kunststoff rot,2,0.5,1.0,0
B01855,Klasse 2,1018,Tuschkasten K12 (12 Farben),1,9.95,9.95,0
B01855,Klasse 2,1022,Schreiblern-Füller Lamy ABC,1,14.5,14.5,0
B01855,Klasse 2,1020,Haarpinsel-Set (Größen 2/6/10),1,3.99,3.99,0
B01856,Klasse 8 & 12,1046,Ordner A4 breit 80mm schwarz,2,3.49,6.98,1
B01856,Klasse 8 & 12,1050,Oxford Collegeblock A4 liniert (90g Papier),2,2.79,5.58,1
B01856,Klasse 8 & 12,1055,Kugelschreiber Grip 2011 M blau (dokumentenecht),3,4.5,13.5,1
B01856,Klasse 8 & 12,1053,Ringbucheinlagen A4 liniert 100 Blatt,3,2.29,6.87,1
B01856,Klasse 8 & 12,1015,Radiergummi soft (für Bleistifte),1,0.8,0.8,1
B01856,Klasse 8 & 12,1034,Schulkompass Zirkel Staedtler,1,8.5,8.5,1
B01856,Klasse 8 & 12,1060,Prospekthüllen A4 transparent 100er Pack,1,3.99,3.99,1
B01856,Klasse 8 & 12,1043,Textmarker-Set 4 Farben Stabilo Boss,1,4.99,4.99,1
B01857,Klasse 3 & 11,1042,Schnellhefter A4 Kunststoff orange,1,0.5,0.5,1
B01857,Klasse 3 & 11,1041,Schnellhefter A4 Kunststoff gelb,2,0.5,1.0,1
B01857,Klasse 3 & 11,1022,Schreiblern-Füller Lamy ABC,1,14.5,14.5,1
B01857,Klasse 3 & 11,1039,Schnellhefter A4 Kunststoff rot,2,0.5,1.0,1
B01857,Klasse 3 & 11,1032,Tintenpatronen blau T10 (5er Pack),5,1.8,9.0,1
B01857,Klasse 3 & 11,1016,Sammelbox A4 Karton blau,2,2.49,4.98,1
B01857,Klasse 3 & 11,1018,Tuschkasten K12 (12 Farben),1,9.95,9.95,1
B01857,Klasse 3 & 11,1023,Hausaufgabenheft Grundschule A5,1,1.99,1.99,1
B01857,Klasse 3 & 11,1029,Geodreieck 16 cm transparent Aristo,1,1.2,1.2,1
B01857,Klasse 3 & 11,1027,Collegeblock A4 kariert (80 Blatt),2,1.79,3.58,1
B01857,Klasse 3 & 11,1056,Kugelschreiber Grip 2011 M schwarz,2,4.5,9.0,1
B01857,Klasse 3 & 11,1036,Bleistift HB Grip 2001 Faber-Castell,1,1.5,1.5,1
B01858,Klasse 2,1014,Doppelanspitzer Dose Trio Grip,1,2.99,2.99,0
B01858,Klasse 2,1012,Bastelschere rund 13cm Linkshänder,1,2.2,2.2,0
B01858,Klasse 2,1008,Buntstifte 12er Set dreikant (dick),1,5.49,5.49,0
B01858,Klasse 2,1005,Rechenheft A4 Lineatur 7 (7x7mm Kästchen),5,0.99,4.95,0
B01859,Klasse 9,1045,Ringbuch A4 schmal 25mm,1,2.99,2.99,0
B01859,Klasse 9,1034,Schulkompass Zirkel Staedtler,1,8.5,8.5,0
B01859,Klasse 9,1036,Bleistift HB Grip 2001 Faber-Castell,1,1.5,1.5,0
B01859,Klasse 9,1029,Geodreieck 16 cm transparent Aristo,1,1.2,1.2,0
B01859,Klasse 9,1059,Karteikarten A7 liniert 100 Stück,1,1.49,1.49,0
B01860,Klasse 2,1040,Schnellhefter A4 Kunststoff grün,1,0.5,0.5,0
B01860,Klasse 2,1038,Schnellhefter A4 Kunststoff blau,2,0.5,1.0,0
B01860,Klasse 2,1010,Knetmasse 10 Farben,1,3.49,3.49,0
B01860,Klasse 2,1006,Rechenheft A4 Lineatur 8 (5x5mm Kästchen),5,0.99,4.95,0
B01861,Klasse 12,1044,Fineliner 10er Set Stabilo Point 88,1,7.99,7.99,0
B01861,Klasse 12,1036,Bleistift HB Grip 2001 Faber-Castell,2,1.5,3.0,0
B01861,Klasse 12,1052,Formelsammlung Mathematik/Physik/Chemie Duden,1,12.99,12.99,0
B01861,Klasse 12,1061,Tintenroller Pilot Frixion Ball 0.7 schwarz,2,3.29,6.58,0
B01861,Klasse 12,1054,Ringbucheinlagen A4 kariert 100 Blatt,3,2.29,6.87,0
B01862,Klasse 2,1005,Rechenheft A4 Lineatur 7 (7x7mm Kästchen),1,0.99,0.99,0
B01862,Klasse 2,1042,Schnellhefter A4 Kunststoff orange,2,0.5,1.0,0
B01862,Klasse 2,1038,Schnellhefter A4 Kunststoff blau,5,0.5,2.5,0
B01862,Klasse 2,1002,Schreiblernheft A4 Lineatur 2 (16 Blatt),3,0.99,2.97,0
B01862,Klasse 2,1019,Borstenpinsel-Set (Größen 4/8/12),1,3.5,3.5,0
B01863,Klasse 12,1059,Karteikarten A7 liniert 100 Stück,1,1.49,1.49,0
B01863,Klasse 12,1037,Lineal 30cm Kunststoff transparent,1,1.1,1.1,0
B01863,Klasse 12,1056,Kugelschreiber Grip 2011 M schwarz,5,4.5,22.5,0
B01864,Klasse 1,1039,Schnellhefter A4 Kunststoff rot,3,0.5,1.5,0
B01864,Klasse 1,1015,Radiergummi soft (für Bleistifte),1,0.8,0.8,0
B01864,Klasse 1,1040,Schnellhefter A4 Kunststoff grün,2,0.5,1.0,0
B01864,Klasse 1,1021,Knete-Unterlage Kunststoff A3,1,1.99,1.99,0
B01864,Klasse 1,1001,Schreiblernheft A4 Lineatur 1 (16 Blatt),1,0.99,0.99,0
B01864,Klasse 1,1012,Bastelschere rund 13cm Linkshänder,1,2.2,2.2,0
B01864,Klasse 1,1009,Wachsmalkreiden 12er Set (wasservermalbar),1,6.99,6.99,0
B01865,Klasse 8,1018,Tuschkasten K12 (12 Farben),1,9.95,9.95,0
B01865,Klasse 8,1027,Collegeblock A4 kariert (80 Blatt),3,1.79,5.37,0
B01865,Klasse 8,1034,Schulkompass Zirkel Staedtler,1,8.5,8.5,0
B01865,Klasse 8,1059,Karteikarten A7 liniert 100 Stück,1,1.49,1.49,0
B01865,Klasse 8,1029,Geodreieck 16 cm transparent Aristo,1,1.2,1.2,0
B01865,Klasse 8,1033,Tintenkiller Super Pirat (2er Pack),5,2.49,12.45,0
B01865,Klasse 8,1060,Prospekthüllen A4 transparent 100er Pack,1,3.99,3.99,0
B01866,Klasse 11,1028,Collegeblock A4 liniert (80 Blatt),2,1.79,3.58,0
B01866,Klasse 11,1038,Schnellhefter A4 Kunststoff blau,2,0.5,1.0,0
B01866,Klasse 11,1056,Kugelschreiber Grip 2011 M schwarz,2,4.5,9.0,0
B01866,Klasse 11,1037,Lineal 30cm Kunststoff transparent,1,1.1,1.1,0
B01867,Klasse 4,1004,Schulheft A4 Lineatur 4 (16 Blatt),3,0.99,2.97,0
B01867,Klasse 4,1027,Collegeblock A4 kariert (80 Blatt),3,1.79,5.37,0
B01867,Klasse 4,1040,Schnellhefter A4 Kunststoff grün,3,0.5,1.5,0
B01867,Klasse 4,1008,Buntstifte 12er Set dreikant (dick),1,5.49,5.49,0
B01867,Klasse 4,1041,Schnellhefter A4 Kunststoff gelb,1,0.5,0.5,0
B01867,Klasse 4,1015,Radiergummi soft (für Bleistifte),1,0.8,0.8,0
B01868,Klasse 10 & 12,1058,Haftnotizen Post-it 76x76mm gelb,1,1.99,1.99,1
B01868,Klasse 10 & 12,1045,Ringbuch A4 schmal 25mm,2,2.99,5.98,1
B01868,Klasse 10 & 12,1039,Schnellhefter A4 Kunststoff rot,3,0.5,1.5,1
B01868,Klasse 10 & 12,1042,Schnellhefter A4 Kunststoff orange,3,0.5,1.5,1
B01869,Klasse 8,1040,Schnellhefter A4 Kunststoff grün,5,0.5,2.5,0
B01869,Klasse 8,1038,Schnellhefter A4 Kunststoff blau,2,0.5,1.0,0
B01869,Klasse 8,1025,Schulheft A4 kariert Lineatur 22 (16 Blatt),3,0.99,2.97,0
B01870,Klasse 7,1019,Borstenpinsel-Set (Größen 4/8/12),1,3.5,3.5,0
B01870,Klasse 7,1045,Ringbuch A4 schmal 25mm,3,2.99,8.97,0
B01870,Klasse 7,1040,Schnellhefter A4 Kunststoff grün,2,0.5,1.0,0
B01870,Klasse 7,1042,Schnellhefter A4 Kunststoff orange,3,0.5,1.5,0
B01870,Klasse 7,1018,Tuschkasten K12 (12 Farben),1,9.95,9.95,0
B01870,Klasse 7,1025,Schulheft A4 kariert Lineatur 22 (16 Blatt),1,0.99,0.99,0
B01871,Klasse 8,1037,Lineal 30cm Kunststoff transparent,1,1.1,1.1,0
B01871,Klasse 8,1027,Collegeblock A4 kariert (80 Blatt),3,1.79,5.37,0
B01871,Klasse 8,1036,Bleistift HB Grip 2001 Faber-Castell,2,1.5,3.0,0
B01872,Klasse 11,1029,Geodreieck 16 cm transparent Aristo,1,1.2,1.2,0
B01872,Klasse 11,1045,Ringbuch A4 schmal 25mm,2,2.99,5.98,0
B01872,Klasse 11,1043,Textmarker-Set 4 Farben Stabilo Boss,1,4.99,4.99,0
B01872,Klasse 11,1052,Formelsammlung Mathematik/Physik/Chemie Duden,1,12.99,12.99,0
B01873,Klasse 9,1038,Schnellhefter A4 Kunststoff blau,1,0.5,0.5,0
B01873,Klasse 9,1061,Tintenroller Pilot Frixion Ball 0.7 schwarz,1,3.29,3.29,0
B01873,Klasse 9,1045,Ringbuch A4 schmal 25mm,3,2.99,8.97,0
B01873,Klasse 9,1033,Tintenkiller Super Pirat (2er Pack),1,2.49,2.49,0
B01874,Klasse 3 & 7,1008,Buntstifte 12er Set dreikant (dick),1,5.49,5.49,1
B01874,Klasse 3 & 7,1010,Knetmasse 10 Farben,1,3.49,3.49,1
B01874,Klasse 3 & 7,1021,Knete-Unterlage Kunststoff A3,1,1.99,1.99,1
B01874,Klasse 3 & 7,1011,Bastelschere rund 13cm Rechtshänder,1,2.2,2.2,1
B01874,Klasse 3 & 7,1038,Schnellhefter A4 Kunststoff blau,1,0.5,0.5,1
B01874,Klasse 3 & 7,1041,Schnellhefter A4 Kunststoff gelb,3,0.5,1.5,1
B01874,Klasse 3 & 7,1039,Schnellhefter A4 Kunststoff rot,5,0.5,2.5,1
B01874,Klasse 3 & 7,1017,Zeichenblock A3 (20 Blatt),1,2.49,2.49,1
B01874,Klasse 3 & 7,1016,Sammelbox A4 Karton blau,2,2.49,4.98,1
B01874,Klasse 3 & 7,1042,Schnellhefter A4 Kunststoff orange,2,0.5,1.0,1
B01874,Klasse 3 & 7,1030,Geodreieck 22 cm Griff transparent,1,2.1,2.1,1
B01874,Klasse 3 & 7,1033,Tintenkiller Super Pirat (2er Pack),2,2.49,4.98,1
B01874,Klasse 3 & 7,1044,Fineliner 10er Set Stabilo Point 88,1,7.99,7.99,1
B01874,Klasse 3 & 7,1029,Geodreieck 16 cm transparent Aristo,1,1.2,1.2,1
B01874,Klasse 3 & 7,1048,Hausaufgabenheft A5 Classic,1,1.99,1.99,1
B01875,Klasse 7,1039,Schnellhefter A4 Kunststoff rot,3,0.5,1.5,0
B01875,Klasse 7,1042,Schnellhefter A4 Kunststoff orange,1,0.5,0.5,0
B01875,Klasse 7,1028,Collegeblock A4 liniert (80 Blatt),2,1.79,3.58,0
B01875,Klasse 7,1041,Schnellhefter A4 Kunststoff gelb,3,0.5,1.5,0
B01876,Klasse 1,1041,Schnellhefter A4 Kunststoff gelb,2,0.5,1.0,0
B01876,Klasse 1,1019,Borstenpinsel-Set (Größen 4/8/12),1,3.5,3.5,0
B01876,Klasse 1,1018,Tuschkasten K12 (12 Farben),1,9.95,9.95,0
B01876,Klasse 1,1017,Zeichenblock A3 (20 Blatt),1,2.49,2.49,0
B01877,Klasse 11,1060,Prospekthüllen A4 transparent 100er Pack,1,3.99,3.99,0
B01877,Klasse 11,1053,Ringbucheinlagen A4 liniert 100 Blatt,5,2.29,11.45,0
B01877,Klasse 11,1040,Schnellhefter A4 Kunststoff grün,3,0.5,1.5,0
B01877,Klasse 11,1052,Formelsammlung Mathematik/Physik/Chemie Duden,1,12.99,12.99,0
B01878,Klasse 6 & 7,1036,Bleistift HB Grip 2001 Faber-Castell,1,1.5,1.5,1
B01878,Klasse 6 & 7,1026,Vokabelheft A5 Lineatur 53 (32 Blatt),3,1.29,3.87,1
B01878,Klasse 6 & 7,1033,Tintenkiller Super Pirat (2er Pack),3,2.49,7.47,1
B01878,Klasse 6 & 7,1037,Lineal 30cm Kunststoff transparent,1,1.1,1.1,1
B01878,Klasse 6 & 7,1020,Haarpinsel-Set (Größen 2/6/10),1,3.99,3.99,1
B01879,Klasse 1,1005,Rechenheft A4 Lineatur 7 (7x7mm Kästchen),5,0.99,4.95,0
B01879,Klasse 1,1040,Schnellhefter A4 Kunststoff grün,2,0.5,1.0,0
B01879,Klasse 1,1023,Hausaufgabenheft Grundschule A5,1,1.99,1.99,0
B01879,Klasse 1,1018,Tuschkasten K12 (12 Farben),1,9.95,9.95,0
B01879,Klasse 1,1038,Schnellhefter A4 Kunststoff blau,1,0.5,0.5,0
B01879,Klasse 1,1017,Zeichenblock A3 (20 Blatt),1,2.49,2.49,0
B01879,Klasse 1,1010,Knetmasse 10 Farben,1,3.49,3.49,0
B01879,Klasse 1,1039,Schnellhefter A4 Kunststoff rot,2,0.5,1.0,0
B01880,Klasse 3,1019,Borstenpinsel-Set (Größen 4/8/12),1,3.5,3.5,0
B01880,Klasse 3,1011,Bastelschere rund 13cm Rechtshänder,1,2.2,2.2,0
B01880,Klasse 3,1020,Haarpinsel-Set (Größen 2/6/10),1,3.99,3.99,0
B01880,Klasse 3,1016,Sammelbox A4 Karton blau,2,2.49,4.98,0
B01880,Klasse 3,1017,Zeichenblock A3 (20 Blatt),1,2.49,2.49,0
B01880,Klasse 3,1012,Bastelschere rund 13cm Linkshänder,1,2.2,2.2,0
B01880,Klasse 3,1023,Hausaufgabenheft Grundschule A5,1,1.99,1.99,0
B01880,Klasse 3,1008,Buntstifte 12er Set dreikant (dick),1,5.49,5.49,0
B01880,Klasse 3,1022,Schreiblern-Füller Lamy ABC,1,14.5,14.5,0
B01881,Klasse 4,1027,Collegeblock A4 kariert (80 Blatt),5,1.79,8.95,0
B01881,Klasse 4,1042,Schnellhefter A4 Kunststoff orange,2,0.5,1.0,0
B01881,Klasse 4,1008,Buntstifte 12er Set dreikant (dick),1,5.49,5.49,0
B01881,Klasse 4,1033,Tintenkiller Super Pirat (2er Pack),1,2.49,2.49,0
B01881,Klasse 4,1004,Schulheft A4 Lineatur 4 (16 Blatt),3,0.99,2.97,0
B01881,Klasse 4,1017,Zeichenblock A3 (20 Blatt),1,2.49,2.49,0
B01881,Klasse 4,1025,Schulheft A4 kariert Lineatur 22 (16 Blatt),5,0.99,4.95,0
B01881,Klasse 4,1012,Bastelschere rund 13cm Linkshänder,1,2.2,2.2,0
B01882,Klasse 2,1013,Klebestift Uhu Renature 21g,1,1.89,1.89,0
B01882,Klasse 2,1022,Schreiblern-Füller Lamy ABC,1,14.5,14.5,0
B01882,Klasse 2,1002,Schreiblernheft A4 Lineatur 2 (16 Blatt),5,0.99,4.95,0
B01882,Klasse 2,1021,Knete-Unterlage Kunststoff A3,1,1.99,1.99,0
B01882,Klasse 2,1019,Borstenpinsel-Set (Größen 4/8/12),1,3.5,3.5,0
B01882,Klasse 2,1018,Tuschkasten K12 (12 Farben),1,9.95,9.95,0
B01882,Klasse 2,1040,Schnellhefter A4 Kunststoff grün,2,0.5,1.0,0
B01882,Klasse 2,1014,Doppelanspitzer Dose Trio Grip,1,2.99,2.99,0
B01883,Klasse 8,1056,Kugelschreiber Grip 2011 M schwarz,3,4.5,13.5,0
B01883,Klasse 8,1061,Tintenroller Pilot Frixion Ball 0.7 schwarz,2,3.29,6.58,0
B01883,Klasse 8,1039,Schnellhefter A4 Kunststoff rot,3,0.5,1.5,0
B01884,Klasse 11,1051,Grafikrechner Casio FX-CG50,1,119.0,119.0,0
B01884,Klasse 11,1058,Haftnotizen Post-it 76x76mm gelb,1,1.99,1.99,0
B01884,Klasse 11,1038,Schnellhefter A4 Kunststoff blau,5,0.5,2.5,0
B01884,Klasse 11,1046,Ordner A4 breit 80mm schwarz,3,3.49,10.47,0
B01884,Klasse 11,1060,Prospekthüllen A4 transparent 100er Pack,1,3.99,3.99,0
B01885,Klasse 8,1047,Wissenschaftlicher Taschenrechner Casio fx-87DE X,1,24.99,24.99,0
B01885,Klasse 8,1059,Karteikarten A7 liniert 100 Stück,1,1.49,1.49,0
B01885,Klasse 8,1060,Prospekthüllen A4 transparent 100er Pack,1,3.99,3.99,0
B01885,Klasse 8,1029,Geodreieck 16 cm transparent Aristo,1,1.2,1.2,0
B01885,Klasse 8,1037,Lineal 30cm Kunststoff transparent,1,1.1,1.1,0
B01885,Klasse 8,1024,Schulheft A4 liniert Lineatur 21 (16 Blatt),3,0.99,2.97,0
B01886,Klasse 5,1042,Schnellhefter A4 Kunststoff orange,1,0.5,0.5,0
B01886,Klasse 5,1045,Ringbuch A4 schmal 25mm,2,2.99,5.98,0
B01886,Klasse 5,1014,Doppelanspitzer Dose Trio Grip,1,2.99,2.99,0
B01886,Klasse 5,1025,Schulheft A4 kariert Lineatur 22 (16 Blatt),2,0.99,1.98,0
B01886,Klasse 5,1027,Collegeblock A4 kariert (80 Blatt),3,1.79,5.37,0
B01886,Klasse 5,1028,Collegeblock A4 liniert (80 Blatt),2,1.79,3.58,0
B01887,Klasse 4 & 6,1019,Borstenpinsel-Set (Größen 4/8/12),1,3.5,3.5,1
B01887,Klasse 4 & 6,1020,Haarpinsel-Set (Größen 2/6/10),1,3.99,3.99,1
B01887,Klasse 4 & 6,1037,Lineal 30cm Kunststoff transparent,1,1.1,1.1,1
B01887,Klasse 4 & 6,1032,Tintenpatronen blau T10 (5er Pack),2,1.8,3.6,1
B01887,Klasse 4 & 6,1006,Rechenheft A4 Lineatur 8 (5x5mm Kästchen),2,0.99,1.98,1
B01887,Klasse 4 & 6,1015,Radiergummi soft (für Bleistifte),1,0.8,0.8,1
B01887,Klasse 4 & 6,1014,Doppelanspitzer Dose Trio Grip,1,2.99,2.99,1
B01887,Klasse 4 & 6,1018,Tuschkasten K12 (12 Farben),1,9.95,9.95,1
B01888,Klasse 12,1030,Geodreieck 22 cm Griff transparent,1,2.1,2.1,0
B01888,Klasse 12,1059,Karteikarten A7 liniert 100 Stück,1,1.49,1.49,0
B01889,Klasse 3,1016,Sammelbox A4 Karton blau,3,2.49,7.47,0
B01889,Klasse 3,1038,Schnellhefter A4 Kunststoff blau,3,0.5,1.5,0
B01889,Klasse 3,1003,Schreiblernheft A4 Lineatur 3 (16 Blatt),2,0.99,1.98,0
B01889,Klasse 3,1019,Borstenpinsel-Set (Größen 4/8/12),1,3.5,3.5,0
B01889,Klasse 3,1041,Schnellhefter A4 Kunststoff gelb,2,0.5,1.0,0
B01889,Klasse 3,1011,Bastelschere rund 13cm Rechtshänder,1,2.2,2.2,0
B01889,Klasse 3,1006,Rechenheft A4 Lineatur 8 (5x5mm Kästchen),5,0.99,4.95,0
B01890,Klasse 4,1042,Schnellhefter A4 Kunststoff orange,3,0.5,1.5,0
B01890,Klasse 4,1015,Radiergummi soft (für Bleistifte),1,0.8,0.8,0
B01890,Klasse 4,1044,Fineliner 10er Set Stabilo Point 88,1,7.99,7.99,0
B01890,Klasse 4,1018,Tuschkasten K12 (12 Farben),1,9.95,9.95,0
B01890,Klasse 4,1020,Haarpinsel-Set (Größen 2/6/10),1,3.99,3.99,0
B01891,Klasse 12,1059,Karteikarten A7 liniert 100 Stück,1,1.49,1.49,0
B01891,Klasse 12,1053,Ringbucheinlagen A4 liniert 100 Blatt,3,2.29,6.87,0
B01891,Klasse 12,1049,Oxford Collegeblock A4 kariert (90g Papier),5,2.79,13.95,0
B01891,Klasse 12,1050,Oxford Collegeblock A4 liniert (90g Papier),3,2.79,8.37,0
B01892,Klasse 4,1006,Rechenheft A4 Lineatur 8 (5x5mm Kästchen),2,0.99,1.98,0
B01892,Klasse 4,1033,Tintenkiller Super Pirat (2er Pack),5,2.49,12.45,0
B01892,Klasse 4,1039,Schnellhefter A4 Kunststoff rot,5,0.5,2.5,0
B01892,Klasse 4,1028,Collegeblock A4 liniert (80 Blatt),2,1.79,3.58,0
B01892,Klasse 4,1040,Schnellhefter A4 Kunststoff grün,3,0.5,1.5,0
B01892,Klasse 4,1017,Zeichenblock A3 (20 Blatt),1,2.49,2.49,0
B01892,Klasse 4,1016,Sammelbox A4 Karton blau,3,2.49,7.47,0
B01892,Klasse 4,1011,Bastelschere rund 13cm Rechtshänder,1,2.2,2.2,0
B01892,Klasse 4,1020,Haarpinsel-Set (Größen 2/6/10),1,3.99,3.99,0
B01893,Klasse 6,1018,Tuschkasten K12 (12 Farben),1,9.95,9.95,0
B01893,Klasse 6,1040,Schnellhefter A4 Kunststoff grün,2,0.5,1.0,0
B01893,Klasse 6,1037,Lineal 30cm Kunststoff transparent,1,1.1,1.1,0
B01893,Klasse 6,1038,Schnellhefter A4 Kunststoff blau,1,0.5,0.5,0
B01894,Klasse 11 & 12,1054,Ringbucheinlagen A4 kariert 100 Blatt,5,2.29,11.45,1
B01894,Klasse 11 & 12,1046,Ordner A4 breit 80mm schwarz,2,3.49,6.98,1
B01894,Klasse 11 & 12,1053,Ringbucheinlagen A4 liniert 100 Blatt,10,2.29,22.9,1
B01894,Klasse 11 & 12,1027,Collegeblock A4 kariert (80 Blatt),3,1.79,5.37,1
B01894,Klasse 11 & 12,1057,Textmarker-Set Pastell 6 Farben Stabilo Boss,1,6.99,6.99,1
B01895,Klasse 10,1032,Tintenpatronen blau T10 (5er Pack),1,1.8,1.8,0
B01895,Klasse 10,1038,Schnellhefter A4 Kunststoff blau,3,0.5,1.5,0
B01895,Klasse 10,1045,Ringbuch A4 schmal 25mm,2,2.99,5.98,0
B01896,Klasse 3,1019,Borstenpinsel-Set (Größen 4/8/12),1,3.5,3.5,0
B01896,Klasse 3,1006,Rechenheft A4 Lineatur 8 (5x5mm Kästchen),10,0.99,9.9,0
B01896,Klasse 3,1038,Schnellhefter A4 Kunststoff blau,1,0.5,0.5,0
B01896,Klasse 3,1040,Schnellhefter A4 Kunststoff grün,5,0.5,2.5,0
B01896,Klasse 3,1020,Haarpinsel-Set (Größen 2/6/10),1,3.99,3.99,0
B01896,Klasse 3,1003,Schreiblernheft A4 Lineatur 3 (16 Blatt),1,0.99,0.99,0
B01896,Klasse 3,1018,Tuschkasten K12 (12 Farben),1,9.95,9.95,0
B01896,Klasse 3,1017,Zeichenblock A3 (20 Blatt),1,2.49,2.49,0
B01896,Klasse 3,1014,Doppelanspitzer Dose Trio Grip,1,2.99,2.99,0
B01897,Klasse 5 & 6,1025,Schulheft A4 kariert Lineatur 22 (16 Blatt),1,0.99,0.99,1
B01897,Klasse 5 & 6,1060,Prospekthüllen A4 transparent 100er Pack,1,3.99,3.99,1
B01897,Klasse 5 & 6,1038,Schnellhefter A4 Kunststoff blau,2,0.5,1.0,1
B01897,Klasse 5 & 6,1039,Schnellhefter A4 Kunststoff rot,1,0.5,0.5,1
B01897,Klasse 5 & 6,1045,Ringbuch A4 schmal 25mm,3,2.99,8.97,1
B01897,Klasse 5 & 6,1042,Schnellhefter A4 Kunststoff orange,2,0.5,1.0,1
B01897,Klasse 5 & 6,1013,Klebestift Uhu Renature 21g,1,1.89,1.89,1
B01897,Klasse 5 & 6,1023,Hausaufgabenheft Grundschule A5,1,1.99,1.99,1
B01897,Klasse 5 & 6,1040,Schnellhefter A4 Kunststoff grün,1,0.5,0.5,1
B01897,Klasse 5 & 6,1037,Lineal 30cm Kunststoff transparent,1,1.1,1.1,1
B01898,Klasse 3 & 10,1006,Rechenheft A4 Lineatur 8 (5x5mm Kästchen),2,0.99,1.98,1
B01898,Klasse 3 & 10,1015,Radiergummi soft (für Bleistifte),1,0.8,0.8,1
B01898,Klasse 3 & 10,1017,Zeichenblock A3 (20 Blatt),1,2.49,2.49,1
B01898,Klasse 3 & 10,1040,Schnellhefter A4 Kunststoff grün,2,0.5,1.0,1
B01898,Klasse 3 & 10,1041,Schnellhefter A4 Kunststoff gelb,2,0.5,1.0,1
B01898,Klasse 3 & 10,1011,Bastelschere rund 13cm Rechtshänder,1,2.2,2.2,1
B01898,Klasse 3 & 10,1014,Doppelanspitzer Dose Trio Grip,1,2.99,2.99,1
B01898,Klasse 3 & 10,1053,Ringbucheinlagen A4 liniert 100 Blatt,3,2.29,6.87,1
B01899,Klasse 1 & 7,1019,Borstenpinsel-Set (Größen 4/8/12),1,3.5,3.5,1
B01899,Klasse 1 & 7,1041,Schnellhefter A4 Kunststoff gelb,2,0.5,1.0,1
B01899,Klasse 1 & 7,1039,Schnellhefter A4 Kunststoff rot,2,0.5,1.0,1
B01899,Klasse 1 & 7,1048,Hausaufgabenheft A5 Classic,1,1.99,1.99,1
B01899,Klasse 1 & 7,1034,Schulkompass Zirkel Staedtler,1,8.5,8.5,1
B01899,Klasse 1 & 7,1015,Radiergummi soft (für Bleistifte),1,0.8,0.8,1
B01899,Klasse 1 & 7,1021,Knete-Unterlage Kunststoff A3,1,1.99,1.99,1
B01899,Klasse 1 & 7,1011,Bastelschere rund 13cm Rechtshänder,1,2.2,2.2,1
B01899,Klasse 1 & 7,1009,Wachsmalkreiden 12er Set (wasservermalbar),1,6.99,6.99,1
B01899,Klasse 1 & 7,1008,Buntstifte 12er Set dreikant (dick),1,5.49,5.49,1
B01899,Klasse 1 & 7,1012,Bastelschere rund 13cm Linkshänder,1,2.2,2.2,1
B01899,Klasse 1 & 7,1042,Schnellhefter A4 Kunststoff orange,1,0.5,0.5,1
B01900,Klasse 7,1041,Schnellhefter A4 Kunststoff gelb,3,0.5,1.5,0
B01900,Klasse 7,1040,Schnellhefter A4 Kunststoff grün,2,0.5,1.0,0
B01900,Klasse 7,1015,Radiergummi soft (für Bleistifte),1,0.8,0.8,0
B01901,Klasse 1,1005,Rechenheft A4 Lineatur 7 (7x7mm Kästchen),2,0.99,1.98,0
B01901,Klasse 1,1042,Schnellhefter A4 Kunststoff orange,1,0.5,0.5,0
B01901,Klasse 1,1008,Buntstifte 12er Set dreikant (dick),1,5.49,5.49,0
B01901,Klasse 1,1021,Knete-Unterlage Kunststoff A3,1,1.99,1.99,0
B01901,Klasse 1,1001,Schreiblernheft A4 Lineatur 1 (16 Blatt),3,0.99,2.97,0
B01902,Klasse 3,1040,Schnellhefter A4 Kunststoff grün,3,0.5,1.5,0
B01902,Klasse 3,1014,Doppelanspitzer Dose Trio Grip,1,2.99,2.99,0
B01902,Klasse 3,1003,Schreiblernheft A4 Lineatur 3 (16 Blatt),5,0.99,4.95,0
B01902,Klasse 3,1012,Bastelschere rund 13cm Linkshänder,1,2.2,2.2,0
B01902,Klasse 3,1042,Schnellhefter A4 Kunststoff orange,1,0.5,0.5,0
B01902,Klasse 3,1008,Buntstifte 12er Set dreikant (dick),1,5.49,5.49,0
B01903,Klasse 9,1045,Ringbuch A4 schmal 25mm,1,2.99,2.99,0
B01903,Klasse 9,1042,Schnellhefter A4 Kunststoff orange,2,0.5,1.0,0
B01903,Klasse 9,1024,Schulheft A4 liniert Lineatur 21 (16 Blatt),3,0.99,2.97,0
B01904,Klasse 7,1036,Bleistift HB Grip 2001 Faber-Castell,3,1.5,4.5,0
B01904,Klasse 7,1028,Collegeblock A4 liniert (80 Blatt),3,1.79,5.37,0
B01904,Klasse 7,1046,Ordner A4 breit 80mm schwarz,2,3.49,6.98,0
B01904,Klasse 7,1032,Tintenpatronen blau T10 (5er Pack),2,1.8,3.6,0
B01904,Klasse 7,1037,Lineal 30cm Kunststoff transparent,1,1.1,1.1,0
B01904,Klasse 7,1033,Tintenkiller Super Pirat (2er Pack),3,2.49,7.47,0
B01904,Klasse 7,1029,Geodreieck 16 cm transparent Aristo,1,1.2,1.2,0
B01905,Klasse 11,1060,Prospekthüllen A4 transparent 100er Pack,1,3.99,3.99,0
B01905,Klasse 11,1059,Karteikarten A7 liniert 100 Stück,1,1.49,1.49,0
B01906,Klasse 8,1060,Prospekthüllen A4 transparent 100er Pack,1,3.99,3.99,0
B01906,Klasse 8,1034,Schulkompass Zirkel Staedtler,1,8.5,8.5,0
B01906,Klasse 8,1043,Textmarker-Set 4 Farben Stabilo Boss,1,4.99,4.99,0
B01906,Klasse 8,1024,Schulheft A4 liniert Lineatur 21 (16 Blatt),2,0.99,1.98,0
B01907,Klasse 6,1032,Tintenpatronen blau T10 (5er Pack),2,1.8,3.6,0
B01907,Klasse 6,1060,Prospekthüllen A4 transparent 100er Pack,1,3.99,3.99,0
B01907,Klasse 6,1024,Schulheft A4 liniert Lineatur 21 (16 Blatt),3,0.99,2.97,0
B01908,Klasse 5,1037,Lineal 30cm Kunststoff transparent,1,1.1,1.1,0
B01908,Klasse 5,1044,Fineliner 10er Set Stabilo Point 88,1,7.99,7.99,0
B01908,Klasse 5,1029,Geodreieck 16 cm transparent Aristo,1,1.2,1.2,0
B01908,Klasse 5,1033,Tintenkiller Super Pirat (2er Pack),2,2.49,4.98,0
B01909,Klasse 2,1014,Doppelanspitzer Dose Trio Grip,1,2.99,2.99,0
B01909,Klasse 2,1007,Schreiblernbleistift Trio Grip (dick),2,1.99,3.98,0
B01909,Klasse 2,1013,Klebestift Uhu Renature 21g,1,1.89,1.89,0
B01909,Klasse 2,1017,Zeichenblock A3 (20 Blatt),1,2.49,2.49,0
B01909,Klasse 2,1039,Schnellhefter A4 Kunststoff rot,3,0.5,1.5,0
B01910,Klasse 6 & 12,1013,Klebestift Uhu Renature 21g,1,1.89,1.89,1
B01910,Klasse 6 & 12,1044,Fineliner 10er Set Stabilo Point 88,1,7.99,7.99,1
B01910,Klasse 6 & 12,1020,Haarpinsel-Set (Größen 2/6/10),1,3.99,3.99,1
B01910,Klasse 6 & 12,1033,Tintenkiller Super Pirat (2er Pack),3,2.49,7.47,1
B01910,Klasse 6 & 12,1054,Ringbucheinlagen A4 kariert 100 Blatt,2,2.29,4.58,1
B01910,Klasse 6 & 12,1052,Formelsammlung Mathematik/Physik/Chemie Duden,1,12.99,12.99,1
B01911,Klasse 12,1044,Fineliner 10er Set Stabilo Point 88,1,7.99,7.99,0
B01911,Klasse 12,1045,Ringbuch A4 schmal 25mm,5,2.99,14.95,0
B01912,Klasse 5,1017,Zeichenblock A3 (20 Blatt),1,2.49,2.49,0
B01912,Klasse 5,1019,Borstenpinsel-Set (Größen 4/8/12),1,3.5,3.5,0
B01912,Klasse 5,1035,Buntstifte 24er Set dreikant,1,8.99,8.99,0
B01912,Klasse 5,1046,Ordner A4 breit 80mm schwarz,1,3.49,3.49,0
B01912,Klasse 5,1036,Bleistift HB Grip 2001 Faber-Castell,5,1.5,7.5,0
B01912,Klasse 5,1031,Füllfederhalter Lamy Safari M,1,19.9,19.9,0
B01913,Klasse 2,1023,Hausaufgabenheft Grundschule A5,1,1.99,1.99,0
B01913,Klasse 2,1022,Schreiblern-Füller Lamy ABC,1,14.5,14.5,0
B01913,Klasse 2,1011,Bastelschere rund 13cm Rechtshänder,1,2.2,2.2,0
B01913,Klasse 2,1007,Schreiblernbleistift Trio Grip (dick),1,1.99,1.99,0
B01913,Klasse 2,1010,Knetmasse 10 Farben,1,3.49,3.49,0
B01913,Klasse 2,1021,Knete-Unterlage Kunststoff A3,1,1.99,1.99,0
B01913,Klasse 2,1001,Schreiblernheft A4 Lineatur 1 (16 Blatt),2,0.99,1.98,0
B01913,Klasse 2,1038,Schnellhefter A4 Kunststoff blau,2,0.5,1.0,0
B01913,Klasse 2,1002,Schreiblernheft A4 Lineatur 2 (16 Blatt),3,0.99,2.97,0
B01914,Klasse 11,1059,Karteikarten A7 liniert 100 Stück,1,1.49,1.49,0
B01914,Klasse 11,1036,Bleistift HB Grip 2001 Faber-Castell,5,1.5,7.5,0
B01915,Klasse 11,1037,Lineal 30cm Kunststoff transparent,1,1.1,1.1,0
B01915,Klasse 11,1045,Ringbuch A4 schmal 25mm,3,2.99,8.97,0
B01915,Klasse 11,1043,Textmarker-Set 4 Farben Stabilo Boss,1,4.99,4.99,0
B01916,Klasse 8,1028,Collegeblock A4 liniert (80 Blatt),10,1.79,17.9,0
B01916,Klasse 8,1026,Vokabelheft A5 Lineatur 53 (32 Blatt),1,1.29,1.29,0
B01916,Klasse 8,1030,Geodreieck 22 cm Griff transparent,1,2.1,2.1,0
B01916,Klasse 8,1027,Collegeblock A4 kariert (80 Blatt),1,1.79,1.79,0
B01916,Klasse 8,1029,Geodreieck 16 cm transparent Aristo,1,1.2,1.2,0
B01916,Klasse 8,1040,Schnellhefter A4 Kunststoff grün,2,0.5,1.0,0
B01917,Klasse 5,1044,Fineliner 10er Set Stabilo Point 88,1,7.99,7.99,0
B01917,Klasse 5,1020,Haarpinsel-Set (Größen 2/6/10),1,3.99,3.99,0
B01917,Klasse 5,1032,Tintenpatronen blau T10 (5er Pack),5,1.8,9.0,0
B01917,Klasse 5,1027,Collegeblock A4 kariert (80 Blatt),2,1.79,3.58,0
B01918,Klasse 7,1043,Textmarker-Set 4 Farben Stabilo Boss,1,4.99,4.99,0
B01918,Klasse 7,1013,Klebestift Uhu Renature 21g,1,1.89,1.89,0
B01918,Klasse 7,1035,Buntstifte 24er Set dreikant,1,8.99,8.99,0
B01918,Klasse 7,1037,Lineal 30cm Kunststoff transparent,1,1.1,1.1,0
B01919,Klasse 8,1041,Schnellhefter A4 Kunststoff gelb,3,0.5,1.5,0
B01919,Klasse 8,1031,Füllfederhalter Lamy Safari M,1,19.9,19.9,0
B01919,Klasse 8,1017,Zeichenblock A3 (20 Blatt),1,2.49,2.49,0
B01919,Klasse 8,1061,Tintenroller Pilot Frixion Ball 0.7 schwarz,1,3.29,3.29,0
B01920,Klasse 6 & 9,1041,Schnellhefter A4 Kunststoff gelb,2,0.5,1.0,1
B01920,Klasse 6 & 9,1028,Collegeblock A4 liniert (80 Blatt),2,1.79,3.58,1
B01920,Klasse 6 & 9,1032,Tintenpatronen blau T10 (5er Pack),2,1.8,3.6,1
B01920,Klasse 6 & 9,1018,Tuschkasten K12 (12 Farben),1,9.95,9.95,1
B01920,Klasse 6 & 9,1030,Geodreieck 22 cm Griff transparent,1,2.1,2.1,1
B01920,Klasse 6 & 9,1033,Tintenkiller Super Pirat (2er Pack),2,2.49,4.98,1
B01920,Klasse 6 & 9,1036,Bleistift HB Grip 2001 Faber-Castell,3,1.5,4.5,1
B01921,Klasse 2,1021,Knete-Unterlage Kunststoff A3,1,1.99,1.99,0
B01921,Klasse 2,1011,Bastelschere rund 13cm Rechtshänder,1,2.2,2.2,0
B01921,Klasse 2,1018,Tuschkasten K12 (12 Farben),1,9.95,9.95,0
B01921,Klasse 2,1010,Knetmasse 10 Farben,1,3.49,3.49,0
B01921,Klasse 2,1022,Schreiblern-Füller Lamy ABC,1,14.5,14.5,0
B01921,Klasse 2,1040,Schnellhefter A4 Kunststoff grün,3,0.5,1.5,0
B01921,Klasse 2,1041,Schnellhefter A4 Kunststoff gelb,3,0.5,1.5,0
B01921,Klasse 2,1015,Radiergummi soft (für Bleistifte),1,0.8,0.8,0
B01922,Klasse 8,1026,Vokabelheft A5 Lineatur 53 (32 Blatt),2,1.29,2.58,0
B01922,Klasse 8,1025,Schulheft A4 kariert Lineatur 22 (16 Blatt),2,0.99,1.98,0
B01922,Klasse 8,1034,Schulkompass Zirkel Staedtler,1,8.5,8.5,0
B01922,Klasse 8,1055,Kugelschreiber Grip 2011 M blau (dokumentenecht),1,4.5,4.5,0
B01922,Klasse 8,1037,Lineal 30cm Kunststoff transparent,1,1.1,1.1,0
B01922,Klasse 8,1061,Tintenroller Pilot Frixion Ball 0.7 schwarz,3,3.29,9.87,0
B01923,Klasse 6,1015,Radiergummi soft (für Bleistifte),1,0.8,0.8,0
B01923,Klasse 6,1041,Schnellhefter A4 Kunststoff gelb,2,0.5,1.0,0
B01923,Klasse 6,1020,Haarpinsel-Set (Größen 2/6/10),1,3.99,3.99,0
B01924,Klasse 6,1017,Zeichenblock A3 (20 Blatt),1,2.49,2.49,0
B01924,Klasse 6,1020,Haarpinsel-Set (Größen 2/6/10),1,3.99,3.99,0
B01924,Klasse 6,1045,Ringbuch A4 schmal 25mm,1,2.99,2.99,0
B01924,Klasse 6,1029,Geodreieck 16 cm transparent Aristo,1,1.2,1.2,0
B01925,Klasse 5,1020,Haarpinsel-Set (Größen 2/6/10),1,3.99,3.99,0
B01925,Klasse 5,1031,Füllfederhalter Lamy Safari M,1,19.9,19.9,0
B01925,Klasse 5,1044,Fineliner 10er Set Stabilo Point 88,1,7.99,7.99,0
B01925,Klasse 5,1048,Hausaufgabenheft A5 Classic,1,1.99,1.99,0
B01925,Klasse 5,1013,Klebestift Uhu Renature 21g,1,1.89,1.89,0
B01925,Klasse 5,1025,Schulheft A4 kariert Lineatur 22 (16 Blatt),3,0.99,2.97,0
B01925,Klasse 5,1039,Schnellhefter A4 Kunststoff rot,2,0.5,1.0,0
B01926,Klasse 11,1044,Fineliner 10er Set Stabilo Point 88,1,7.99,7.99,0
B01926,Klasse 11,1030,Geodreieck 22 cm Griff transparent,1,2.1,2.1,0
B01926,Klasse 11,1041,Schnellhefter A4 Kunststoff gelb,3,0.5,1.5,0
B01927,Klasse 7,1028,Collegeblock A4 liniert (80 Blatt),2,1.79,3.58,0
B01927,Klasse 7,1032,Tintenpatronen blau T10 (5er Pack),1,1.8,1.8,0
B01927,Klasse 7,1030,Geodreieck 22 cm Griff transparent,1,2.1,2.1,0
B01927,Klasse 7,1038,Schnellhefter A4 Kunststoff blau,3,0.5,1.5,0
B01927,Klasse 7,1031,Füllfederhalter Lamy Safari M,1,19.9,19.9,0
B01928,Klasse 9,1019,Borstenpinsel-Set (Größen 4/8/12),1,3.5,3.5,0
B01928,Klasse 9,1042,Schnellhefter A4 Kunststoff orange,3,0.5,1.5,0
B01928,Klasse 9,1028,Collegeblock A4 liniert (80 Blatt),5,1.79,8.95,0
B01928,Klasse 9,1018,Tuschkasten K12 (12 Farben),1,9.95,9.95,0
B01929,Klasse 6,1061,Tintenroller Pilot Frixion Ball 0.7 schwarz,3,3.29,9.87,0
B01929,Klasse 6,1027,Collegeblock A4 kariert (80 Blatt),3,1.79,5.37,0
B01929,Klasse 6,1026,Vokabelheft A5 Lineatur 53 (32 Blatt),3,1.29,3.87,0
B01929,Klasse 6,1038,Schnellhefter A4 Kunststoff blau,2,0.5,1.0,0
B01930,Klasse 5,1025,Schulheft A4 kariert Lineatur 22 (16 Blatt),2,0.99,1.98,0
B01930,Klasse 5,1037,Lineal 30cm Kunststoff transparent,1,1.1,1.1,0
B01930,Klasse 5,1043,Textmarker-Set 4 Farben Stabilo Boss,1,4.99,4.99,0
B01930,Klasse 5,1038,Schnellhefter A4 Kunststoff blau,2,0.5,1.0,0
B01931,Klasse 3 & 9,1003,Schreiblernheft A4 Lineatur 3 (16 Blatt),5,0.99,4.95,1
B01931,Klasse 3 & 9,1022,Schreiblern-Füller Lamy ABC,1,14.5,14.5,1
B01931,Klasse 3 & 9,1008,Buntstifte 12er Set dreikant (dick),1,5.49,5.49,1
B01931,Klasse 3 & 9,1013,Klebestift Uhu Renature 21g,1,1.89,1.89,1
B01931,Klasse 3 & 9,1059,Karteikarten A7 liniert 100 Stück,1,1.49,1.49,1
B01931,Klasse 3 & 9,1061,Tintenroller Pilot Frixion Ball 0.7 schwarz,2,3.29,6.58,1
B01931,Klasse 3 & 9,1039,Schnellhefter A4 Kunststoff rot,2,0.5,1.0,1
B01931,Klasse 3 & 9,1058,Haftnotizen Post-it 76x76mm gelb,1,1.99,1.99,1
B01931,Klasse 3 & 9,1041,Schnellhefter A4 Kunststoff gelb,1,0.5,0.5,1
B01931,Klasse 3 & 9,1034,Schulkompass Zirkel Staedtler,1,8.5,8.5,1
B01931,Klasse 3 & 9,1057,Textmarker-Set Pastell 6 Farben Stabilo Boss,1,6.99,6.99,1
B01932,Klasse 3,1038,Schnellhefter A4 Kunststoff blau,3,0.5,1.5,0
B01932,Klasse 3,1023,Hausaufgabenheft Grundschule A5,1,1.99,1.99,0
B01932,Klasse 3,1014,Doppelanspitzer Dose Trio Grip,1,2.99,2.99,0
B01932,Klasse 3,1041,Schnellhefter A4 Kunststoff gelb,2,0.5,1.0,0
B01932,Klasse 3,1009,Wachsmalkreiden 12er Set (wasservermalbar),1,6.99,6.99,0
B01932,Klasse 3,1008,Buntstifte 12er Set dreikant (dick),1,5.49,5.49,0
B01933,Klasse 5,1031,Füllfederhalter Lamy Safari M,1,19.9,19.9,0
B01933,Klasse 5,1033,Tintenkiller Super Pirat (2er Pack),2,2.49,4.98,0
B01933,Klasse 5,1013,Klebestift Uhu Renature 21g,1,1.89,1.89,0
B01933,Klasse 5,1039,Schnellhefter A4 Kunststoff rot,2,0.5,1.0,0
B01934,Klasse 6,1015,Radiergummi soft (für Bleistifte),1,0.8,0.8,0
B01934,Klasse 6,1059,Karteikarten A7 liniert 100 Stück,1,1.49,1.49,0
B01934,Klasse 6,1043,Textmarker-Set 4 Farben Stabilo Boss,1,4.99,4.99,0
B01934,Klasse 6,1013,Klebestift Uhu Renature 21g,1,1.89,1.89,0
B01934,Klasse 6,1018,Tuschkasten K12 (12 Farben),1,9.95,9.95,0
B01935,Klasse 3,1020,Haarpinsel-Set (Größen 2/6/10),1,3.99,3.99,0
B01935,Klasse 3,1019,Borstenpinsel-Set (Größen 4/8/12),1,3.5,3.5,0
B01935,Klasse 3,1010,Knetmasse 10 Farben,1,3.49,3.49,0
B01935,Klasse 3,1014,Doppelanspitzer Dose Trio Grip,1,2.99,2.99,0
B01935,Klasse 3,1011,Bastelschere rund 13cm Rechtshänder,1,2.2,2.2,0
B01935,Klasse 3,1018,Tuschkasten K12 (12 Farben),1,9.95,9.95,0
B01935,Klasse 3,1022,Schreiblern-Füller Lamy ABC,1,14.5,14.5,0
B01935,Klasse 3,1042,Schnellhefter A4 Kunststoff orange,5,0.5,2.5,0
B01936,Klasse 2 & 9,1042,Schnellhefter A4 Kunststoff orange,3,0.5,1.5,1
B01936,Klasse 2 & 9,1016,Sammelbox A4 Karton blau,2,2.49,4.98,1
B01936,Klasse 2 & 9,1040,Schnellhefter A4 Kunststoff grün,2,0.5,1.0,1
B01936,Klasse 2 & 9,1015,Radiergummi soft (für Bleistifte),1,0.8,0.8,1
B01936,Klasse 2 & 9,1019,Borstenpinsel-Set (Größen 4/8/12),1,3.5,3.5,1
B01936,Klasse 2 & 9,1017,Zeichenblock A3 (20 Blatt),1,2.49,2.49,1
B01936,Klasse 2 & 9,1041,Schnellhefter A4 Kunststoff gelb,2,0.5,1.0,1
B01936,Klasse 2 & 9,1018,Tuschkasten K12 (12 Farben),1,9.95,9.95,1
B01937,Klasse 9,1040,Schnellhefter A4 Kunststoff grün,1,0.5,0.5,0
B01937,Klasse 9,1042,Schnellhefter A4 Kunststoff orange,3,0.5,1.5,0
B01937,Klasse 9,1025,Schulheft A4 kariert Lineatur 22 (16 Blatt),3,0.99,2.97,0
B01937,Klasse 9,1047,Wissenschaftlicher Taschenrechner Casio fx-87DE X,1,24.99,24.99,0
B01937,Klasse 9,1044,Fineliner 10er Set Stabilo Point 88,1,7.99,7.99,0
B01937,Klasse 9,1061,Tintenroller Pilot Frixion Ball 0.7 schwarz,2,3.29,6.58,0
B01937,Klasse 9,1033,Tintenkiller Super Pirat (2er Pack),1,2.49,2.49,0
B01938,Klasse 3 & 4,1040,Schnellhefter A4 Kunststoff grün,2,0.5,1.0,1
B01938,Klasse 3 & 4,1003,Schreiblernheft A4 Lineatur 3 (16 Blatt),2,0.99,1.98,1
B01938,Klasse 3 & 4,1042,Schnellhefter A4 Kunststoff orange,1,0.5,0.5,1
B01938,Klasse 3 & 4,1033,Tintenkiller Super Pirat (2er Pack),3,2.49,7.47,1
B01938,Klasse 3 & 4,1032,Tintenpatronen blau T10 (5er Pack),1,1.8,1.8,1
B01938,Klasse 3 & 4,1017,Zeichenblock A3 (20 Blatt),1,2.49,2.49,1
B01938,Klasse 3 & 4,1015,Radiergummi soft (für Bleistifte),1,0.8,0.8,1
B01938,Klasse 3 & 4,1014,Doppelanspitzer Dose Trio Grip,1,2.99,2.99,1
B01938,Klasse 3 & 4,1018,Tuschkasten K12 (12 Farben),1,9.95,9.95,1
B01938,Klasse 3 & 4,1011,Bastelschere rund 13cm Rechtshänder,1,2.2,2.2,1
B01938,Klasse 3 & 4,1019,Borstenpinsel-Set (Größen 4/8/12),1,3.5,3.5,1
B01938,Klasse 3 & 4,1004,Schulheft A4 Lineatur 4 (16 Blatt),5,0.99,4.95,1
B01938,Klasse 3 & 4,1012,Bastelschere rund 13cm Linkshänder,1,2.2,2.2,1
B01939,Klasse 1,1039,Schnellhefter A4 Kunststoff rot,3,0.5,1.5,0
B01939,Klasse 1,1009,Wachsmalkreiden 12er Set (wasservermalbar),1,6.99,6.99,0
B01939,Klasse 1,1012,Bastelschere rund 13cm Linkshänder,1,2.2,2.2,0
B01939,Klasse 1,1014,Doppelanspitzer Dose Trio Grip,1,2.99,2.99,0
B01940,Klasse 3,1042,Schnellhefter A4 Kunststoff orange,3,0.5,1.5,0
B01940,Klasse 3,1033,Tintenkiller Super Pirat (2er Pack),1,2.49,2.49,0
B01940,Klasse 3,1023,Hausaufgabenheft Grundschule A5,1,1.99,1.99,0
B01940,Klasse 3,1020,Haarpinsel-Set (Größen 2/6/10),1,3.99,3.99,0
B01941,Klasse 11,1052,Formelsammlung Mathematik/Physik/Chemie Duden,1,12.99,12.99,0
B01941,Klasse 11,1050,Oxford Collegeblock A4 liniert (90g Papier),10,2.79,27.9,0
B01942,Klasse 10,1029,Geodreieck 16 cm transparent Aristo,1,1.2,1.2,0
B01942,Klasse 10,1040,Schnellhefter A4 Kunststoff grün,1,0.5,0.5,0
B01943,Klasse 1 & 7,1034,Schulkompass Zirkel Staedtler,1,8.5,8.5,1
B01943,Klasse 1 & 7,1055,Kugelschreiber Grip 2011 M blau (dokumentenecht),1,4.5,4.5,1
B01943,Klasse 1 & 7,1046,Ordner A4 breit 80mm schwarz,1,3.49,3.49,1
B01943,Klasse 1 & 7,1041,Schnellhefter A4 Kunststoff gelb,1,0.5,0.5,1
B01943,Klasse 1 & 7,1033,Tintenkiller Super Pirat (2er Pack),2,2.49,4.98,1
B01943,Klasse 1 & 7,1047,Wissenschaftlicher Taschenrechner Casio fx-87DE X,1,24.99,24.99,1
B01943,Klasse 1 & 7,1027,Collegeblock A4 kariert (80 Blatt),2,1.79,3.58,1
B01943,Klasse 1 & 7,1021,Knete-Unterlage Kunststoff A3,1,1.99,1.99,1
B01943,Klasse 1 & 7,1038,Schnellhefter A4 Kunststoff blau,2,0.5,1.0,1
B01943,Klasse 1 & 7,1011,Bastelschere rund 13cm Rechtshänder,1,2.2,2.2,1
B01943,Klasse 1 & 7,1002,Schreiblernheft A4 Lineatur 2 (16 Blatt),3,0.99,2.97,1
B01943,Klasse 1 & 7,1008,Buntstifte 12er Set dreikant (dick),1,5.49,5.49,1
B01943,Klasse 1 & 7,1042,Schnellhefter A4 Kunststoff orange,2,0.5,1.0,1
B01944,Klasse 7,1033,Tintenkiller Super Pirat (2er Pack),2,2.49,4.98,0
B01944,Klasse 7,1047,Wissenschaftlicher Taschenrechner Casio fx-87DE X,1,24.99,24.99,0
B01944,Klasse 7,1027,Collegeblock A4 kariert (80 Blatt),5,1.79,8.95,0
B01944,Klasse 7,1060,Prospekthüllen A4 transparent 100er Pack,1,3.99,3.99,0
B01944,Klasse 7,1046,Ordner A4 breit 80mm schwarz,1,3.49,3.49,0
B01944,Klasse 7,1030,Geodreieck 22 cm Griff transparent,1,2.1,2.1,0
B01945,Klasse 1,1019,Borstenpinsel-Set (Größen 4/8/12),1,3.5,3.5,0
B01945,Klasse 1,1012,Bastelschere rund 13cm Linkshänder,1,2.2,2.2,0
B01945,Klasse 1,1015,Radiergummi soft (für Bleistifte),1,0.8,0.8,0
B01945,Klasse 1,1017,Zeichenblock A3 (20 Blatt),1,2.49,2.49,0
B01945,Klasse 1,1042,Schnellhefter A4 Kunststoff orange,2,0.5,1.0,0
B01946,Klasse 8,1061,Tintenroller Pilot Frixion Ball 0.7 schwarz,2,3.29,6.58,0
B01946,Klasse 8,1040,Schnellhefter A4 Kunststoff grün,3,0.5,1.5,0
B01946,Klasse 8,1048,Hausaufgabenheft A5 Classic,1,1.99,1.99,0
B01946,Klasse 8,1018,Tuschkasten K12 (12 Farben),1,9.95,9.95,0
B01946,Klasse 8,1025,Schulheft A4 kariert Lineatur 22 (16 Blatt),3,0.99,2.97,0
B01946,Klasse 8,1028,Collegeblock A4 liniert (80 Blatt),1,1.79,1.79,0
B01947,Klasse 2 & 6,1017,Zeichenblock A3 (20 Blatt),1,2.49,2.49,1
B01947,Klasse 2 & 6,1031,Füllfederhalter Lamy Safari M,1,19.9,19.9,1
B01947,Klasse 2 & 6,1029,Geodreieck 16 cm transparent Aristo,1,1.2,1.2,1
B01947,Klasse 2 & 6,1039,Schnellhefter A4 Kunststoff rot,2,0.5,1.0,1
B01947,Klasse 2 & 6,1020,Haarpinsel-Set (Größen 2/6/10),1,3.99,3.99,1
B01947,Klasse 2 & 6,1010,Knetmasse 10 Farben,1,3.49,3.49,1
B01947,Klasse 2 & 6,1042,Schnellhefter A4 Kunststoff orange,2,0.5,1.0,1
B01947,Klasse 2 & 6,1021,Knete-Unterlage Kunststoff A3,1,1.99,1.99,1
B01947,Klasse 2 & 6,1040,Schnellhefter A4 Kunststoff grün,2,0.5,1.0,1
B01947,Klasse 2 & 6,1018,Tuschkasten K12 (12 Farben),1,9.95,9.95,1
B01948,Klasse 11,1051,Grafikrechner Casio FX-CG50,1,119.0,119.0,0
B01948,Klasse 11,1044,Fineliner 10er Set Stabilo Point 88,1,7.99,7.99,0
B01948,Klasse 11,1028,Collegeblock A4 liniert (80 Blatt),2,1.79,3.58,0
B01948,Klasse 11,1057,Textmarker-Set Pastell 6 Farben Stabilo Boss,1,6.99,6.99,0
B01948,Klasse 11,1041,Schnellhefter A4 Kunststoff gelb,2,0.5,1.0,0
B01949,Klasse 11,1051,Grafikrechner Casio FX-CG50,1,119.0,119.0,0
B01949,Klasse 11,1030,Geodreieck 22 cm Griff transparent,1,2.1,2.1,0
B01950,Klasse 12,1044,Fineliner 10er Set Stabilo Point 88,1,7.99,7.99,0
B01950,Klasse 12,1028,Collegeblock A4 liniert (80 Blatt),3,1.79,5.37,0
B01950,Klasse 12,1061,Tintenroller Pilot Frixion Ball 0.7 schwarz,5,3.29,16.45,0
B01951,Klasse 4,1023,Hausaufgabenheft Grundschule A5,1,1.99,1.99,0
B01951,Klasse 4,1008,Buntstifte 12er Set dreikant (dick),1,5.49,5.49,0
B01951,Klasse 4,1019,Borstenpinsel-Set (Größen 4/8/12),1,3.5,3.5,0
B01951,Klasse 4,1038,Schnellhefter A4 Kunststoff blau,3,0.5,1.5,0
B01951,Klasse 4,1013,Klebestift Uhu Renature 21g,1,1.89,1.89,0
B01951,Klasse 4,1011,Bastelschere rund 13cm Rechtshänder,1,2.2,2.2,0
B01951,Klasse 4,1041,Schnellhefter A4 Kunststoff gelb,1,0.5,0.5,0
B01951,Klasse 4,1014,Doppelanspitzer Dose Trio Grip,1,2.99,2.99,0
B01951,Klasse 4,1016,Sammelbox A4 Karton blau,3,2.49,7.47,0
B01952,Klasse 8,1028,Collegeblock A4 liniert (80 Blatt),3,1.79,5.37,0
B01952,Klasse 8,1035,Buntstifte 24er Set dreikant,1,8.99,8.99,0
B01952,Klasse 8,1030,Geodreieck 22 cm Griff transparent,1,2.1,2.1,0
B01952,Klasse 8,1026,Vokabelheft A5 Lineatur 53 (32 Blatt),3,1.29,3.87,0
B01952,Klasse 8,1038,Schnellhefter A4 Kunststoff blau,3,0.5,1.5,0
B01953,Klasse 8,1035,Buntstifte 24er Set dreikant,1,8.99,8.99,0
B01953,Klasse 8,1046,Ordner A4 breit 80mm schwarz,5,3.49,17.45,0
B01953,Klasse 8,1017,Zeichenblock A3 (20 Blatt),1,2.49,2.49,0
B01954,Klasse 10,1059,Karteikarten A7 liniert 100 Stück,1,1.49,1.49,0
B01954,Klasse 10,1015,Radiergummi soft (für Bleistifte),1,0.8,0.8,0
B01954,Klasse 10,1060,Prospekthüllen A4 transparent 100er Pack,1,3.99,3.99,0
B01954,Klasse 10,1018,Tuschkasten K12 (12 Farben),1,9.95,9.95,0
B01954,Klasse 10,1034,Schulkompass Zirkel Staedtler,1,8.5,8.5,0
B01955,Klasse 8,1039,Schnellhefter A4 Kunststoff rot,5,0.5,2.5,0
B01955,Klasse 8,1032,Tintenpatronen blau T10 (5er Pack),3,1.8,5.4,0
B01955,Klasse 8,1027,Collegeblock A4 kariert (80 Blatt),2,1.79,3.58,0
B01955,Klasse 8,1045,Ringbuch A4 schmal 25mm,2,2.99,5.98,0
B01955,Klasse 8,1047,Wissenschaftlicher Taschenrechner Casio fx-87DE X,1,24.99,24.99,0
B01956,Klasse 10,1029,Geodreieck 16 cm transparent Aristo,1,1.2,1.2,0
B01956,Klasse 10,1046,Ordner A4 breit 80mm schwarz,1,3.49,3.49,0
B01956,Klasse 10,1040,Schnellhefter A4 Kunststoff grün,2,0.5,1.0,0
B01956,Klasse 10,1059,Karteikarten A7 liniert 100 Stück,1,1.49,1.49,0
B01957,Klasse 11,1049,Oxford Collegeblock A4 kariert (90g Papier),3,2.79,8.37,0
B01957,Klasse 11,1052,Formelsammlung Mathematik/Physik/Chemie Duden,1,12.99,12.99,0
B01957,Klasse 11,1057,Textmarker-Set Pastell 6 Farben Stabilo Boss,1,6.99,6.99,0
B01958,Klasse 9,1055,Kugelschreiber Grip 2011 M blau (dokumentenecht),3,4.5,13.5,0
B01958,Klasse 9,1026,Vokabelheft A5 Lineatur 53 (32 Blatt),2,1.29,2.58,0
B01958,Klasse 9,1056,Kugelschreiber Grip 2011 M schwarz,2,4.5,9.0,0
B01959,Klasse 1,1023,Hausaufgabenheft Grundschule A5,1,1.99,1.99,0
B01959,Klasse 1,1020,Haarpinsel-Set (Größen 2/6/10),1,3.99,3.99,0
B01959,Klasse 1,1001,Schreiblernheft A4 Lineatur 1 (16 Blatt),2,0.99,1.98,0
B01959,Klasse 1,1038,Schnellhefter A4 Kunststoff blau,3,0.5,1.5,0
B01959,Klasse 1,1042,Schnellhefter A4 Kunststoff orange,2,0.5,1.0,0
B01959,Klasse 1,1040,Schnellhefter A4 Kunststoff grün,2,0.5,1.0,0
B01959,Klasse 1,1010,Knetmasse 10 Farben,1,3.49,3.49,0
B01959,Klasse 1,1013,Klebestift Uhu Renature 21g,1,1.89,1.89,0
B01960,Klasse 6,1043,Textmarker-Set 4 Farben Stabilo Boss,1,4.99,4.99,0
B01960,Klasse 6,1048,Hausaufgabenheft A5 Classic,1,1.99,1.99,0
B01960,Klasse 6,1038,Schnellhefter A4 Kunststoff blau,1,0.5,0.5,0
B01961,Klasse 12,1054,Ringbucheinlagen A4 kariert 100 Blatt,3,2.29,6.87,0
B01961,Klasse 12,1057,Textmarker-Set Pastell 6 Farben Stabilo Boss,1,6.99,6.99,0
B01961,Klasse 12,1027,Collegeblock A4 kariert (80 Blatt),3,1.79,5.37,0
B01962,Klasse 7,1028,Collegeblock A4 liniert (80 Blatt),3,1.79,5.37,0
B01962,Klasse 7,1040,Schnellhefter A4 Kunststoff grün,1,0.5,0.5,0
B01962,Klasse 7,1045,Ringbuch A4 schmal 25mm,2,2.99,5.98,0
B01962,Klasse 7,1013,Klebestift Uhu Renature 21g,1,1.89,1.89,0
B01962,Klasse 7,1041,Schnellhefter A4 Kunststoff gelb,2,0.5,1.0,0
B01962,Klasse 7,1029,Geodreieck 16 cm transparent Aristo,1,1.2,1.2,0
B01963,Klasse 7,1024,Schulheft A4 liniert Lineatur 21 (16 Blatt),1,0.99,0.99,0
B01963,Klasse 7,1031,Füllfederhalter Lamy Safari M,1,19.9,19.9,0
B01963,Klasse 7,1040,Schnellhefter A4 Kunststoff grün,2,0.5,1.0,0
B01964,Klasse 12,1028,Collegeblock A4 liniert (80 Blatt),3,1.79,5.37,0
B01964,Klasse 12,1056,Kugelschreiber Grip 2011 M schwarz,2,4.5,9.0,0
B01964,Klasse 12,1030,Geodreieck 22 cm Griff transparent,1,2.1,2.1,0
B01964,Klasse 12,1054,Ringbucheinlagen A4 kariert 100 Blatt,5,2.29,11.45,0
B01965,Klasse 6,1043,Textmarker-Set 4 Farben Stabilo Boss,1,4.99,4.99,0
B01965,Klasse 6,1036,Bleistift HB Grip 2001 Faber-Castell,1,1.5,1.5,0
B01965,Klasse 6,1026,Vokabelheft A5 Lineatur 53 (32 Blatt),5,1.29,6.45,0
B01965,Klasse 6,1032,Tintenpatronen blau T10 (5er Pack),1,1.8,1.8,0
B01965,Klasse 6,1013,Klebestift Uhu Renature 21g,1,1.89,1.89,0
B01965,Klasse 6,1027,Collegeblock A4 kariert (80 Blatt),10,1.79,17.9,0
B01965,Klasse 6,1019,Borstenpinsel-Set (Größen 4/8/12),1,3.5,3.5,0
B01966,Klasse 9,1057,Textmarker-Set Pastell 6 Farben Stabilo Boss,1,6.99,6.99,0
B01966,Klasse 9,1028,Collegeblock A4 liniert (80 Blatt),3,1.79,5.37,0
B01966,Klasse 9,1026,Vokabelheft A5 Lineatur 53 (32 Blatt),2,1.29,2.58,0
B01967,Klasse 10,1050,Oxford Collegeblock A4 liniert (90g Papier),2,2.79,5.58,0
B01967,Klasse 10,1053,Ringbucheinlagen A4 liniert 100 Blatt,5,2.29,11.45,0
B01967,Klasse 10,1056,Kugelschreiber Grip 2011 M schwarz,3,4.5,13.5,0
B01967,Klasse 10,1059,Karteikarten A7 liniert 100 Stück,1,1.49,1.49,0
B01967,Klasse 10,1042,Schnellhefter A4 Kunststoff orange,3,0.5,1.5,0
B01968,Klasse 8,1058,Haftnotizen Post-it 76x76mm gelb,1,1.99,1.99,0
B01968,Klasse 8,1030,Geodreieck 22 cm Griff transparent,1,2.1,2.1,0
B01968,Klasse 8,1055,Kugelschreiber Grip 2011 M blau (dokumentenecht),2,4.5,9.0,0
B01968,Klasse 8,1047,Wissenschaftlicher Taschenrechner Casio fx-87DE X,1,24.99,24.99,0
B01968,Klasse 8,1059,Karteikarten A7 liniert 100 Stück,1,1.49,1.49,0
B01968,Klasse 8,1037,Lineal 30cm Kunststoff transparent,1,1.1,1.1,0
B01969,Klasse 8,1036,Bleistift HB Grip 2001 Faber-Castell,1,1.5,1.5,0
B01969,Klasse 8,1055,Kugelschreiber Grip 2011 M blau (dokumentenecht),3,4.5,13.5,0
B01969,Klasse 8,1041,Schnellhefter A4 Kunststoff gelb,3,0.5,1.5,0
B01969,Klasse 8,1027,Collegeblock A4 kariert (80 Blatt),3,1.79,5.37,0
B01970,Klasse 6,1031,Füllfederhalter Lamy Safari M,1,19.9,19.9,0
B01970,Klasse 6,1024,Schulheft A4 liniert Lineatur 21 (16 Blatt),3,0.99,2.97,0
B01970,Klasse 6,1029,Geodreieck 16 cm transparent Aristo,1,1.2,1.2,0
B01970,Klasse 6,1027,Collegeblock A4 kariert (80 Blatt),10,1.79,17.9,0
B01971,Klasse 1 & 2,1008,Buntstifte 12er Set dreikant (dick),1,5.49,5.49,1
B01971,Klasse 1 & 2,1019,Borstenpinsel-Set (Größen 4/8/12),1,3.5,3.5,1
B01971,Klasse 1 & 2,1007,Schreiblernbleistift Trio Grip (dick),3,1.99,5.97,1
B01971,Klasse 1 & 2,1005,Rechenheft A4 Lineatur 7 (7x7mm Kästchen),2,0.99,1.98,1
B01971,Klasse 1 & 2,1002,Schreiblernheft A4 Lineatur 2 (16 Blatt),5,0.99,4.95,1
B01971,Klasse 1 & 2,1009,Wachsmalkreiden 12er Set (wasservermalbar),1,6.99,6.99,1
B01971,Klasse 1 & 2,1039,Schnellhefter A4 Kunststoff rot,3,0.5,1.5,1
B01971,Klasse 1 & 2,1023,Hausaufgabenheft Grundschule A5,1,1.99,1.99,1
B01971,Klasse 1 & 2,1041,Schnellhefter A4 Kunststoff gelb,3,0.5,1.5,1
B01971,Klasse 1 & 2,1016,Sammelbox A4 Karton blau,1,2.49,2.49,1
B01971,Klasse 1 & 2,1013,Klebestift Uhu Renature 21g,1,1.89,1.89,1
B01971,Klasse 1 & 2,1012,Bastelschere rund 13cm Linkshänder,1,2.2,2.2,1
B01972,Klasse 8,1037,Lineal 30cm Kunststoff transparent,1,1.1,1.1,0
B01972,Klasse 8,1035,Buntstifte 24er Set dreikant,1,8.99,8.99,0
B01972,Klasse 8,1042,Schnellhefter A4 Kunststoff orange,2,0.5,1.0,0
B01972,Klasse 8,1041,Schnellhefter A4 Kunststoff gelb,2,0.5,1.0,0
B01973,Klasse 7,1026,Vokabelheft A5 Lineatur 53 (32 Blatt),3,1.29,3.87,0
B01973,Klasse 7,1061,Tintenroller Pilot Frixion Ball 0.7 schwarz,1,3.29,3.29,0
B01973,Klasse 7,1056,Kugelschreiber Grip 2011 M schwarz,2,4.5,9.0,0
B01973,Klasse 7,1022,Schreiblern-Füller Lamy ABC,1,14.5,14.5,0
B01973,Klasse 7,1024,Schulheft A4 liniert Lineatur 21 (16 Blatt),1,0.99,0.99,0
B01973,Klasse 7,1020,Haarpinsel-Set (Größen 2/6/10),1,3.99,3.99,0
B01974,Klasse 1,1021,Knete-Unterlage Kunststoff A3,1,1.99,1.99,0
B01974,Klasse 1,1002,Schreiblernheft A4 Lineatur 2 (16 Blatt),2,0.99,1.98,0
B01974,Klasse 1,1001,Schreiblernheft A4 Lineatur 1 (16 Blatt),10,0.99,9.9,0
B01974,Klasse 1,1009,Wachsmalkreiden 12er Set (wasservermalbar),1,6.99,6.99,0
B01974,Klasse 1,1013,Klebestift Uhu Renature 21g,1,1.89,1.89,0
B01974,Klasse 1,1038,Schnellhefter A4 Kunststoff blau,1,0.5,0.5,0
B01974,Klasse 1,1014,Doppelanspitzer Dose Trio Grip,1,2.99,2.99,0
B01975,Klasse 5,1024,Schulheft A4 liniert Lineatur 21 (16 Blatt),3,0.99,2.97,0
B01975,Klasse 5,1038,Schnellhefter A4 Kunststoff blau,3,0.5,1.5,0
B01975,Klasse 5,1019,Borstenpinsel-Set (Größen 4/8/12),1,3.5,3.5,0
B01975,Klasse 5,1033,Tintenkiller Super Pirat (2er Pack),2,2.49,4.98,0
B01975,Klasse 5,1013,Klebestift Uhu Renature 21g,1,1.89,1.89,0
B01975,Klasse 5,1020,Haarpinsel-Set (Größen 2/6/10),1,3.99,3.99,0
B01975,Klasse 5,1043,Textmarker-Set 4 Farben Stabilo Boss,1,4.99,4.99,0
B01976,Klasse 3,1041,Schnellhefter A4 Kunststoff gelb,1,0.5,0.5,0
B01976,Klasse 3,1017,Zeichenblock A3 (20 Blatt),1,2.49,2.49,0
B01976,Klasse 3,1039,Schnellhefter A4 Kunststoff rot,2,0.5,1.0,0
B01976,Klasse 3,1004,Schulheft A4 Lineatur 4 (16 Blatt),3,0.99,2.97,0
B01976,Klasse 3,1023,Hausaufgabenheft Grundschule A5,1,1.99,1.99,0
B01976,Klasse 3,1022,Schreiblern-Füller Lamy ABC,1,14.5,14.5,0
B01976,Klasse 3,1032,Tintenpatronen blau T10 (5er Pack),2,1.8,3.6,0
B01977,Klasse 1,1020,Haarpinsel-Set (Größen 2/6/10),1,3.99,3.99,0
B01977,Klasse 1,1013,Klebestift Uhu Renature 21g,1,1.89,1.89,0
B01977,Klasse 1,1021,Knete-Unterlage Kunststoff A3,1,1.99,1.99,0
B01977,Klasse 1,1005,Rechenheft A4 Lineatur 7 (7x7mm Kästchen),3,0.99,2.97,0
B01977,Klasse 1,1012,Bastelschere rund 13cm Linkshänder,1,2.2,2.2,0
B01977,Klasse 1,1017,Zeichenblock A3 (20 Blatt),1,2.49,2.49,0
B01977,Klasse 1,1042,Schnellhefter A4 Kunststoff orange,1,0.5,0.5,0
B01977,Klasse 1,1043,Textmarker-Set 4 Farben Stabilo Boss,1,4.99,4.99,0
B01977,Klasse 1,1016,Sammelbox A4 Karton blau,2,2.49,4.98,0
B01978,Klasse 5 & 12,1042,Schnellhefter A4 Kunststoff orange,2,0.5,1.0,1
B01978,Klasse 5 & 12,1044,Fineliner 10er Set Stabilo Point 88,1,7.99,7.99,1
B01978,Klasse 5 & 12,1013,Klebestift Uhu Renature 21g,1,1.89,1.89,1
B01978,Klasse 5 & 12,1037,Lineal 30cm Kunststoff transparent,1,1.1,1.1,1
B01978,Klasse 5 & 12,1041,Schnellhefter A4 Kunststoff gelb,2,0.5,1.0,1
B01978,Klasse 5 & 12,1036,Bleistift HB Grip 2001 Faber-Castell,5,1.5,7.5,1
B01978,Klasse 5 & 12,1058,Haftnotizen Post-it 76x76mm gelb,1,1.99,1.99,1
B01978,Klasse 5 & 12,1059,Karteikarten A7 liniert 100 Stück,1,1.49,1.49,1
B01978,Klasse 5 & 12,1049,Oxford Collegeblock A4 kariert (90g Papier),5,2.79,13.95,1
B01978,Klasse 5 & 12,1027,Collegeblock A4 kariert (80 Blatt),5,1.79,8.95,1
B01979,Klasse 12,1015,Radiergummi soft (für Bleistifte),1,0.8,0.8,0
B01979,Klasse 12,1056,Kugelschreiber Grip 2011 M schwarz,3,4.5,13.5,0
B01979,Klasse 12,1029,Geodreieck 16 cm transparent Aristo,1,1.2,1.2,0
B01979,Klasse 12,1055,Kugelschreiber Grip 2011 M blau (dokumentenecht),2,4.5,9.0,0
B01980,Klasse 1,1039,Schnellhefter A4 Kunststoff rot,3,0.5,1.5,0
B01980,Klasse 1,1014,Doppelanspitzer Dose Trio Grip,1,2.99,2.99,0
B01980,Klasse 1,1041,Schnellhefter A4 Kunststoff gelb,2,0.5,1.0,0
B01980,Klasse 1,1007,Schreiblernbleistift Trio Grip (dick),2,1.99,3.98,0
B01980,Klasse 1,1005,Rechenheft A4 Lineatur 7 (7x7mm Kästchen),1,0.99,0.99,0
B01981,Klasse 8,1019,Borstenpinsel-Set (Größen 4/8/12),1,3.5,3.5,0
B01981,Klasse 8,1035,Buntstifte 24er Set dreikant,1,8.99,8.99,0
B01981,Klasse 8,1060,Prospekthüllen A4 transparent 100er Pack,1,3.99,3.99,0
B01981,Klasse 8,1040,Schnellhefter A4 Kunststoff grün,5,0.5,2.5,0
B01981,Klasse 8,1039,Schnellhefter A4 Kunststoff rot,3,0.5,1.5,0
B01981,Klasse 8,1056,Kugelschreiber Grip 2011 M schwarz,2,4.5,9.0,0
B01982,Klasse 4 & 11,1028,Collegeblock A4 liniert (80 Blatt),5,1.79,8.95,1
B01982,Klasse 4 & 11,1015,Radiergummi soft (für Bleistifte),1,0.8,0.8,1
B01982,Klasse 4 & 11,1056,Kugelschreiber Grip 2011 M schwarz,1,4.5,4.5,1
B01982,Klasse 4 & 11,1046,Ordner A4 breit 80mm schwarz,5,3.49,17.45,1
B01982,Klasse 4 & 11,1041,Schnellhefter A4 Kunststoff gelb,3,0.5,1.5,1
B01982,Klasse 4 & 11,1038,Schnellhefter A4 Kunststoff blau,3,0.5,1.5,1
B01982,Klasse 4 & 11,1014,Doppelanspitzer Dose Trio Grip,1,2.99,2.99,1
B01982,Klasse 4 & 11,1031,Füllfederhalter Lamy Safari M,1,19.9,19.9,1
B01983,Klasse 9 & 11,1056,Kugelschreiber Grip 2011 M schwarz,1,4.5,4.5,1
B01983,Klasse 9 & 11,1060,Prospekthüllen A4 transparent 100er Pack,1,3.99,3.99,1
B01983,Klasse 9 & 11,1030,Geodreieck 22 cm Griff transparent,1,2.1,2.1,1
B01983,Klasse 9 & 11,1049,Oxford Collegeblock A4 kariert (90g Papier),3,2.79,8.37,1
B01983,Klasse 9 & 11,1058,Haftnotizen Post-it 76x76mm gelb,1,1.99,1.99,1
B01983,Klasse 9 & 11,1045,Ringbuch A4 schmal 25mm,1,2.99,2.99,1
B01983,Klasse 9 & 11,1024,Schulheft A4 liniert Lineatur 21 (16 Blatt),10,0.99,9.9,1
B01983,Klasse 9 & 11,1042,Schnellhefter A4 Kunststoff orange,2,0.5,1.0,1
B01983,Klasse 9 & 11,1018,Tuschkasten K12 (12 Farben),1,9.95,9.95,1
B01984,Klasse 4,1006,Rechenheft A4 Lineatur 8 (5x5mm Kästchen),3,0.99,2.97,0
B01984,Klasse 4,1033,Tintenkiller Super Pirat (2er Pack),3,2.49,7.47,0
B01984,Klasse 4,1014,Doppelanspitzer Dose Trio Grip,1,2.99,2.99,0
B01984,Klasse 4,1015,Radiergummi soft (für Bleistifte),1,0.8,0.8,0
B01984,Klasse 4,1024,Schulheft A4 liniert Lineatur 21 (16 Blatt),3,0.99,2.97,0
B01984,Klasse 4,1042,Schnellhefter A4 Kunststoff orange,3,0.5,1.5,0
B01984,Klasse 4,1008,Buntstifte 12er Set dreikant (dick),1,5.49,5.49,0
B01984,Klasse 4,1039,Schnellhefter A4 Kunststoff rot,1,0.5,0.5,0
B01985,Klasse 1 & 11,1007,Schreiblernbleistift Trio Grip (dick),1,1.99,1.99,1
B01985,Klasse 1 & 11,1010,Knetmasse 10 Farben,1,3.49,3.49,1
B01985,Klasse 1 & 11,1039,Schnellhefter A4 Kunststoff rot,1,0.5,0.5,1
B01985,Klasse 1 & 11,1018,Tuschkasten K12 (12 Farben),1,9.95,9.95,1
B01985,Klasse 1 & 11,1020,Haarpinsel-Set (Größen 2/6/10),1,3.99,3.99,1
B01985,Klasse 1 & 11,1050,Oxford Collegeblock A4 liniert (90g Papier),2,2.79,5.58,1
B01985,Klasse 1 & 11,1029,Geodreieck 16 cm transparent Aristo,1,1.2,1.2,1
B01985,Klasse 1 & 11,1054,Ringbucheinlagen A4 kariert 100 Blatt,5,2.29,11.45,1
B01986,Klasse 10 & 12,1030,Geodreieck 22 cm Griff transparent,1,2.1,2.1,1
B01986,Klasse 10 & 12,1029,Geodreieck 16 cm transparent Aristo,1,1.2,1.2,1
B01986,Klasse 10 & 12,1061,Tintenroller Pilot Frixion Ball 0.7 schwarz,2,3.29,6.58,1
B01986,Klasse 10 & 12,1046,Ordner A4 breit 80mm schwarz,2,3.49,6.98,1
B01986,Klasse 10 & 12,1054,Ringbucheinlagen A4 kariert 100 Blatt,5,2.29,11.45,1
B01986,Klasse 10 & 12,1018,Tuschkasten K12 (12 Farben),1,9.95,9.95,1
B01986,Klasse 10 & 12,1041,Schnellhefter A4 Kunststoff gelb,3,0.5,1.5,1
B01987,Klasse 11,1015,Radiergummi soft (für Bleistifte),1,0.8,0.8,0
B01987,Klasse 11,1041,Schnellhefter A4 Kunststoff gelb,3,0.5,1.5,0
B01987,Klasse 11,1028,Collegeblock A4 liniert (80 Blatt),1,1.79,1.79,0
B01987,Klasse 11,1059,Karteikarten A7 liniert 100 Stück,1,1.49,1.49,0
B01988,Klasse 8,1041,Schnellhefter A4 Kunststoff gelb,2,0.5,1.0,0
B01988,Klasse 8,1028,Collegeblock A4 liniert (80 Blatt),3,1.79,5.37,0
B01988,Klasse 8,1055,Kugelschreiber Grip 2011 M blau (dokumentenecht),2,4.5,9.0,0
B01988,Klasse 8,1046,Ordner A4 breit 80mm schwarz,3,3.49,10.47,0
B01989,Klasse 8 & 12,1027,Collegeblock A4 kariert (80 Blatt),10,1.79,17.9,1
B01989,Klasse 8 & 12,1060,Prospekthüllen A4 transparent 100er Pack,1,3.99,3.99,1
B01989,Klasse 8 & 12,1033,Tintenkiller Super Pirat (2er Pack),2,2.49,4.98,1
B01989,Klasse 8 & 12,1044,Fineliner 10er Set Stabilo Point 88,1,7.99,7.99,1
B01989,Klasse 8 & 12,1037,Lineal 30cm Kunststoff transparent,1,1.1,1.1,1
B01989,Klasse 8 & 12,1031,Füllfederhalter Lamy Safari M,1,19.9,19.9,1
B01989,Klasse 8 & 12,1040,Schnellhefter A4 Kunststoff grün,1,0.5,0.5,1
B01989,Klasse 8 & 12,1038,Schnellhefter A4 Kunststoff blau,3,0.5,1.5,1
B01990,Klasse 2,1039,Schnellhefter A4 Kunststoff rot,5,0.5,2.5,0
B01990,Klasse 2,1022,Schreiblern-Füller Lamy ABC,1,14.5,14.5,0
B01990,Klasse 2,1017,Zeichenblock A3 (20 Blatt),1,2.49,2.49,0
B01990,Klasse 2,1007,Schreiblernbleistift Trio Grip (dick),2,1.99,3.98,0
B01991,Klasse 9,1043,Textmarker-Set 4 Farben Stabilo Boss,1,4.99,4.99,0
B01991,Klasse 9,1028,Collegeblock A4 liniert (80 Blatt),5,1.79,8.95,0
B01991,Klasse 9,1027,Collegeblock A4 kariert (80 Blatt),3,1.79,5.37,0
B01992,Klasse 4,1042,Schnellhefter A4 Kunststoff orange,3,0.5,1.5,0
B01992,Klasse 4,1017,Zeichenblock A3 (20 Blatt),1,2.49,2.49,0
B01992,Klasse 4,1015,Radiergummi soft (für Bleistifte),1,0.8,0.8,0
B01992,Klasse 4,1036,Bleistift HB Grip 2001 Faber-Castell,5,1.5,7.5,0
B01992,Klasse 4,1060,Prospekthüllen A4 transparent 100er Pack,1,3.99,3.99,0
B01992,Klasse 4,1011,Bastelschere rund 13cm Rechtshänder,1,2.2,2.2,0
B01992,Klasse 4,1025,Schulheft A4 kariert Lineatur 22 (16 Blatt),3,0.99,2.97,0
B01992,Klasse 4,1039,Schnellhefter A4 Kunststoff rot,5,0.5,2.5,0
B01993,Klasse 7,1017,Zeichenblock A3 (20 Blatt),1,2.49,2.49,0
B01993,Klasse 7,1035,Buntstifte 24er Set dreikant,1,8.99,8.99,0
B01993,Klasse 7,1030,Geodreieck 22 cm Griff transparent,1,2.1,2.1,0
B01993,Klasse 7,1037,Lineal 30cm Kunststoff transparent,1,1.1,1.1,0
B01993,Klasse 7,1028,Collegeblock A4 liniert (80 Blatt),5,1.79,8.95,0
B01993,Klasse 7,1045,Ringbuch A4 schmal 25mm,5,2.99,14.95,0
B01993,Klasse 7,1041,Schnellhefter A4 Kunststoff gelb,3,0.5,1.5,0
B01994,Klasse 10,1052,Formelsammlung Mathematik/Physik/Chemie Duden,1,12.99,12.99,0
B01994,Klasse 10,1059,Karteikarten A7 liniert 100 Stück,1,1.49,1.49,0
B01994,Klasse 10,1025,Schulheft A4 kariert Lineatur 22 (16 Blatt),3,0.99,2.97,0
B01995,Klasse 4 & 5,1036,Bleistift HB Grip 2001 Faber-Castell,3,1.5,4.5,1
B01995,Klasse 4 & 5,1015,Radiergummi soft (für Bleistifte),1,0.8,0.8,1
B01995,Klasse 4 & 5,1019,Borstenpinsel-Set (Größen 4/8/12),1,3.5,3.5,1
B01995,Klasse 4 & 5,1033,Tintenkiller Super Pirat (2er Pack),1,2.49,2.49,1
B01995,Klasse 4 & 5,1004,Schulheft A4 Lineatur 4 (16 Blatt),2,0.99,1.98,1
B01995,Klasse 4 & 5,1017,Zeichenblock A3 (20 Blatt),1,2.49,2.49,1
B01995,Klasse 4 & 5,1024,Schulheft A4 liniert Lineatur 21 (16 Blatt),5,0.99,4.95,1
B01995,Klasse 4 & 5,1043,Textmarker-Set 4 Farben Stabilo Boss,1,4.99,4.99,1
B01995,Klasse 4 & 5,1014,Doppelanspitzer Dose Trio Grip,1,2.99,2.99,1
B01995,Klasse 4 & 5,1020,Haarpinsel-Set (Größen 2/6/10),1,3.99,3.99,1
B01996,Klasse 2 & 4,1019,Borstenpinsel-Set (Größen 4/8/12),1,3.5,3.5,1
B01996,Klasse 2 & 4,1040,Schnellhefter A4 Kunststoff grün,5,0.5,2.5,1
B01996,Klasse 2 & 4,1011,Bastelschere rund 13cm Rechtshänder,1,2.2,2.2,1
B01996,Klasse 2 & 4,1020,Haarpinsel-Set (Größen 2/6/10),1,3.99,3.99,1
B01996,Klasse 2 & 4,1012,Bastelschere rund 13cm Linkshänder,1,2.2,2.2,1
B01996,Klasse 2 & 4,1042,Schnellhefter A4 Kunststoff orange,2,0.5,1.0,1
B01996,Klasse 2 & 4,1016,Sammelbox A4 Karton blau,3,2.49,7.47,1
B01996,Klasse 2 & 4,1004,Schulheft A4 Lineatur 4 (16 Blatt),1,0.99,0.99,1
B01996,Klasse 2 & 4,1013,Klebestift Uhu Renature 21g,1,1.89,1.89,1
B01996,Klasse 2 & 4,1008,Buntstifte 12er Set dreikant (dick),1,5.49,5.49,1
B01996,Klasse 2 & 4,1007,Schreiblernbleistift Trio Grip (dick),1,1.99,1.99,1
B01996,Klasse 2 & 4,1002,Schreiblernheft A4 Lineatur 2 (16 Blatt),2,0.99,1.98,1
B01997,Klasse 6,1036,Bleistift HB Grip 2001 Faber-Castell,2,1.5,3.0,0
B01997,Klasse 6,1026,Vokabelheft A5 Lineatur 53 (32 Blatt),10,1.29,12.9,0
B01997,Klasse 6,1031,Füllfederhalter Lamy Safari M,1,19.9,19.9,0
B01997,Klasse 6,1032,Tintenpatronen blau T10 (5er Pack),3,1.8,5.4,0
B01997,Klasse 6,1018,Tuschkasten K12 (12 Farben),1,9.95,9.95,0
B01997,Klasse 6,1027,Collegeblock A4 kariert (80 Blatt),5,1.79,8.95,0
B01997,Klasse 6,1060,Prospekthüllen A4 transparent 100er Pack,1,3.99,3.99,0
B01998,Klasse 12,1054,Ringbucheinlagen A4 kariert 100 Blatt,5,2.29,11.45,0
B01998,Klasse 12,1051,Grafikrechner Casio FX-CG50,1,119.0,119.0,0
B01998,Klasse 12,1044,Fineliner 10er Set Stabilo Point 88,1,7.99,7.99,0
B01999,Klasse 6,1035,Buntstifte 24er Set dreikant,1,8.99,8.99,0
B01999,Klasse 6,1028,Collegeblock A4 liniert (80 Blatt),2,1.79,3.58,0
B01999,Klasse 6,1033,Tintenkiller Super Pirat (2er Pack),1,2.49,2.49,0
B01999,Klasse 6,1036,Bleistift HB Grip 2001 Faber-Castell,3,1.5,4.5,0
B02000,Klasse 10,1045,Ringbuch A4 schmal 25mm,5,2.99,14.95,0
B02000,Klasse 10,1034,Schulkompass Zirkel Staedtler,1,8.5,8.5,0
B02000,Klasse 10,1029,Geodreieck 16 cm transparent Aristo,1,1.2,1.2,0
B02000,Klasse 10,1030,Geodreieck 22 cm Griff transparent,1,2.1,2.1,0
B02000,Klasse 10,1060,Prospekthüllen A4 transparent 100er Pack,1,3.99,3.99,0
B02001,Klasse 11,1040,Schnellhefter A4 Kunststoff grün,2,0.5,1.0,0
B02001,Klasse 11,1053,Ringbucheinlagen A4 liniert 100 Blatt,3,2.29,6.87,0
B02001,Klasse 11,1061,Tintenroller Pilot Frixion Ball 0.7 schwarz,3,3.29,9.87,0
B02001,Klasse 11,1051,Grafikrechner Casio FX-CG50,1,119.0,119.0,0
B02002,Klasse 10,1053,Ringbucheinlagen A4 liniert 100 Blatt,2,2.29,4.58,0
B02002,Klasse 10,1026,Vokabelheft A5 Lineatur 53 (32 Blatt),3,1.29,3.87,0
B02002,Klasse 10,1043,Textmarker-Set 4 Farben Stabilo Boss,1,4.99,4.99,0
B02002,Klasse 10,1036,Bleistift HB Grip 2001 Faber-Castell,2,1.5,3.0,0
B02002,Klasse 10,1025,Schulheft A4 kariert Lineatur 22 (16 Blatt),1,0.99,0.99,0
B02003,Klasse 1,1008,Buntstifte 12er Set dreikant (dick),1,5.49,5.49,0
B02003,Klasse 1,1040,Schnellhefter A4 Kunststoff grün,2,0.5,1.0,0
B02003,Klasse 1,1018,Tuschkasten K12 (12 Farben),1,9.95,9.95,0
B02003,Klasse 1,1005,Rechenheft A4 Lineatur 7 (7x7mm Kästchen),2,0.99,1.98,0
B02003,Klasse 1,1020,Haarpinsel-Set (Größen 2/6/10),1,3.99,3.99,0
B02003,Klasse 1,1015,Radiergummi soft (für Bleistifte),1,0.8,0.8,0
B02003,Klasse 1,1001,Schreiblernheft A4 Lineatur 1 (16 Blatt),2,0.99,1.98,0
B02003,Klasse 1,1009,Wachsmalkreiden 12er Set (wasservermalbar),1,6.99,6.99,0
B02004,Klasse 6 & 10,1059,Karteikarten A7 liniert 100 Stück,1,1.49,1.49,1
B02004,Klasse 6 & 10,1053,Ringbucheinlagen A4 liniert 100 Blatt,2,2.29,4.58,1
B02004,Klasse 6 & 10,1051,Grafikrechner Casio FX-CG50,1,119.0,119.0,1
B02004,Klasse 6 & 10,1045,Ringbuch A4 schmal 25mm,3,2.99,8.97,1
B02004,Klasse 6 & 10,1042,Schnellhefter A4 Kunststoff orange,2,0.5,1.0,1
B02004,Klasse 6 & 10,1048,Hausaufgabenheft A5 Classic,1,1.99,1.99,1
B02004,Klasse 6 & 10,1037,Lineal 30cm Kunststoff transparent,1,1.1,1.1,1
B02004,Klasse 6 & 10,1024,Schulheft A4 liniert Lineatur 21 (16 Blatt),3,0.99,2.97,1
B02004,Klasse 6 & 10,1027,Collegeblock A4 kariert (80 Blatt),1,1.79,1.79,1
B02005,Klasse 10,1046,Ordner A4 breit 80mm schwarz,3,3.49,10.47,0
B02005,Klasse 10,1036,Bleistift HB Grip 2001 Faber-Castell,3,1.5,4.5,0
B02005,Klasse 10,1061,Tintenroller Pilot Frixion Ball 0.7 schwarz,1,3.29,3.29,0
B02005,Klasse 10,1056,Kugelschreiber Grip 2011 M schwarz,2,4.5,9.0,0
B02005,Klasse 10,1030,Geodreieck 22 cm Griff transparent,1,2.1,2.1,0
B02006,Klasse 3,1016,Sammelbox A4 Karton blau,1,2.49,2.49,0
B02006,Klasse 3,1046,Ordner A4 breit 80mm schwarz,3,3.49,10.47,0
B02006,Klasse 3,1038,Schnellhefter A4 Kunststoff blau,1,0.5,0.5,0
B02006,Klasse 3,1011,Bastelschere rund 13cm Rechtshänder,1,2.2,2.2,0
B02006,Klasse 3,1015,Radiergummi soft (für Bleistifte),1,0.8,0.8,0
B02006,Klasse 3,1022,Schreiblern-Füller Lamy ABC,1,14.5,14.5,0
B02006,Klasse 3,1003,Schreiblernheft A4 Lineatur 3 (16 Blatt),3,0.99,2.97,0
B02007,Klasse 9,1057,Textmarker-Set Pastell 6 Farben Stabilo Boss,1,6.99,6.99,0
B02007,Klasse 9,1056,Kugelschreiber Grip 2011 M schwarz,1,4.5,4.5,0
B02007,Klasse 9,1029,Geodreieck 16 cm transparent Aristo,1,1.2,1.2,0
B02007,Klasse 9,1018,Tuschkasten K12 (12 Farben),1,9.95,9.95,0
B02007,Klasse 9,1036,Bleistift HB Grip 2001 Faber-Castell,3,1.5,4.5,0
B02007,Klasse 9,1034,Schulkompass Zirkel Staedtler,1,8.5,8.5,0
B02007,Klasse 9,1048,Hausaufgabenheft A5 Classic,1,1.99,1.99,0
B02008,Klasse 1,1014,Doppelanspitzer Dose Trio Grip,1,2.99,2.99,0
B02008,Klasse 1,1013,Klebestift Uhu Renature 21g,1,1.89,1.89,0
B02008,Klasse 1,1001,Schreiblernheft A4 Lineatur 1 (16 Blatt),1,0.99,0.99,0
B02008,Klasse 1,1011,Bastelschere rund 13cm Rechtshänder,1,2.2,2.2,0
B02008,Klasse 1,1008,Buntstifte 12er Set dreikant (dick),1,5.49,5.49,0
B02008,Klasse 1,1039,Schnellhefter A4 Kunststoff rot,2,0.5,1.0,0
B02008,Klasse 1,1016,Sammelbox A4 Karton blau,2,2.49,4.98,0
B02008,Klasse 1,1042,Schnellhefter A4 Kunststoff orange,3,0.5,1.5,0
B02008,Klasse 1,1021,Knete-Unterlage Kunststoff A3,1,1.99,1.99,0
B02009,Klasse 8,1039,Schnellhefter A4 Kunststoff rot,3,0.5,1.5,0
B02009,Klasse 8,1015,Radiergummi soft (für Bleistifte),1,0.8,0.8,0
B02009,Klasse 8,1031,Füllfederhalter Lamy Safari M,1,19.9,19.9,0
B02010,Klasse 10,1040,Schnellhefter A4 Kunststoff grün,2,0.5,1.0,0
B02010,Klasse 10,1051,Grafikrechner Casio FX-CG50,1,119.0,119.0,0
B02010,Klasse 10,1041,Schnellhefter A4 Kunststoff gelb,3,0.5,1.5,0
B02010,Klasse 10,1046,Ordner A4 breit 80mm schwarz,3,3.49,10.47,0
B02011,Klasse 4,1015,Radiergummi soft (für Bleistifte),1,0.8,0.8,0
B02011,Klasse 4,1019,Borstenpinsel-Set (Größen 4/8/12),1,3.5,3.5,0
B02011,Klasse 4,1041,Schnellhefter A4 Kunststoff gelb,2,0.5,1.0,0
B02011,Klasse 4,1055,Kugelschreiber Grip 2011 M blau (dokumentenecht),1,4.5,4.5,0
B02011,Klasse 4,1040,Schnellhefter A4 Kunststoff grün,1,0.5,0.5,0
B02011,Klasse 4,1042,Schnellhefter A4 Kunststoff orange,3,0.5,1.5,0
B02012,Klasse 5,1035,Buntstifte 24er Set dreikant,1,8.99,8.99,0
B02012,Klasse 5,1041,Schnellhefter A4 Kunststoff gelb,1,0.5,0.5,0
B02012,Klasse 5,1027,Collegeblock A4 kariert (80 Blatt),3,1.79,5.37,0
B02013,Klasse 9,1020,Haarpinsel-Set (Größen 2/6/10),1,3.99,3.99,0
B02013,Klasse 9,1053,Ringbucheinlagen A4 liniert 100 Blatt,10,2.29,22.9,0
B02013,Klasse 9,1025,Schulheft A4 kariert Lineatur 22 (16 Blatt),3,0.99,2.97,0
B02014,Klasse 4,1039,Schnellhefter A4 Kunststoff rot,2,0.5,1.0,0
B02014,Klasse 4,1019,Borstenpinsel-Set (Größen 4/8/12),1,3.5,3.5,0
B02014,Klasse 4,1041,Schnellhefter A4 Kunststoff gelb,3,0.5,1.5,0
B02014,Klasse 4,1033,Tintenkiller Super Pirat (2er Pack),2,2.49,4.98,0
B02014,Klasse 4,1018,Tuschkasten K12 (12 Farben),1,9.95,9.95,0
B02014,Klasse 4,1038,Schnellhefter A4 Kunststoff blau,3,0.5,1.5,0
B02014,Klasse 4,1032,Tintenpatronen blau T10 (5er Pack),1,1.8,1.8,0
B02015,Klasse 7,1035,Buntstifte 24er Set dreikant,1,8.99,8.99,0
B02015,Klasse 7,1046,Ordner A4 breit 80mm schwarz,2,3.49,6.98,0
B02015,Klasse 7,1039,Schnellhefter A4 Kunststoff rot,1,0.5,0.5,0
B02015,Klasse 7,1037,Lineal 30cm Kunststoff transparent,1,1.1,1.1,0
B02015,Klasse 7,1048,Hausaufgabenheft A5 Classic,1,1.99,1.99,0
B02015,Klasse 7,1020,Haarpinsel-Set (Größen 2/6/10),1,3.99,3.99,0
B02015,Klasse 7,1027,Collegeblock A4 kariert (80 Blatt),10,1.79,17.9,0
B02016,Klasse 5 & 7,1017,Zeichenblock A3 (20 Blatt),1,2.49,2.49,1
B02016,Klasse 5 & 7,1036,Bleistift HB Grip 2001 Faber-Castell,3,1.5,4.5,1
B02016,Klasse 5 & 7,1028,Collegeblock A4 liniert (80 Blatt),3,1.79,5.37,1
B02016,Klasse 5 & 7,1029,Geodreieck 16 cm transparent Aristo,1,1.2,1.2,1
B02016,Klasse 5 & 7,1032,Tintenpatronen blau T10 (5er Pack),1,1.8,1.8,1
B02016,Klasse 5 & 7,1035,Buntstifte 24er Set dreikant,1,8.99,8.99,1
B02016,Klasse 5 & 7,1033,Tintenkiller Super Pirat (2er Pack),1,2.49,2.49,1
B02016,Klasse 5 & 7,1027,Collegeblock A4 kariert (80 Blatt),3,1.79,5.37,1
B02016,Klasse 5 & 7,1018,Tuschkasten K12 (12 Farben),1,9.95,9.95,1
B02017,Klasse 4,1033,Tintenkiller Super Pirat (2er Pack),2,2.49,4.98,0
B02017,Klasse 4,1013,Klebestift Uhu Renature 21g,1,1.89,1.89,0
B02017,Klasse 4,1004,Schulheft A4 Lineatur 4 (16 Blatt),1,0.99,0.99,0
B02017,Klasse 4,1031,Füllfederhalter Lamy Safari M,1,19.9,19.9,0
B02018,Klasse 6,1028,Collegeblock A4 liniert (80 Blatt),3,1.79,5.37,0
B02018,Klasse 6,1017,Zeichenblock A3 (20 Blatt),1,2.49,2.49,0
B02018,Klasse 6,1027,Collegeblock A4 kariert (80 Blatt),3,1.79,5.37,0
B02018,Klasse 6,1033,Tintenkiller Super Pirat (2er Pack),1,2.49,2.49,0
B02018,Klasse 6,1024,Schulheft A4 liniert Lineatur 21 (16 Blatt),3,0.99,2.97,0
B02018,Klasse 6,1061,Tintenroller Pilot Frixion Ball 0.7 schwarz,2,3.29,6.58,0
B02018,Klasse 6,1060,Prospekthüllen A4 transparent 100er Pack,1,3.99,3.99,0
B02019,Klasse 5,1048,Hausaufgabenheft A5 Classic,1,1.99,1.99,0
B02019,Klasse 5,1029,Geodreieck 16 cm transparent Aristo,1,1.2,1.2,0
B02019,Klasse 5,1027,Collegeblock A4 kariert (80 Blatt),5,1.79,8.95,0
B02019,Klasse 5,1025,Schulheft A4 kariert Lineatur 22 (16 Blatt),2,0.99,1.98,0
B02019,Klasse 5,1053,Ringbucheinlagen A4 liniert 100 Blatt,2,2.29,4.58,0
B02020,Klasse 8 & 11,1033,Tintenkiller Super Pirat (2er Pack),2,2.49,4.98,1
B02020,Klasse 8 & 11,1028,Collegeblock A4 liniert (80 Blatt),1,1.79,1.79,1
B02020,Klasse 8 & 11,1037,Lineal 30cm Kunststoff transparent,1,1.1,1.1,1
B02020,Klasse 8 & 11,1017,Zeichenblock A3 (20 Blatt),1,2.49,2.49,1
B02020,Klasse 8 & 11,1018,Tuschkasten K12 (12 Farben),1,9.95,9.95,1
B02020,Klasse 8 & 11,1034,Schulkompass Zirkel Staedtler,1,8.5,8.5,1
B02020,Klasse 8 & 11,1029,Geodreieck 16 cm transparent Aristo,1,1.2,1.2,1
B02020,Klasse 8 & 11,1040,Schnellhefter A4 Kunststoff grün,3,0.5,1.5,1
B02021,Klasse 5,1043,Textmarker-Set 4 Farben Stabilo Boss,1,4.99,4.99,0
B02021,Klasse 5,1039,Schnellhefter A4 Kunststoff rot,2,0.5,1.0,0
B02021,Klasse 5,1035,Buntstifte 24er Set dreikant,1,8.99,8.99,0
B02021,Klasse 5,1048,Hausaufgabenheft A5 Classic,1,1.99,1.99,0
B02021,Klasse 5,1044,Fineliner 10er Set Stabilo Point 88,1,7.99,7.99,0
B02022,Klasse 8,1026,Vokabelheft A5 Lineatur 53 (32 Blatt),10,1.29,12.9,0
B02022,Klasse 8,1028,Collegeblock A4 liniert (80 Blatt),3,1.79,5.37,0
B02022,Klasse 8,1019,Borstenpinsel-Set (Größen 4/8/12),1,3.5,3.5,0
B02022,Klasse 8,1034,Schulkompass Zirkel Staedtler,1,8.5,8.5,0
B02022,Klasse 8,1045,Ringbuch A4 schmal 25mm,2,2.99,5.98,0
B02022,Klasse 8,1036,Bleistift HB Grip 2001 Faber-Castell,2,1.5,3.0,0
B02022,Klasse 8,1043,Textmarker-Set 4 Farben Stabilo Boss,1,4.99,4.99,0
B02023,Klasse 1,1009,Wachsmalkreiden 12er Set (wasservermalbar),1,6.99,6.99,0
B02023,Klasse 1,1039,Schnellhefter A4 Kunststoff rot,2,0.5,1.0,0
B02023,Klasse 1,1020,Haarpinsel-Set (Größen 2/6/10),1,3.99,3.99,0
B02023,Klasse 1,1041,Schnellhefter A4 Kunststoff gelb,3,0.5,1.5,0
B02024,Klasse 1 & 7,1044,Fineliner 10er Set Stabilo Point 88,1,7.99,7.99,1
B02024,Klasse 1 & 7,1061,Tintenroller Pilot Frixion Ball 0.7 schwarz,1,3.29,3.29,1
B02024,Klasse 1 & 7,1045,Ringbuch A4 schmal 25mm,1,2.99,2.99,1
B02024,Klasse 1 & 7,1029,Geodreieck 16 cm transparent Aristo,1,1.2,1.2,1
B02024,Klasse 1 & 7,1015,Radiergummi soft (für Bleistifte),1,0.8,0.8,1
B02024,Klasse 1 & 7,1024,Schulheft A4 liniert Lineatur 21 (16 Blatt),2,0.99,1.98,1
B02024,Klasse 1 & 7,1039,Schnellhefter A4 Kunststoff rot,2,0.5,1.0,1
B02024,Klasse 1 & 7,1040,Schnellhefter A4 Kunststoff grün,1,0.5,0.5,1
B02024,Klasse 1 & 7,1016,Sammelbox A4 Karton blau,1,2.49,2.49,1
B02024,Klasse 1 & 7,1010,Knetmasse 10 Farben,1,3.49,3.49,1
B02024,Klasse 1 & 7,1001,Schreiblernheft A4 Lineatur 1 (16 Blatt),3,0.99,2.97,1
B02024,Klasse 1 & 7,1014,Doppelanspitzer Dose Trio Grip,1,2.99,2.99,1
B02024,Klasse 1 & 7,1019,Borstenpinsel-Set (Größen 4/8/12),1,3.5,3.5,1
B02024,Klasse 1 & 7,1038,Schnellhefter A4 Kunststoff blau,1,0.5,0.5,1
B02024,Klasse 1 & 7,1021,Knete-Unterlage Kunststoff A3,1,1.99,1.99,1
B02025,Klasse 5,1039,Schnellhefter A4 Kunststoff rot,2,0.5,1.0,0
B02025,Klasse 5,1015,Radiergummi soft (für Bleistifte),1,0.8,0.8,0
B02025,Klasse 5,1026,Vokabelheft A5 Lineatur 53 (32 Blatt),5,1.29,6.45,0
B02025,Klasse 5,1042,Schnellhefter A4 Kunststoff orange,3,0.5,1.5,0
B02025,Klasse 5,1029,Geodreieck 16 cm transparent Aristo,1,1.2,1.2,0
B02025,Klasse 5,1033,Tintenkiller Super Pirat (2er Pack),3,2.49,7.47,0
B02026,Klasse 7,1059,Karteikarten A7 liniert 100 Stück,1,1.49,1.49,0
B02026,Klasse 7,1035,Buntstifte 24er Set dreikant,1,8.99,8.99,0
B02026,Klasse 7,1028,Collegeblock A4 liniert (80 Blatt),3,1.79,5.37,0
B02026,Klasse 7,1046,Ordner A4 breit 80mm schwarz,2,3.49,6.98,0
B02027,Klasse 5,1040,Schnellhefter A4 Kunststoff grün,2,0.5,1.0,0
B02027,Klasse 5,1033,Tintenkiller Super Pirat (2er Pack),3,2.49,7.47,0
B02027,Klasse 5,1041,Schnellhefter A4 Kunststoff gelb,2,0.5,1.0,0
B02027,Klasse 5,1037,Lineal 30cm Kunststoff transparent,1,1.1,1.1,0
B02028,Klasse 10,1046,Ordner A4 breit 80mm schwarz,2,3.49,6.98,0
B02028,Klasse 10,1015,Radiergummi soft (für Bleistifte),1,0.8,0.8,0
B02028,Klasse 10,1059,Karteikarten A7 liniert 100 Stück,1,1.49,1.49,0
B02028,Klasse 10,1054,Ringbucheinlagen A4 kariert 100 Blatt,2,2.29,4.58,0
B02029,Klasse 8,1046,Ordner A4 breit 80mm schwarz,5,3.49,17.45,0
B02029,Klasse 8,1027,Collegeblock A4 kariert (80 Blatt),10,1.79,17.9,0
B02029,Klasse 8,1060,Prospekthüllen A4 transparent 100er Pack,1,3.99,3.99,0
B02029,Klasse 8,1059,Karteikarten A7 liniert 100 Stück,1,1.49,1.49,0
B02029,Klasse 8,1037,Lineal 30cm Kunststoff transparent,1,1.1,1.1,0
B02029,Klasse 8,1030,Geodreieck 22 cm Griff transparent,1,2.1,2.1,0
B02030,Klasse 9,1060,Prospekthüllen A4 transparent 100er Pack,1,3.99,3.99,0
B02030,Klasse 9,1020,Haarpinsel-Set (Größen 2/6/10),1,3.99,3.99,0
B02030,Klasse 9,1061,Tintenroller Pilot Frixion Ball 0.7 schwarz,1,3.29,3.29,0
B02031,Klasse 7,1017,Zeichenblock A3 (20 Blatt),1,2.49,2.49,0
B02031,Klasse 7,1035,Buntstifte 24er Set dreikant,1,8.99,8.99,0
B02031,Klasse 7,1040,Schnellhefter A4 Kunststoff grün,2,0.5,1.0,0
B02031,Klasse 7,1038,Schnellhefter A4 Kunststoff blau,3,0.5,1.5,0
B02031,Klasse 7,1037,Lineal 30cm Kunststoff transparent,1,1.1,1.1,0
B02031,Klasse 7,1039,Schnellhefter A4 Kunststoff rot,2,0.5,1.0,0
B02031,Klasse 7,1027,Collegeblock A4 kariert (80 Blatt),5,1.79,8.95,0
B02032,Klasse 5,1012,Bastelschere rund 13cm Linkshänder,1,2.2,2.2,0
B02032,Klasse 5,1036,Bleistift HB Grip 2001 Faber-Castell,2,1.5,3.0,0
B02032,Klasse 5,1004,Schulheft A4 Lineatur 4 (16 Blatt),10,0.99,9.9,0
B02033,Klasse 8 & 10,1029,Geodreieck 16 cm transparent Aristo,1,1.2,1.2,1
B02033,Klasse 8 & 10,1059,Karteikarten A7 liniert 100 Stück,1,1.49,1.49,1
B02033,Klasse 8 & 10,1054,Ringbucheinlagen A4 kariert 100 Blatt,2,2.29,4.58,1
B02033,Klasse 8 & 10,1053,Ringbucheinlagen A4 liniert 100 Blatt,5,2.29,11.45,1
B02033,Klasse 8 & 10,1046,Ordner A4 breit 80mm schwarz,3,3.49,10.47,1
B02033,Klasse 8 & 10,1033,Tintenkiller Super Pirat (2er Pack),3,2.49,7.47,1
B02033,Klasse 8 & 10,1026,Vokabelheft A5 Lineatur 53 (32 Blatt),3,1.29,3.87,1
B02033,Klasse 8 & 10,1024,Schulheft A4 liniert Lineatur 21 (16 Blatt),5,0.99,4.95,1
B02033,Klasse 8 & 10,1039,Schnellhefter A4 Kunststoff rot,2,0.5,1.0,1
B02033,Klasse 8 & 10,1028,Collegeblock A4 liniert (80 Blatt),2,1.79,3.58,1
B02033,Klasse 8 & 10,1057,Textmarker-Set Pastell 6 Farben Stabilo Boss,1,6.99,6.99,1
B02034,Klasse 10,1036,Bleistift HB Grip 2001 Faber-Castell,5,1.5,7.5,0
B02034,Klasse 10,1050,Oxford Collegeblock A4 liniert (90g Papier),5,2.79,13.95,0
B02035,Klasse 4,1028,Collegeblock A4 liniert (80 Blatt),2,1.79,3.58,0
B02035,Klasse 4,1013,Klebestift Uhu Renature 21g,1,1.89,1.89,0
B02035,Klasse 4,1044,Fineliner 10er Set Stabilo Point 88,1,7.99,7.99,0
B02035,Klasse 4,1016,Sammelbox A4 Karton blau,3,2.49,7.47,0
B02035,Klasse 4,1042,Schnellhefter A4 Kunststoff orange,2,0.5,1.0,0
B02036,Klasse 7,1019,Borstenpinsel-Set (Größen 4/8/12),1,3.5,3.5,0
B02036,Klasse 7,1044,Fineliner 10er Set Stabilo Point 88,1,7.99,7.99,0
B02036,Klasse 7,1043,Textmarker-Set 4 Farben Stabilo Boss,1,4.99,4.99,0
B02036,Klasse 7,1041,Schnellhefter A4 Kunststoff gelb,2,0.5,1.0,0
B02036,Klasse 7,1017,Zeichenblock A3 (20 Blatt),1,2.49,2.49,0
B02036,Klasse 7,1031,Füllfederhalter Lamy Safari M,1,19.9,19.9,0
B02036,Klasse 7,1026,Vokabelheft A5 Lineatur 53 (32 Blatt),1,1.29,1.29,0
B02037,Klasse 1,1014,Doppelanspitzer Dose Trio Grip,1,2.99,2.99,0
B02037,Klasse 1,1007,Schreiblernbleistift Trio Grip (dick),2,1.99,3.98,0
B02037,Klasse 1,1039,Schnellhefter A4 Kunststoff rot,2,0.5,1.0,0
B02037,Klasse 1,1041,Schnellhefter A4 Kunststoff gelb,3,0.5,1.5,0
B02037,Klasse 1,1040,Schnellhefter A4 Kunststoff grün,3,0.5,1.5,0
B02037,Klasse 1,1010,Knetmasse 10 Farben,1,3.49,3.49,0
B02038,Klasse 3,1013,Klebestift Uhu Renature 21g,1,1.89,1.89,0
B02038,Klasse 3,1008,Buntstifte 12er Set dreikant (dick),1,5.49,5.49,0
B02038,Klasse 3,1023,Hausaufgabenheft Grundschule A5,1,1.99,1.99,0
B02038,Klasse 3,1014,Doppelanspitzer Dose Trio Grip,1,2.99,2.99,0
B02038,Klasse 3,1031,Füllfederhalter Lamy Safari M,1,19.9,19.9,0
B02038,Klasse 3,1011,Bastelschere rund 13cm Rechtshänder,1,2.2,2.2,0
B02038,Klasse 3,1020,Haarpinsel-Set (Größen 2/6/10),1,3.99,3.99,0
B02039,Klasse 7,1059,Karteikarten A7 liniert 100 Stück,1,1.49,1.49,0
B02039,Klasse 7,1030,Geodreieck 22 cm Griff transparent,1,2.1,2.1,0
B02039,Klasse 7,1061,Tintenroller Pilot Frixion Ball 0.7 schwarz,2,3.29,6.58,0
B02039,Klasse 7,1036,Bleistift HB Grip 2001 Faber-Castell,3,1.5,4.5,0
B02039,Klasse 7,1035,Buntstifte 24er Set dreikant,1,8.99,8.99,0
B02039,Klasse 7,1032,Tintenpatronen blau T10 (5er Pack),1,1.8,1.8,0
B02040,Klasse 5,1042,Schnellhefter A4 Kunststoff orange,3,0.5,1.5,0
B02040,Klasse 5,1044,Fineliner 10er Set Stabilo Point 88,1,7.99,7.99,0
B02040,Klasse 5,1038,Schnellhefter A4 Kunststoff blau,3,0.5,1.5,0
B02040,Klasse 5,1020,Haarpinsel-Set (Größen 2/6/10),1,3.99,3.99,0
B02040,Klasse 5,1033,Tintenkiller Super Pirat (2er Pack),2,2.49,4.98,0
B02040,Klasse 5,1017,Zeichenblock A3 (20 Blatt),1,2.49,2.49,0
B02040,Klasse 5,1040,Schnellhefter A4 Kunststoff grün,2,0.5,1.0,0
B02041,Klasse 9 & 11,1050,Oxford Collegeblock A4 liniert (90g Papier),3,2.79,8.37,1
B02041,Klasse 9 & 11,1061,Tintenroller Pilot Frixion Ball 0.7 schwarz,3,3.29,9.87,1
B02041,Klasse 9 & 11,1032,Tintenpatronen blau T10 (5er Pack),1,1.8,1.8,1
B02041,Klasse 9 & 11,1059,Karteikarten A7 liniert 100 Stück,1,1.49,1.49,1
B02041,Klasse 9 & 11,1029,Geodreieck 16 cm transparent Aristo,1,1.2,1.2,1
B02041,Klasse 9 & 11,1055,Kugelschreiber Grip 2011 M blau (dokumentenecht),1,4.5,4.5,1
B02041,Klasse 9 & 11,1036,Bleistift HB Grip 2001 Faber-Castell,3,1.5,4.5,1
B02041,Klasse 9 & 11,1045,Ringbuch A4 schmal 25mm,5,2.99,14.95,1
B02042,Klasse 12,1046,Ordner A4 breit 80mm schwarz,3,3.49,10.47,0
B02042,Klasse 12,1045,Ringbuch A4 schmal 25mm,2,2.99,5.98,0
B02042,Klasse 12,1050,Oxford Collegeblock A4 liniert (90g Papier),5,2.79,13.95,0
B02043,Klasse 10,1057,Textmarker-Set Pastell 6 Farben Stabilo Boss,1,6.99,6.99,0
B02043,Klasse 10,1040,Schnellhefter A4 Kunststoff grün,2,0.5,1.0,0
B02043,Klasse 10,1037,Lineal 30cm Kunststoff transparent,1,1.1,1.1,0
B02043,Klasse 10,1034,Schulkompass Zirkel Staedtler,1,8.5,8.5,0
B02043,Klasse 10,1038,Schnellhefter A4 Kunststoff blau,1,0.5,0.5,0
B02044,Klasse 2,1014,Doppelanspitzer Dose Trio Grip,1,2.99,2.99,0
B02044,Klasse 2,1021,Knete-Unterlage Kunststoff A3,1,1.99,1.99,0
B02044,Klasse 2,1009,Wachsmalkreiden 12er Set (wasservermalbar),1,6.99,6.99,0
B02044,Klasse 2,1023,Hausaufgabenheft Grundschule A5,1,1.99,1.99,0
B02044,Klasse 2,1040,Schnellhefter A4 Kunststoff grün,1,0.5,0.5,0
B02044,Klasse 2,1022,Schreiblern-Füller Lamy ABC,1,14.5,14.5,0
B02045,Klasse 12,1060,Prospekthüllen A4 transparent 100er Pack,1,3.99,3.99,0
B02045,Klasse 12,1050,Oxford Collegeblock A4 liniert (90g Papier),2,2.79,5.58,0
B02045,Klasse 12,1030,Geodreieck 22 cm Griff transparent,1,2.1,2.1,0
B02045,Klasse 12,1045,Ringbuch A4 schmal 25mm,3,2.99,8.97,0
B02046,Klasse 4,1036,Bleistift HB Grip 2001 Faber-Castell,2,1.5,3.0,0
B02046,Klasse 4,1008,Buntstifte 12er Set dreikant (dick),1,5.49,5.49,0
B02046,Klasse 4,1042,Schnellhefter A4 Kunststoff orange,1,0.5,0.5,0
B02046,Klasse 4,1018,Tuschkasten K12 (12 Farben),1,9.95,9.95,0
B02046,Klasse 4,1006,Rechenheft A4 Lineatur 8 (5x5mm Kästchen),1,0.99,0.99,0
B02046,Klasse 4,1048,Hausaufgabenheft A5 Classic,1,1.99,1.99,0
B02046,Klasse 4,1013,Klebestift Uhu Renature 21g,1,1.89,1.89,0
B02046,Klasse 4,1027,Collegeblock A4 kariert (80 Blatt),5,1.79,8.95,0
B02046,Klasse 4,1016,Sammelbox A4 Karton blau,2,2.49,4.98,0
B02047,Klasse 4 & 7,1033,Tintenkiller Super Pirat (2er Pack),1,2.49,2.49,1
B02047,Klasse 4 & 7,1014,Doppelanspitzer Dose Trio Grip,1,2.99,2.99,1
B02047,Klasse 4 & 7,1041,Schnellhefter A4 Kunststoff gelb,2,0.5,1.0,1
B02047,Klasse 4 & 7,1003,Schreiblernheft A4 Lineatur 3 (16 Blatt),10,0.99,9.9,1
B02047,Klasse 4 & 7,1043,Textmarker-Set 4 Farben Stabilo Boss,1,4.99,4.99,1
B02047,Klasse 4 & 7,1026,Vokabelheft A5 Lineatur 53 (32 Blatt),3,1.29,3.87,1
B02047,Klasse 4 & 7,1028,Collegeblock A4 liniert (80 Blatt),1,1.79,1.79,1
B02047,Klasse 4 & 7,1029,Geodreieck 16 cm transparent Aristo,1,1.2,1.2,1
B02047,Klasse 4 & 7,1025,Schulheft A4 kariert Lineatur 22 (16 Blatt),5,0.99,4.95,1
B02047,Klasse 4 & 7,1030,Geodreieck 22 cm Griff transparent,1,2.1,2.1,1
B02047,Klasse 4 & 7,1018,Tuschkasten K12 (12 Farben),1,9.95,9.95,1
B02048,Klasse 1 & 5,1042,Schnellhefter A4 Kunststoff orange,3,0.5,1.5,1
B02048,Klasse 1 & 5,1028,Collegeblock A4 liniert (80 Blatt),2,1.79,3.58,1
B02048,Klasse 1 & 5,1034,Schulkompass Zirkel Staedtler,1,8.5,8.5,1
B02048,Klasse 1 & 5,1018,Tuschkasten K12 (12 Farben),1,9.95,9.95,1
B02048,Klasse 1 & 5,1039,Schnellhefter A4 Kunststoff rot,5,0.5,2.5,1
B02048,Klasse 1 & 5,1023,Hausaufgabenheft Grundschule A5,1,1.99,1.99,1
B02048,Klasse 1 & 5,1040,Schnellhefter A4 Kunststoff grün,3,0.5,1.5,1
B02048,Klasse 1 & 5,1007,Schreiblernbleistift Trio Grip (dick),3,1.99,5.97,1
B02048,Klasse 1 & 5,1010,Knetmasse 10 Farben,1,3.49,3.49,1
B02048,Klasse 1 & 5,1001,Schreiblernheft A4 Lineatur 1 (16 Blatt),2,0.99,1.98,1
B02048,Klasse 1 & 5,1038,Schnellhefter A4 Kunststoff blau,5,0.5,2.5,1
B02048,Klasse 1 & 5,1009,Wachsmalkreiden 12er Set (wasservermalbar),1,6.99,6.99,1
B02049,Klasse 12,1050,Oxford Collegeblock A4 liniert (90g Papier),1,2.79,2.79,0
B02049,Klasse 12,1055,Kugelschreiber Grip 2011 M blau (dokumentenecht),1,4.5,4.5,0
B02049,Klasse 12,1036,Bleistift HB Grip 2001 Faber-Castell,2,1.5,3.0,0
B02050,Klasse 5,1035,Buntstifte 24er Set dreikant,1,8.99,8.99,0
B02050,Klasse 5,1020,Haarpinsel-Set (Größen 2/6/10),1,3.99,3.99,0
B02050,Klasse 5,1044,Fineliner 10er Set Stabilo Point 88,1,7.99,7.99,0
B02050,Klasse 5,1026,Vokabelheft A5 Lineatur 53 (32 Blatt),3,1.29,3.87,0
B02050,Klasse 5,1029,Geodreieck 16 cm transparent Aristo,1,1.2,1.2,0
B02050,Klasse 5,1019,Borstenpinsel-Set (Größen 4/8/12),1,3.5,3.5,0
B02051,Klasse 1,1018,Tuschkasten K12 (12 Farben),1,9.95,9.95,0
B02051,Klasse 1,1011,Bastelschere rund 13cm Rechtshänder,1,2.2,2.2,0
B02051,Klasse 1,1007,Schreiblernbleistift Trio Grip (dick),2,1.99,3.98,0
B02051,Klasse 1,1005,Rechenheft A4 Lineatur 7 (7x7mm Kästchen),5,0.99,4.95,0
B02051,Klasse 1,1019,Borstenpinsel-Set (Größen 4/8/12),1,3.5,3.5,0
B02051,Klasse 1,1013,Klebestift Uhu Renature 21g,1,1.89,1.89,0
B02052,Klasse 6,1039,Schnellhefter A4 Kunststoff rot,2,0.5,1.0,0
B02052,Klasse 6,1040,Schnellhefter A4 Kunststoff grün,2,0.5,1.0,0
B02052,Klasse 6,1033,Tintenkiller Super Pirat (2er Pack),1,2.49,2.49,0
B02052,Klasse 6,1060,Prospekthüllen A4 transparent 100er Pack,1,3.99,3.99,0
B02053,Klasse 8,1058,Haftnotizen Post-it 76x76mm gelb,1,1.99,1.99,0
B02053,Klasse 8,1019,Borstenpinsel-Set (Größen 4/8/12),1,3.5,3.5,0
B02053,Klasse 8,1028,Collegeblock A4 liniert (80 Blatt),2,1.79,3.58,0
B02053,Klasse 8,1031,Füllfederhalter Lamy Safari M,1,19.9,19.9,0
B02053,Klasse 8,1038,Schnellhefter A4 Kunststoff blau,2,0.5,1.0,0
B02053,Klasse 8,1047,Wissenschaftlicher Taschenrechner Casio fx-87DE X,1,24.99,24.99,0
B02054,Klasse 4,1033,Tintenkiller Super Pirat (2er Pack),2,2.49,4.98,0
B02054,Klasse 4,1040,Schnellhefter A4 Kunststoff grün,3,0.5,1.5,0
B02054,Klasse 4,1015,Radiergummi soft (für Bleistifte),1,0.8,0.8,0
B02054,Klasse 4,1041,Schnellhefter A4 Kunststoff gelb,2,0.5,1.0,0
B02054,Klasse 4,1042,Schnellhefter A4 Kunststoff orange,3,0.5,1.5,0
B02054,Klasse 4,1011,Bastelschere rund 13cm Rechtshänder,1,2.2,2.2,0
B02054,Klasse 4,1018,Tuschkasten K12 (12 Farben),1,9.95,9.95,0
B02055,Klasse 2,1009,Wachsmalkreiden 12er Set (wasservermalbar),1,6.99,6.99,0
B02055,Klasse 2,1041,Schnellhefter A4 Kunststoff gelb,5,0.5,2.5,0
B02055,Klasse 2,1039,Schnellhefter A4 Kunststoff rot,5,0.5,2.5,0
B02055,Klasse 2,1007,Schreiblernbleistift Trio Grip (dick),1,1.99,1.99,0
B02055,Klasse 2,1017,Zeichenblock A3 (20 Blatt),1,2.49,2.49,0
B02055,Klasse 2,1018,Tuschkasten K12 (12 Farben),1,9.95,9.95,0
B02055,Klasse 2,1011,Bastelschere rund 13cm Rechtshänder,1,2.2,2.2,0
B02055,Klasse 2,1038,Schnellhefter A4 Kunststoff blau,1,0.5,0.5,0
B02056,Klasse 12,1037,Lineal 30cm Kunststoff transparent,1,1.1,1.1,0
B02056,Klasse 12,1015,Radiergummi soft (für Bleistifte),1,0.8,0.8,0
B02057,Klasse 9,1041,Schnellhefter A4 Kunststoff gelb,1,0.5,0.5,0
B02057,Klasse 9,1031,Füllfederhalter Lamy Safari M,1,19.9,19.9,0
B02057,Klasse 9,1059,Karteikarten A7 liniert 100 Stück,1,1.49,1.49,0
B02057,Klasse 9,1047,Wissenschaftlicher Taschenrechner Casio fx-87DE X,1,24.99,24.99,0
B02057,Klasse 9,1019,Borstenpinsel-Set (Größen 4/8/12),1,3.5,3.5,0
B02058,Klasse 11,1060,Prospekthüllen A4 transparent 100er Pack,1,3.99,3.99,0
B02058,Klasse 11,1046,Ordner A4 breit 80mm schwarz,2,3.49,6.98,0
B02058,Klasse 11,1056,Kugelschreiber Grip 2011 M schwarz,1,4.5,4.5,0
B02059,Klasse 3 & 5,1036,Bleistift HB Grip 2001 Faber-Castell,2,1.5,3.0,1
B02059,Klasse 3 & 5,1060,Prospekthüllen A4 transparent 100er Pack,1,3.99,3.99,1
B02059,Klasse 3 & 5,1032,Tintenpatronen blau T10 (5er Pack),2,1.8,3.6,1
B02059,Klasse 3 & 5,1046,Ordner A4 breit 80mm schwarz,3,3.49,10.47,1
B02059,Klasse 3 & 5,1045,Ringbuch A4 schmal 25mm,1,2.99,2.99,1
B02059,Klasse 3 & 5,1018,Tuschkasten K12 (12 Farben),1,9.95,9.95,1
B02059,Klasse 3 & 5,1016,Sammelbox A4 Karton blau,2,2.49,4.98,1
B02059,Klasse 3 & 5,1040,Schnellhefter A4 Kunststoff grün,2,0.5,1.0,1
B02059,Klasse 3 & 5,1017,Zeichenblock A3 (20 Blatt),1,2.49,2.49,1
B02059,Klasse 3 & 5,1003,Schreiblernheft A4 Lineatur 3 (16 Blatt),5,0.99,4.95,1
B02060,Klasse 5,1031,Füllfederhalter Lamy Safari M,1,19.9,19.9,0
B02060,Klasse 5,1060,Prospekthüllen A4 transparent 100er Pack,1,3.99,3.99,0
B02060,Klasse 5,1042,Schnellhefter A4 Kunststoff orange,1,0.5,0.5,0
B02061,Klasse 9,1042,Schnellhefter A4 Kunststoff orange,2,0.5,1.0,0
B02061,Klasse 9,1026,Vokabelheft A5 Lineatur 53 (32 Blatt),10,1.29,12.9,0
B02061,Klasse 9,1044,Fineliner 10er Set Stabilo Point 88,1,7.99,7.99,0
B02061,Klasse 9,1020,Haarpinsel-Set (Größen 2/6/10),1,3.99,3.99,0
B02062,Klasse 1,1040,Schnellhefter A4 Kunststoff grün,5,0.5,2.5,0
B02062,Klasse 1,1031,Füllfederhalter Lamy Safari M,1,19.9,19.9,0
B02062,Klasse 1,1039,Schnellhefter A4 Kunststoff rot,1,0.5,0.5,0
B02062,Klasse 1,1005,Rechenheft A4 Lineatur 7 (7x7mm Kästchen),2,0.99,1.98,0
B02062,Klasse 1,1008,Buntstifte 12er Set dreikant (dick),1,5.49,5.49,0
B02062,Klasse 1,1010,Knetmasse 10 Farben,1,3.49,3.49,0
B02062,Klasse 1,1007,Schreiblernbleistift Trio Grip (dick),1,1.99,1.99,0
B02063,Klasse 6,1033,Tintenkiller Super Pirat (2er Pack),1,2.49,2.49,0
B02063,Klasse 6,1018,Tuschkasten K12 (12 Farben),1,9.95,9.95,0
B02063,Klasse 6,1031,Füllfederhalter Lamy Safari M,1,19.9,19.9,0
B02063,Klasse 6,1045,Ringbuch A4 schmal 25mm,2,2.99,5.98,0
B02063,Klasse 6,1060,Prospekthüllen A4 transparent 100er Pack,1,3.99,3.99,0
B02063,Klasse 6,1040,Schnellhefter A4 Kunststoff grün,5,0.5,2.5,0
B02063,Klasse 6,1046,Ordner A4 breit 80mm schwarz,2,3.49,6.98,0
B02064,Klasse 5,1012,Bastelschere rund 13cm Linkshänder,1,2.2,2.2,0
B02064,Klasse 5,1027,Collegeblock A4 kariert (80 Blatt),3,1.79,5.37,0
B02064,Klasse 5,1015,Radiergummi soft (für Bleistifte),1,0.8,0.8,0
B02064,Klasse 5,1020,Haarpinsel-Set (Größen 2/6/10),1,3.99,3.99,0
B02064,Klasse 5,1028,Collegeblock A4 liniert (80 Blatt),1,1.79,1.79,0
B02064,Klasse 5,1032,Tintenpatronen blau T10 (5er Pack),5,1.8,9.0,0
B02065,Klasse 12,1046,Ordner A4 breit 80mm schwarz,1,3.49,3.49,0
B02065,Klasse 12,1049,Oxford Collegeblock A4 kariert (90g Papier),3,2.79,8.37,0
B02065,Klasse 12,1037,Lineal 30cm Kunststoff transparent,1,1.1,1.1,0
B02066,Klasse 11,1061,Tintenroller Pilot Frixion Ball 0.7 schwarz,5,3.29,16.45,0
B02066,Klasse 11,1037,Lineal 30cm Kunststoff transparent,1,1.1,1.1,0
B02066,Klasse 11,1053,Ringbucheinlagen A4 liniert 100 Blatt,3,2.29,6.87,0
